Track_ID,Track_Name,Duration_Min,Artists,Release_Date,Year,Query
28sawWzfucjbahooUtyrZx,Love Me,4.55,JMSN,2023-07-19,2023,love
2kYevr8cbIAH2ha8210Bnz,Love You Anyway,3.82,Luke Combs,2023-03-24,2023,love
4xhsWYTOGcal8zt0J161CU,Lovin On Me,2.31,Jack Harlow,2023-11-10,2023,love
0eaVIYo2zeOaGJeqZ5TwYz,No Pole,3.13,Don Toliver,2023-02-28,2023,love
26QLJMK8G0M06sk7h7Fkse,love is embarrassing,2.58,Olivia Rodrigo,2023-09-08,2023,love
5mtTAScDytxMMqZj14NmlN,love.,5.13,wave to earth,2023-04-20,2023,love
7tlbZCr7a3BLXCSlwvWMCA,The Love I Lost,1.87,Fried By Fluoride,2023-04-28,2023,love
39fD0qvjgk8RarJnoBiDTx,Lovesick,3.76,Laufey,2023-09-08,2023,love
6gH4TId535zZLoBFSdnDFm,Love Me,4.55,JMSN,2023-10-08,2023,love
3vkCueOmm7xQDoJ17W1Pm3,My Love Mine All Mine,2.3,Mitski,2023-09-15,2023,love
3FNiFHLleiaWNq8TLxFws0,Love Song,2.04,hornja,2023-09-08,2023,love
3fGDYm9IW5OhqmJ7juHDM4,Love Song,3.52,Simon Sage,2023-02-03,2023,love
5iYQ3bdL5XsPPpu8iZskQJ,ラブソング,2.75,"Tatsuya Kitani, Eve",2023-06-14,2023,love
1uqwnyMsQ8hUjwKgPKd8M7,Another Love Song,2.85,Toosii,2023-06-02,2023,love
33LmQ3haOKfbw0FSdbS1dg,Tennessee Love Song,1.79,Anella,2023-09-29,2023,love
2hY9mOKGblxfNFl2GOQKj4,Love Me,4.55,JMSN,2023-10-09,2023,love
2IMPPA9UZpqTnnVIy9lDHU,Love Me Back,3.1,fromis_9,2023-10-11,2023,love
2N0SPREDYqILVEFSsWF5N5,Love Me Again,3.04,V,2023-08-11,2023,love
6Gpim0VEZc2UZRVcapsWIv,love me,2.98,Ex Habit,2023-03-28,2023,love
6P3CtlzTKLxcNYGOS3es8m,Love Me Like This,3.15,NMIXX,2023-03-20,2023,love
2247qD9kVEBW5bQsfXnPTm,Love Me Harder,3.6,Steven Rodriguez,2023-05-26,2023,love
1ocUQUnGLOGIW0n3ModD5K,Love Me Like You Do,3.23,Diego Dumas,2023-01-20,2023,love
1cm6DumMSwqKuxZdRjorAl,Love Me Tender,2.02,August Ken,2023-04-21,2023,love
04RKcQDS3m9bYXJWwJRCWi,Love Myself,1.69,Able Heart,2023-04-07,2023,love
1UbpSPm6AKEkfpb6cXtAHC,Love Myself,2.18,Moonlight Scorpio,2023-06-18,2023,love
1VLM75hY5fluRorkbIt6NT,Might Love Myself,3.67,Beartooth,2023-10-13,2023,love
6lYNvRhVDcYlbIxHfoQx8S,I love my horsey and my horsey loves me,1.67,Skainzz,2023-09-02,2023,love
1mC1BvGA6hXcFMJP6f1AIf,Love My Life,3.34,CallHimd.,2023-10-27,2023,love
6QFgaDuU9rihnISdYlkapj,I Love My Body,2.5,HWASA,2023-09-06,2023,love
0KRMMXOkWt1jruMvcvh0Bc,Love My Tone - Slowed,1.99,Fourfive,2023-09-07,2023,love
6ebl9EMy9X6q9JHiVmXyGP,Love Myself,2.0,Modern Headspace,2023-10-20,2023,love
2du460Jv1WAAUJWgg5wfFC,"love you, love you not",2.69,little purr man,2023-02-27,2023,love
3qXsX3mYSsD1DmAvc3PE3N,Love You Anyway,3.82,Luke Combs,2023-02-10,2023,love
0GLXQAdrh4tdvz0JLw8DX8,love you twice,2.87,HUH YUNJIN,2023-03-14,2023,love
7pvy3nhtBIQUakHS4OjFqB,Love You Again,2.89,Chase Matthew,2023-06-09,2023,love
3K6qIsOYGQYrwnIMPyCTxS,Love You,2.15,Jay Webb,2023-08-04,2023,love
0NaUT74rJ0NHS62fewzatU,I LOVE YOU HOE (w/ 9lives),2.11,"Odetari, 9lives",2023-07-12,2023,love
5U8jzduwcqML3oi3yY1wDP,Love You a Little Bit,3.51,Tanner Adell,2023-09-15,2023,love
5YF8uBmCTW4HXsI13tsQAO,I LOVE YOU HOE (w/ 9lives),2.11,"Odetari, 9lives",2023-12-06,2023,love
4k8ozY5BjfGGvICHka5DfI,Gonna Love You,2.98,Parmalee,2023-09-22,2023,love
5fnIgq6KNKe39NBnPhFsIp,Love Is An Overstatement,3.24,Lauren Spencer Smith,2023-07-14,2023,love
5z7MDbAs6HidqWBOLMteTs,love is a place to hide,2.67,Puzzle,2023-01-07,2023,love
7fAjGeEGJzZHzGcNMHv276,love is a black hole !,3.5,Martin Luke Brown,2023-05-19,2023,love
1haoEnXbsUS3OFIWaUJ3wb,love is embarrassing,2.58,Olivia Rodrigo,2023-09-08,2023,love
226ljdOTLM2clGpm4mZvAm,Love is,4.45,Dangrangto,2023-06-27,2023,love
1RWM6cHt0camhA3qbTs7PW,Love Is Beautifully Painful - Ghost Duet Version,2.75,"Darkrose, Ghost Duet",2023-03-23,2023,love
4J4gQNp8u4BFOdC9mFzNzJ,Love is a Bitch - Slowedd,3.35,"ImXgine, ONIBI",2023-06-05,2023,love
1Wxwzd9kMYxL7aOtNQy9QS,Love Is In The Air,3.76,Armel Dupas Trio,2023-06-22,2023,love
5TvimvgbgxFAmjtNxztlYn,"Love Is A Song - From ""Bambi""",1.33,"Nikolai Tal, Malou Mellow, Slumbering Tapes",2023-05-12,2023,love
1wGXpLDlQg5ClZ2epImCEc,Love Is Free,2.88,Eli Brown,2023-07-07,2023,love
6eF2psRQNVS3EbIZ1q5NV3,What Love Is,3.67,Zimmer90,2023-12-08,2023,love
43MifzVnh8W3jJN0xqU9jR,Wasted Summers,2.17,juju<3,2023-07-12,2023,love
0dPF7aJQrhieHapw3AGa0G,Love Is A Waste Of Time (Sped Up),2.18,Lovely Peaches,2023-08-22,2023,love
7KLQVXkMhLJIIFMVRbXKPW,When Love Was Easy,4.0,Davici,2023-09-25,2023,love
3D68y3ta9qkxpSdjLjPOoS,Wasted Summers - Sped Up,1.97,juju<3,2023-10-11,2023,love
5U3CWpJX9dsBE7J687QvfY,Waste Your Love (feat. morgxn and Kwon),2.76,"Disco Lines, MORGXN, Kwon",2023-02-17,2023,love
3yz3RIqptKAVjsKbsPWaga,Wasted in Athens,3.77,The Ocho,2023-06-02,2023,love
3A1O6pF8HvYS5oacEyOhJy,If Love Was Lost,3.47,Dead Cassette,2023-11-03,2023,love
2Cagb4o7ZwcSBxG3nLIAyF,Waste My Love,2.79,"Sunday Scaries, Hayley May",2023-11-17,2023,love
0Y6DKikmdIIpDBUhUuxa8R,My Lover Is Sleeping,3.78,Wasia Project,2023-05-18,2023,love
0e2UuKYYRMApr9oBAy8TmP,Love Is A Waste Of Time (Slowed & Reverb),2.95,Lovely Peaches,2023-08-22,2023,love
4U285e4R5LqRweVNfft601,this love was a lie,1.79,Sky Woods,2023-04-28,2023,love
4sivL5lsrfO0EuoarSChGx,Wash Away,3.88,YENA,2023-01-16,2023,love
51iU7wPjMW7Z3K2RDLiIBc,Lovely As It Was,2.87,"mannequins on a hat, Giulia",2023-07-19,2023,love
4PI4tPaPQvOk1bVQtOA44q,Love Was Enough,3.94,Matt Jordan,2023-01-20,2023,love
6f9hbu4xkABN8DSwyuNsIt,"I Love You Charlotte - from the Netflix Series ""Queen Charlotte""",2.16,Kris Bowers,2023-05-04,2023,love
6rFXQMuj7a3mGuCA9Vwjqo,lovelight,3.92,Citizens,2023-02-24,2023,love
0zHaPkZcEMiAgzdL6hgh1v,Waste My Love,3.28,"Oliver Cricket, DAV5, RAGUZZA",2023-09-29,2023,love
3HSf2e7s5Q9WQO16biu4U4,Wasted On You,4.4,Elderbrook,2023-03-31,2023,love
5YktKneUt3fExLQPgah5g9,Love Wasn't Built in a Year,2.09,Ian Kay,2023-04-04,2023,love
2qyeAiFswWB2PmYhdeObTP,Love The Hell Out Of You,3.42,Lewis Capaldi,2023-05-19,2023,love
06rw2wruAazXk6ufGtIG32,Love The Way You Lie Part III,4.16,Skylar Grey,2023-02-10,2023,love
3g6acdPmHQil0jjUOQhNuy,Love The Way You Lie - Piano Version,1.73,Milo Grande,2023-05-08,2023,love
43iIQbw5hx986dUEZbr3eN,From The Start,2.83,Laufey,2023-09-08,2023,love
1EufKtuQydNztouJcp0meF,Love The Way You Lie - Lofi Version,2.32,Ritzen Town,2023-11-06,2023,love
2cXu6oGXOieNkFViXTHBEi,Love These Days,3.01,Thirty Seconds To Mars,2023-09-15,2023,love
0rCFRyEy4WXjRXNpO80Dzs,Fall In Love,3.87,Bailey Zimmerman,2023-01-11,2023,love
52NGJPcLUzQq5w7uv4e5gf,Private Landing (feat. Justin Bieber & Future),3.97,"Don Toliver, Justin Bieber, Future",2023-02-24,2023,love
6kEqC8VsCegNVEeGOJ8DV7,Love Her,2.12,JESSE,2023-02-17,2023,love
5VTVK2RtOj6tKH9OPKMht7,And I Love Her - 2023 Mix,2.54,The Beatles,2023-11-10,2023,love
1oKyzE8ds1rUg0YRpHq1sa,Tell That Angel I Love Her,3.48,John Foster,2023-07-26,2023,love
4B7Gq5QBYHmAagsmUiSloN,Love Her Better,3.01,Beeson,2023-09-22,2023,love
3n4blG5eQN10jGA5LnNt6W,"SISTERHOOD (LOVE, HER.)",3.01,Lucy Bedroque,2023-06-23,2023,love
4ayhn2zWzj5U0rExzktQgY,If You Love Her - Fellini Félin Remix,3.01,"Tokyo Tea Room, Fellini Félin",2023-12-15,2023,love
6kQFLvxPny4wboZoawSoPu,Love Till It Hurts,3.44,Caleb Gordon,2023-02-05,2023,love
0FR2ynZFtrpLiv1oNwS1NT,"Hallelujah, I Love Her So",2.97,Rio Branco,2023-06-09,2023,love
3prXbamvjl8CrlIHihMw5m,I Love Her More Than Myself,2.67,ta1ls,2023-05-28,2023,love
2NOjSive3QzTODZnOkJBtj,Lover (Love Her),3.31,Molly Grace,2023-08-18,2023,love
4J4Drixj6SFl5cpbTzI9Ej,And I Love Her,1.75,Robert Auerbach,2023-08-22,2023,love
6WbxpUUZR0gw4Kr4FtUjbH,A Love Like Her,3.45,BluNites,2023-03-10,2023,love
0eUrwt9ZGuqNsh6b9DKA1m,Love Her Like I Would,3.26,Patrick Carpenter,2023-01-06,2023,love
5maushNwOdQnknMPSHCgxc,Love To The Grave,3.35,Gavin Adcock,2023-05-19,2023,love
0jBqoiIHVY0fVB4XGP690T,"Herb, Whiskey & Reggae",3.35,Rebel Souljahz,2023-06-02,2023,love
5NJFLiDKyjT0vF1VXTwzpE,LOVELY BASTARDS - Remix,1.6,"Kordhell, ZWE1HVNDXR, yatashigang",2023-09-29,2023,love
2k6OpEcFV2VvXdVmPRNCiw,Let Her Go (feat. James Blake),3.21,"Don Toliver, James Blake",2023-02-24,2023,love
4N4ebNRyvd8flnrTB3afNl,"Love Her With A Feeling - Live at Nippon Budokan Hall, Tokyo, Japan - March 1, 1978",2.88,Bob Dylan,2023-11-17,2023,love
216f2Sulr2jxqrtydpEQOx,Love Him,5.51,Napoli Underground,2023-06-10,2023,love
4cDn73Qv5V3aRcPXIZOAwo,love him,3.22,Two Shell,2023-02-10,2023,love
5FWDNtKLTLzeiuBIiBT4J9,We Love Him,59.81,"William Augusto, Soaking in his Presence",2023-04-12,2023,love
7jnfnchRlw44aQ9ocQnSSd,love him,3.22,Two Shell,2023-06-14,2023,love
2jkgQozOVaiHaZAKfTaAl9,love him,3.22,Two Shell,2023-03-30,2023,love
3tRlZMfKcGT03oeVrcDCmJ,i love him,1.1,MUTUALSCHIZO,2023-07-04,2023,love
5S3MSJqKpDTiG3DSKPgGcl,Himno (para los que están jodidos),3.1,"La La Love You, Allison",2023-05-05,2023,love
1tG9td3EQAx6WTuJVimtOl,I Don't Know How to Love Him,2.4,David Kates,2023-08-23,2023,love
0EbLI1m3fhNLBV7QROhyWs,Love and Japan,2.63,Ethan Tasch,2023-07-28,2023,love
1MnhDwTALLOnv2REvwZ5H2,We Love Him,59.81,"William Augusto, Soaking in his Presence",2023-02-22,2023,love
04qdk1LPSHd13Z5yCxfCwu,If you love Him,4.45,David Spruill,2023-05-07,2023,love
1ZJvw0US90MeWMT5IGr2g6,For Those Who Love Him,12.6,"Gap Worship, Ejiro",2023-06-16,2023,love
2olzFCSJhJvc8KVxwH4J9b,I Love You,4.37,andhim,2023-07-07,2023,love
3T65eGpcbT44JqhAQvVrjw,Love Scooter,1.37,Thomas Newman,2023-06-16,2023,love
1UpTGgw5fzGU70Js5u0Qv8,I Used to Love Him,3.85,Rockabye Baby!,2023-05-12,2023,love
3X2XCrzqrs1Wo8oEidcZMb,I Love to Call Him,5.42,Vincent Bohanan & SOV,2023-01-27,2023,love
23CmU10cbZkCImw7ssmZTh,I CAN’T LOVE HIM (AND LOVE YOU TOO),3.63,Fefe Dobson,2023-09-29,2023,love
6icyjhQjW8iTPaTGO7Vei9,he loves to hurt (himself),2.4,dissonance,2023-03-10,2023,love
3ym9vIptZ6mfJaaOayiliz,"Kill Him, He’s a Socialist - Full Band",2.64,Seb Lowe,2023-07-06,2023,love
1J74N7ZSDv3Ap8NtYY5h7f,Love Baby再次爱上你,2.18,LZ轮子,2023-11-12,2023,love
0vR3VPCfoLFeRGgZZ15kzj,Love Me?,2.3,Baby Smoove,2023-12-03,2023,love
1lbi50fugA8u7KSyh1fvj2,Real Love Baby,3.06,The Heavy Heavy,2023-03-21,2023,love
0BURGn5qjAfDXekV3AhjwS,Soldier Love,2.13,Raq baby,2023-03-28,2023,love
2TSmK03DaiDtdDud5H70S6,Love Scars,3.94,DeeBaby,2023-04-07,2023,love
1MyKrE830Qjvev4muWsL0j,"Baby, I Love Your Way - Bossa Nova Version",2.83,Michelle Simonal,2023-06-09,2023,love
3Naqb9FG9etjIo62pbFx8k,Lovely Nights,1.57,William Flake,2023-05-12,2023,love
2p1kB54xX8sS5UWuyqTMT4,Love Letters,3.28,Baby Bugs,2023-04-14,2023,love
4n9zRMC8orbZ8P53Hosi1A,He Loves Me (He Loves Me Not),3.87,Baby Bugs,2023-03-03,2023,love
5cRADg0o9k6vFRByLlcGoX,True Love,2.96,lou deezi,2023-05-05,2023,love
2BlWLfyzaPmD99nlfkHcNI,Lover Boy,2.41,Ghetto Baby Boom,2023-05-19,2023,love
6omsa7qVNvOlggj4CNZ47v,"Baby, I Love You",3.76,Ramones,2023-11-03,2023,love
62rlfSinxGwdqcpdMtnXcT,Love And Light,2.53,Healing Miracle Frequencies,2023-04-04,2023,love
3xlqm1V9AvfPImSY5YQZ3N,Lovely,2.91,Minji Kim,2023-11-03,2023,love
2s6l6pbe1D0cJOCQVuHDZh,"Baby, I Love You",3.01,"The Molsbees, Adelle",2023-01-27,2023,love
5ur9cTM83ZMZ533oM1R3mv,Love Is an Open Door,2.24,Elin Porsinger,2023-01-20,2023,love
0Snqqrusf0KJMb4kaOdxfI,My Lovely Teddybear,1.69,Travers Yates,2023-04-13,2023,love
7n0U9rgXQLcV695LByHO1I,New Love,2.48,Blo,2023-03-03,2023,love
128I36bDgYHU9l2QcgEGcd,Love Between...,2.58,Kali Uchis,2023-03-03,2023,love
4vCPFDnjp7yDhPc2K0tKJm,Everlasting Lover - 2023,3.11,49 Winchester,2023-09-29,2023,love
13HuPBcqaL4iHzZiWyjLl6,I Love Freaks,1.69,Lijay,2023-01-30,2023,love
5D7AFGloFpXtdT2PiKTEC3,Alien Love Call,3.71,"Turnstile, BADBADNOTGOOD, Blood Orange",2023-08-11,2023,love
1OOCFtb1mAr8cGOt1PCwr0,Love Will Lead You There,3.59,Cleo Sol,2023-09-15,2023,love
6supmUNBM0ISElWeOT6ieU,Loved by you,3.65,Magnolia Park,2023-10-27,2023,love
7KskdrOgLeW2Ble2s1pYFI,Love Plus One,3.56,Haircut 100,2023-02-23,2023,love
1PmTbUnfZnKPV33Z8S6EFD,Love Slam,2.18,Angel Du$t,2023-09-08,2023,love
7l24yEocXMnG3b4BiYEKCa,Sold out of Love,4.33,The Nude Party,2023-03-10,2023,love
5wqIDoYPhtxZFcPIke1RXx,Love You Walk,2.43,KP SKYWALKA,2023-05-31,2023,love
36AvhOlf9OqDAzlL0X3BKk,"Love It If We Made It (Live from Madison Square Garden, New York, 07.11.22)",4.27,The 1975,2023-01-06,2023,love
0uClUokkoLHraWV8GKIss5,NEW LOVE,3.72,BOYS LIKE GIRLS,2023-10-20,2023,love
1BUiLQrjKCztLzPh2xuktu,You Love Me So,2.42,Madison Ryann Ward,2023-04-21,2023,love
3WleDaSpM6TdoAnJVlBuoQ,Goddamn Lonely Love - Remastered,5.03,Drive-By Truckers,2023-06-16,2023,love
26Fvj7otfrCq4qAP3ms1lg,Love Song For Myself,3.99,Caroline Rose,2023-03-24,2023,love
1arfdOzYBQSnzaSjQcLzfq,New Shoes,3.4,Chalk Dinosaur,2023-08-15,2023,love
7vpkmzisaB8R47XlxyTcfs,Distant Lover,4.28,Marvin Gaye,2023-08-25,2023,love
4B1ETlOJlSD73S3yrh0oBd,Spring Love,5.13,Stevie B,2023-05-15,2023,love
0MJ5wKsPEeihONNfugHGy7,Tip Toe,3.75,HYBS,2023-06-20,2023,love
2rWOUr1AfUKid2GCVqy2aL,Love's Old Sweet Song,1.34,"Only Murders in the Building – Cast, Jason Veasey",2023-10-04,2023,love
0zb3vNVbzdIq2bzuzlSpcK,old doll (out of tune piano),1.28,"emptiness, love.nicotine",2023-12-31,2023,love
6Bj0sk40N436vvBwvQhgHT,Love Don't Cost A Thing,2.71,"TWOPILOTS, AALLAR",2023-05-04,2023,love
1pLiAY0xm1RVJNlZw1SoBI,old doll (out of tune piano) (slowed),1.53,"emptiness, love.nicotine",2023-12-31,2023,love
0BVeLJPVi9WSKXGgNBEJ5v,Love Old,1.94,Suzie Ondola,2023-11-29,2023,love
0USUuhz7F7kqLjj0j6iReH,Distant Lover - Alternate Mix 1,4.76,Marvin Gaye,2023-08-25,2023,love
55rlT50oJ0Do2feXt4TNEa,Love Drunk and Happy,2.96,Old Dominion,2023-10-06,2023,love
3gcX6AddfEnG4SgfltfSUO,Love And Marriage,2.65,Frank Sinatra,2023-10-27,2023,love
2jzUjAfUTJ8zDRxDFdWRmd,The Love I Give,3.73,RHODES,2023-01-27,2023,love
2CSeSgbJIEoNZuPcjGzjcW,Love Tonight,2.14,"DJ Leao, Jingo",2023-03-24,2023,love
5kYpBtezHv093oxxebHpEj,Standing In Love,3.8,"Stephen Marley, Slightly Stoopid",2023-09-15,2023,love
4LqzoCAOjzZKqj0Ojc9T0s,Lovers Never Say Goodbye,2.92,The Flamingos,2023-02-17,2023,love
3Fyj22NPIu3kzhpu9KF7Bg,(Love Is) The Tender Trap,2.95,Frank Sinatra,2023-10-27,2023,love
6ZkytfMRYWE6U0AJc2hDim,Love Never Felt So Good - Leo Portela Remix,2.84,"Anakelly, Leo Portela",2023-08-04,2023,love
5Kw78bVNEYSgYHWsz61gqv,Love Lost,1.82,Mitchell Holloman,2023-09-04,2023,love
5NCy3QdXRutu6LoCWC4Ib9,Love Lost In A Hail Of Gun Fire - 2023 Re-Recording,5.24,Bleeding Through,2023-08-16,2023,love
3Px6pi6MACXIIcpPHYa7TI,Love Lost - Remastered 2023,5.87,"Alan Braxe, Fred Falke",2023-03-31,2023,love
4sYEbnGCzKSQdhNjQj1kjE,No Love Lost - From the Original Motion Picture “The Color Purple”,4.74,Keyshia Cole,2023-12-15,2023,love
4M6gW5qGrDvgSDm2r0vUVC,Love Lost,3.68,"Smile High, The Main Squeeze",2023-11-24,2023,love
3uU1es6heFJQkzPaFBdho1,Love Lost - Ambient Version,1.79,Audilly,2023-02-24,2023,love
0fYJRFLmbFhLldnlSMI4dD,Lost and Found,4.07,"Jazzy Coffee, Cozy Coffee Shop, Cozy Bedroom",2023-05-15,2023,love
307n5K4rhFg9RKFae8bmoM,Love Lost,3.29,Worldtravels,2023-01-03,2023,love
6Sshfgz0LR1bGa9knHRs3E,Love Lost,2.05,lilnizzfrmda9,2023-01-03,2023,love
5euebN9RdEUUCeOSFILTxQ,Love Lost,3.52,"Ransom, J. Arrr, Statik Selektah",2023-04-14,2023,love
748ElGoryCB7CV2tJvC9e0,No Love Lost,4.74,Keyshia Cole,2023-12-15,2023,love
04pvVh3iyRheQYqvIxb11M,Love Lost,3.11,ALEPH,2023-01-27,2023,love
2piFYQv2O8OyBgzkn2ibLH,Love Lost In A Hail Of Gun Fire - 2023 Re-Recording,5.24,Bleeding Through,2023-11-22,2023,love
1i4AhyFyYGnaTwkPHy2qMH,Love Lost,3.03,"Sugi Zo, Ambien",2023-03-09,2023,love
7co4gh5YscJ6HQyj5ivBXS,白色情人,3.94,Z.TAO,2023-03-14,2023,love
2ASlvG3kJEchl3SOPtSkhf,Feds On Me,2.41,YBN LIL BRO,2023-07-28,2023,love
3jS0d7uwqKGbfwQ2ia2JN0,Lost,3.48,Jalen Ngonda,2023-09-08,2023,love
1yb8F05YwEQNcud5eM01fN,I Love Freaks,2.64,"Mafi, Tafari",2023-07-23,2023,love
0ap5ifGngyhg7DQYEM6lGb,I Love Freaks (Sexyy's Version),2.73,"Lijay, Sexyy Red",2023-09-01,2023,love
3S63AV1vvj7GdUe5GsKeHD,Love Frees Me (Feat. MAMINHO),3.08,"J-US Color, MAMINHO",2023-07-07,2023,love
7BVXZByQjfmtEWt9AhjlwL,Love of Money,2.8,"Larry June, Cardo Got Wings",2023-11-10,2023,love
3guzCL21i2ZCe5AOBJLVeh,Psycho Pipe Dream,3.66,"Tobyraps, Slake Dransky, Love Freely",2023-06-23,2023,love
1qH4AIq90UwnBTnPDyUTad,Live Laugh Love Freaks,1.68,Lijay,2023-06-03,2023,love
4qetc6GDgmlWtGXCclFiD7,Love Is Free,2.37,"Smitmeister, Jayson Alanzo",2023-07-07,2023,love
3hX0cncUUZ3A6cx9w1dW4w,Free Love,2.89,Felly,2023-02-22,2023,love
46MxglZiPTaNIVxwgBpedt,I Love A Freak,2.94,KenTheMan,2023-07-28,2023,love
18UKiu9nIdQWl3AG31ZaWB,Dreamin' Of Love,4.2,Stevie B,2023-09-17,2023,love
1woZ0QymSkwLx95kN32b5L,FREE,3.69,"love-sadKID, Rav, exociety, Kill Bill: The Rapper, Scuare",2023-10-18,2023,love
5PdroJNSxYfhN4QYV8eJpF,Rent Free,3.38,6LACK,2023-03-24,2023,love
3Ci61z0U6XpRVNFVxn7cxs,Freestyle | Open Mic,2.29,"DJ Smallz, Studio Of Legends, B-Lovee",2023-05-30,2023,love
5pVe4YCavFCTSEGYCj1Eff,Free Lil A - Interlude,1.47,Moneybagg Yo,2023-06-02,2023,love
6CBAHWz8mmk6aY61dpzQFy,Free,2.35,DIANTIC,2023-02-07,2023,love
6z7z4kQh3E8SmGizIxw9uI,Love Now,2.57,"Glenn Ayala, Cézanne",2023-02-10,2023,love
3fpM9FZbtQkoCSATHmGpgJ,Lovin On Me,2.31,Jack Harlow,2023-11-09,2023,love
2dSKFFNoNXKo3hPnlwUdPe,They Don't Love It,1.89,Jack Harlow,2023-04-28,2023,love
6KvxXdT5Sr284TOsfTGHa1,Love Sick,3.07,Eddy Smith & The 507,2023-09-29,2023,love
4BwHYHKNqqUyoYo9CprTBM,Love Heart Now,1.27,All Saints Unions,2023-03-10,2023,love
64QbwDcKObUNtPc3rHvwkD,Love Blooming Now,2.48,All Saints Unions,2023-03-10,2023,love
0U3cv3Dy37UsqHFcoGTFnT,Love Saints Now,1.57,All Saints Unions,2023-03-10,2023,love
49QnG3oTbnVNwk5o7jvt8L,Love You Now,3.61,Butter Bath,2023-03-24,2023,love
4lumxgvU8tfaKwq1qi8Rpo,Love Now - Instrumental,2.57,"Glenn Ayala, Cézanne",2023-02-10,2023,love
5o4XJKRxUK6nXhFLAIS33A,Gimme Love (Reasonable Woman Version),3.57,Sia,2023-09-13,2023,love
0zo975x58DlXbZllWvfYhg,When Emma Falls in Love (Taylor’s Version) (From The Vault),4.21,Taylor Swift,2023-07-07,2023,love
0i8CG23uTix9UWHmClcQ7W,In Love Now - Tape Redux,2.82,Field Guide,2023-03-23,2023,love
3TZxe4lTl1eb124ceJnvxj,Now We Know,2.46,"Charlee Nguyen, fnonose",2023-05-03,2023,love
1iTTXCMpxK8cQtFIF4zgQS,Love Gone,3.2,Soldier Kidd,2023-04-26,2023,love
6VbVIpvzQxrXYXq4USXOz6,lovegoneby,2.96,Jonah Zed,2023-12-01,2023,love
2jjlVZxKSU00WuDjyP5ZLb,Love Gone,2.91,NLU Skeet,2023-05-31,2023,love
3jTRX7Zt2oodzuDRn5a4Eb,someone you love is gone,2.23,endless withdrawal,2023-03-17,2023,love
00guwXsBtfI0Pc5IqI3Vx6,Love Gone,2.8,KWAYE,2023-12-22,2023,love
33grGi8xb5pPCo4Odk4S66,LOVE IS GONE,2.1,Nico Baran,2023-06-03,2023,love
3OaSs572t9HwmRg5vlmuON,Love Gone Wrong,2.72,"Beloved Music Group, Reputation, RichWayShine",2023-10-12,2023,love
3T6u9TI0AgC7PveOjeCqrf,Love Is Gone (Hardstyle),4.03,"Dimatik, NLCK, Adoniz",2023-12-01,2023,love
5G9bLbk1Kz0XVOhmKeejif,Good Love Gone Bad,4.19,Bunny X,2023-05-26,2023,love
43LmN6zjQV4dlMyeOtEqAy,Gone With Stupid,3.0,Dead in Love,2023-01-13,2023,love
5Uiiv1oJKCVfLEHe8l6jDr,Love Is Gone,3.0,Shania Yan,2023-03-31,2023,love
0Xw5dOI9meE7dQDGJG7R6R,Love Is Gone,2.99,"fenekot, Seon, Drex Carter",2023-03-17,2023,love
5OuusQgupPup159kZx2eUg,Love Is Gone - Slowed,3.45,"Pop Mage, Zelli King",2023-06-16,2023,love
5suGjkvHFmv2przLJIdUxs,Love Is Gone - Slowed,3.65,Madeleine Barrera,2023-09-02,2023,love
2JSJ5gGMhFYWoCMiOQOeUn,Love Is Gone (BARELY ALIVE Remix),2.92,"SLANDER, BARELY ALIVE",2023-12-08,2023,love
0bv9OTrJHABnZeJpC9aIfJ,Love Gone Wait,2.12,Spenzfrmda4,2023-01-30,2023,love
2GK6UYGpByd2TyQ2aVmcOQ,Gone Daddy Gone / I Just Want To Make Love To You,3.1,Violent Femmes,2023-12-01,2023,love
5fA2dKgPb8enucXBO6hVdD,Love Gone (Sped Up),2.64,Soldier Kidd,2023-04-26,2023,love
2Nczjj8yaXkh6Q3w68N2Q6,When Love Is Gone,3.58,Long Island Quartet,2023-09-15,2023,love
1gaJMN7d2pSBnhx9oEQZbi,gimme all ur luv,2.88,hemlocke springs,2023-09-29,2023,love
5fIdKkMFwnKrMOsmGyJn7S,Back In Love,4.69,LEISURE,2023-09-29,2023,love
1NAtIaE6jFZp2s3vXg63Dc,Back in Love Remix,2.15,"Mr. Terence Thompson, Ty Silver",2023-09-01,2023,love
34WHC9NYUAc4IjMvt56qNq,Love Like That,3.25,Phillip Phillips,2023-06-09,2023,love
3i0z0mbWZElIya3nUTMmw8,Love by the Shore,4.17,"Cozy Bedroom, Cozy Apartment, Cozy Places",2023-12-01,2023,love
4kAdHvf8LIppYxrI23rnJ8,Love Back,4.43,Iggy-G,2023-11-03,2023,love
20aysL9kYxvNPuSWEzh8pl,Back In Love,4.69,LEISURE,2023-08-11,2023,love
67zZ26O7nHAyL76sEx3tIS,Love You Back,3.37,Lady A,2023-09-22,2023,love
571dMZCISVyFy15xPZf3kR,Back To Love,3.36,"Robert Glasper, SiR, Alex Isley",2023-07-27,2023,love
1lwSi8FhlqrTerMKyz9bzj,LOVE BACKWARDS EVOL,3.1,Kookei,2023-04-18,2023,love
2Zx7YnpyTsQvjAf9elDsgX,Back to the City,3.33,Kep1er,2023-04-10,2023,love
3K1dIKzq6ZoYK59A3zHtuO,Love Crazy (Blowing Up Your Phone),2.5,Breez Kennedy,2023-06-01,2023,love
3BvLm7OuMj6RBtpya7QAqT,Love Me,2.28,Akeem Ali,2023-10-31,2023,love
6xiXPm2QTKN5BUCW2RAP45,Can't Get Your Love Back,3.5,Trousdale,2023-09-15,2023,love
4opak86XW2Z5asSAy51n71,Love in the Trap,2.95,Zo Trapalot,2023-05-01,2023,love
4sx6NRwL6Ol3V6m9exwGlQ,LOVE AGAIN,2.44,The Kid LAROI,2023-01-27,2023,love
5sZSiLaxwbQZsQSDzhwgo4,LOVE AGAIN,2.44,The Kid LAROI,2023-11-10,2023,love
6Fi87RvIALTsrI0Pwj7gVG,LOVE AGAIN,2.39,owlh,2023-11-24,2023,love
7e2t41hCiR0sV4Lgv555v3,Fall In Love Again,3.48,P1Harmony,2023-11-08,2023,love
0aKWpnMZCR42M9lLhnzJEZ,That's the Way It Is,4.04,Céline Dion,2023-05-12,2023,love
2ko9njjE8h5wQoLd7k9ScR,Love Again,2.87,Ric Hassani,2023-12-08,2023,love
7LYV8DzfYdArevWVyNNIZ0,Love Again,3.55,Céline Dion,2023-05-12,2023,love
4ESaquG9fDl0iHd9nzNpp2,Love Again,2.12,"hornja, tehnik",2023-10-11,2023,love
78izIIGwiWOyzpsr83dcA2,Love Again,2.39,Fame on Fire,2023-01-25,2023,love
4JOjqoaUEMZ0SOAzaKUwDj,I Just Wanna Feel Your Love Again,4.02,Montell Fish,2023-09-22,2023,love
0nI7dlkMGahIBhz0KOl1hG,love again - instrumental lofi,1.5,"Lowfie, floof",2023-03-06,2023,love
39T1Cs1NBeIDgWzMkmd6rz,Love Again,2.14,Egelloc,2023-11-17,2023,love
00l9787imUuRzkCGQEgaRK,It's All Coming Back to Me Now,5.82,Céline Dion,2023-05-12,2023,love
2FDlex2rEiu1D6WQngMdQK,Love Forever,10.0,Chris Collins,2023-08-04,2023,love
2wBJHURCNhc7zjGtUeNU6q,love forever - Instrumental,2.29,draw close,2023-06-23,2023,love
0W8g77jnw2xQz8w9yQlZIY,I Could Sing of Your Love Forever - 2023 Version,3.01,Shout Praises Kids,2023-09-22,2023,love
62in71BXkesE9Y5nGCvHSY,Love Forever,2.41,Carla Rego,2023-02-10,2023,love
3HVA1UyU7Uh59wksxvmNrg,Love Forever,2.52,Morix,2023-03-10,2023,love
0gSuZkc2ZCKyPDEjZ3Y3Lo,Love You Forever,3.1,"Cast of High School Musical: The Musical: The Series, Disney",2023-08-09,2023,love
776OapS6smGG4HwLe8Vl62,Love Will Last Forever,5.17,"Cozy Coffee Shop, Jazzy Coffee, Cozy Bedroom",2023-04-21,2023,love
11F1Tpe5da6M6vKLbUjauU,All My Love,4.19,Noah Kahan,2023-06-09,2023,love
04pMa24kA6U3A8gZSrqMad,I'm in Love,2.12,JayDaYoungan,2023-02-03,2023,love
1TYxoCt0y6MQGwDRVSarIa,Love You Forever,2.77,Luca Stavos,2023-03-17,2023,love
45Yq50LC6ukokWpeF8esUJ,Virtual Love Forever And Ever,3.87,Lost Stargates,2023-12-20,2023,love
4eMaX3oR9aD0JTwZOrNQ9Y,I Love You Always Forever (Nora's Version),3.27,"Donna Lewis, Nora En Pure",2023-06-16,2023,love
5Q36T6oNCIGSPT3fDYqgrz,Forever Love,3.1,Michael Seven,2023-04-14,2023,love
0sQ5eNks9iWXY7orJbUVSu,Forever,2.17,Bebo Loves,2023-11-13,2023,love
5fAzEKvfJP9IeMY21CsIhy,Forever Love,3.19,Sean Jacobs,2023-02-24,2023,love
2C6rz6scjKJ5xhbH5FFhk8,나를 향한 주의 사랑 I Could Sing of Your Love Forever,3.7,Hisplan,2023-08-31,2023,love
4wXh7qz12O9DiMQHGATKv1,I Could Sing Of Your Love Forever,3.95,Ben Laine,2023-02-24,2023,love
6DKKZ4aIHT9HZ8raLg4TS4,Loves A War,2.41,Rasandra,2023-11-02,2023,love
47vX78dYZzw2151FMvmXZF,Love Tonight,2.56,"Mecdoux, Yaelle Maessen",2023-03-03,2023,love
61z7OQMdKhlHMIxiq3N8Dq,Love Tonight,2.56,"Mecdoux, Yaelle Maessen",2023-06-23,2023,love
6HT1gOL61K2iEdtl6GREA2,Can You Feel the Love Tonight,3.61,Peyton Parrish,2023-02-24,2023,love
3Qg04CPySLNzFl9lwu24qY,Can You Feel the Love Tonight (Instrumental Acoustic Guitar),4.08,Hollow Man,2023-01-06,2023,love
5x93ZWsYEJjl0EIx4pImc1,"Can You Feel The Love Tonight (From ""The Lion King"") - Piano",1.63,"Mellow Strings, Marlon, Flynn Bridgewater",2023-04-24,2023,love
3mqgaGn8FReDFWmhRjclID,"Can You Feel the Love Tonight (From ""The Lion King"") - Instrumental",1.88,Alexandre Alekhine,2023-08-03,2023,love
2mTWllKLQNg1gYMjVwqXNe,"Can You Feel The Love Tonight (From ""The Lion King"") - Sleep",1.87,Slumbering Tapes,2023-03-16,2023,love
5vL07FfpD0dZP5GTB9hq4T,"Can You Feel The Love Tonight (From ""The Lion King"") - Piano",1.87,Slumbering Tapes,2023-03-16,2023,love
4YKz7R014r5oUrULYlh948,Can You Feel the Love Tonight - White Noise Version,2.6,Hellmaos,2023-03-24,2023,love
2UbGkGcxdE3aojwopCukR7,Love Tonight,3.29,"MELON, Hardstyle Fruits Music",2023-04-14,2023,love
3TQm7m9rIQI7C5A5p78aG2,Lover Tonight,4.16,The Green,2023-09-01,2023,love
5cvpk0z7D3dNoFmdQIvWrF,Love Tonight,1.88,Luca Testa,2023-10-13,2023,love
4atawb1UZAiDz4leNTGxhZ,Love Tonight,2.56,"Mecdoux, Yaelle Maessen",2023-02-03,2023,love
0iiwiW7JnRPM7dD0qGQsrV,Can You Feel The Love Tonight - Piano Version,3.5,Enrique Lázaro,2023-08-25,2023,love
2tHus9d9wZaTZzFp5Vjh9z,Love Tonight,2.38,"Farux, JANFRY",2023-02-17,2023,love
7CLQEcPMZTiUuTeiwwuIRj,Can You Feel The Love Tonight,3.5,Lana Jax,2023-08-04,2023,love
4P1BgKuvHiCts1Ts0Yb9pQ,Love Tonight,2.48,"OH, HAYIR!, Onur Atli",2023-08-31,2023,love
5QaLgzx9H2u0veCLGOerxo,Can You Feel the Love Tonight? - Piano Version,2.09,Kid Mini Orchestra,2023-04-27,2023,love
1Sr4E3AeJO6yhJWpRXL32i,Can You Feel The Love Tonight,3.06,George Jacomel,2023-04-28,2023,love
3KLyp58heQN5NyxSfwlYYA,Dreamin' Of Love,4.09,Stevie B,2023-05-15,2023,love
6YiFeau0OKIinUCAb3gpio,Eternal Dream,1.65,"AJ Dispirito, Elsie Lovelock",2023-08-24,2023,love
1ScXXDRjg8Xxx2VqWs9Kus,Dream a Little Dream of Me,3.07,Yedai,2023-03-17,2023,love
7ulnd2so4yKc94ILkBxuoJ,Dream Rain Love Song,2.97,Piano Peace,2023-07-25,2023,love
3yrTYsLPUA7Xjq5k8B1Sj3,Over and Over,3.25,Love Spells,2023-05-24,2023,love
3rQaxZaozQfrUEQx1PzT14,Love Song,2.86,Softcult,2023-02-24,2023,love
1uCK2f0Ytg2BEFExDwaOkm,Love In My Dreams,1.02,Slow Rising Hope,2023-03-15,2023,love
4ZRCedGgRihP3QkJuqDMOW,Dream Time,2.34,Ishaq Love,2023-12-29,2023,love
67hjKy70y164vxmPkbQLGa,Dreamlover (Guitar Instrumental),3.05,Sam Pedro,2023-09-01,2023,love
52xE1ncjWbN7lyF3Q9GgNl,Kind Of Love,2.27,Dream,2023-09-01,2023,love
55Kp1Vk6L4HKCe8oMpwz1x,Love Dream,2.49,L.Dre,2023-03-03,2023,love
2NIDaJKkBqEgNb4E54GFtL,Dream About You,4.12,Stevie B,2023-09-17,2023,love
194JuXzcjmlClnmlWSSdSy,Dreaming Love,1.81,Indaco Souls,2023-04-26,2023,love
6SGtTjWuez6lnKXR7clJkP,Dreamlover,3.89,Mariah Carey,2023-09-08,2023,love
6pGwZsj5Enfxl0rRNHCEGY,your life flashing before your eyes,3.14,dreamcorp.,2023-05-31,2023,love
0JUZetZb7lxLsmT7HwNCQv,We Love You,6.25,Avenged Sevenfold,2023-06-02,2023,love
2wB1y8HZpp2lpqJWkFVkLs,Love is a beauty,4.81,NCT 127,2023-10-05,2023,love
2HM9MRP5Bga9vcwwHslw6t,Loved You Before,3.01,Peach PRC,2023-04-28,2023,love
7tGL9GWH4B11BPIsof2KTp,"Love Is An Open Door (From ""Frozen"")",1.25,Diana Dream,2023-09-21,2023,love
1Oj4UgoSBQWUPaUVakr8sc,My Love for You (Yebba's Heartbreak),5.8,Marten Lou,2023-10-13,2023,love
6kbOkrIAR4iLuNcNbh3cte,639 Hz Love & Harmony,1.6,Serena Loveheart,2023-12-12,2023,love
1XAHKYnFF4fpvM8sWxSYZt,2 Hearts,2.45,"Disco Lines, GUDFELLA",2023-02-17,2023,love
7cqG033gsccat4P8ssuoXi,Heart On Fire,3.5,Kip Moore,2023-04-28,2023,love
31wOWmBQtZmGVxQKOMuX74,Love Heart,4.6,"Rachelle Spring, Aarif Jaman, Enaid",2023-07-27,2023,love
4Mj1z4CzGjoTHy4LdclyAA,"Love in the Dark (Slowed + Reverb) - Please Don't Fall Apart, I Can't Face Your Breaking Heart",5.16,3slow2,2023-10-03,2023,love
1LJOD2wosv2QT9Oi127tW5,639 Hz Heart Chakra - Breath of Love,1.62,Serena Loveheart,2023-12-12,2023,love
4FUhNMqZdQOE7Cs02jpOc6,Heart Full of Love,2.07,The Invincibles,2023-09-15,2023,love
0NnaGNTjfFAM5EAxF3EAnY,Loves Me For My Heart,3.05,Emily Ann Roberts,2023-09-22,2023,love
6Anf8KatSNxT3IhfOMn21j,love is hard,2.32,Officialdjaaron,2023-02-03,2023,love
0qlBIqGJbv0wMOCwMD6Uuf,Jealous Love - Live,5.23,7 Hills Worship,2023-05-19,2023,love
0UvlvcGH0cActLtKLFDvD6,Love In My Heart Arr. For Strings,1.02,Poella,2023-04-28,2023,love
4SMrROv7X0LClnAy0nuuap,Heartbeat,4.07,Nuovo Testamento,2023-03-03,2023,love
06eRuiOdZgKd91HpDwyYmQ,Love In My Heart Arr. For Cello,1.03,Cello Soul,2023-04-20,2023,love
7j3zZ2jAjzFD60UjhldhHo,I've Been In Love,2.82,"Jungle, Channel Tres",2023-08-11,2023,love
2gJqgXZOzUORFByFyv2tiP,Lover’s Interlude,2.47,October London,2023-02-10,2023,love
4A48ckONJNoXU5smWT9CeG,If You Don't Want My Love,2.45,Jalen Ngonda,2023-09-08,2023,love
0CpSHpeiGzV4b5iFVoTUc6,Love U Down,1.01,Claytin,2023-12-29,2023,love
6uZOUCeRMf1XzwRoXj4MgN,Love Don't Let Me Go,2.96,Angelina Jordan,2023-05-05,2023,love
6JbsU2xCplJlo6vQxdJ2T0,love hour,2.59,GIOVANNA,2023-08-29,2023,love
0nvDdeIeshQUeSedebDM3K,Love Come Down,3.77,Social Lovers,2023-03-03,2023,love
0U5rDikbdSNEkrTd3UTMpM,Love is Show,4.03,"Masayuki Suzuki, 高城れに",2023-04-12,2023,love
641F9Iskv6cZC7gYkCHAeF,Lover Girl - Live From Easy Eye Sound,3.85,Aaron Frazer,2023-01-13,2023,love
4Pqc0QTKbN1DtQQtfxJ9BS,LOVE U,3.6,Ryan Trey,2023-11-03,2023,love
6QnN8DZ2GrJpOrnCpT35X8,Bring Your Love,2.48,The Charities,2023-12-01,2023,love
5FFSlcb55C7pIFcOYapN1b,Come Around and Love Me,3.08,Jalen Ngonda,2023-09-08,2023,love
0KNKtfE0jOcGBeu7Y5pL7h,Just Like You Used To,3.16,Jalen Ngonda,2023-09-08,2023,love
5rIiOXW5htgJc7qCW9Z74Q,LOVE FIRE,3.11,CRAVITY,2023-09-11,2023,love
2q9GGS1dWAQrMGMWQgERFr,Love Fire,2.19,Dj Raptor,2023-11-24,2023,love
07puq2YSpNYY2FH8m2ZCzB,Lovely Fire in Another Love,3.09,"Gabriel Albuquerqüe, Gabriel Piano",2023-12-22,2023,love
5h5qDDBR1xAg2YvLCOYMRo,Love Fire,2.99,halfnoise,2023-11-17,2023,love
7M9GNf82DdgKLM9X951s9h,Love Fire,2.99,halfnoise,2023-09-29,2023,love
6hdNoo6WTonuhSju0Eo10v,Love Comes Around,4.55,There Will Be Fireworks,2023-11-03,2023,love
7c8wJ1DIFvM9e7bHIpgP7a,Love of My Life,2.93,Leanna Firestone,2023-01-20,2023,love
7C44yFCO0S2zqGkD7eyOR5,Love From The Other Side,4.66,Fall Out Boy,2023-06-28,2023,love
4HZelPRQAJFBIwWBKTZNry,恋花火,3.9,五十嵐ハル,2023-08-23,2023,love
2FMvlSJar2nCFYspXbhzjU,Love,1.05,Seven Melody,2023-07-04,2023,love
2TFTH9KHuDm4S8VJIiZzSJ,Fire & Smoke,3.0,BEECH LOVE,2023-04-14,2023,love
5R5h15FCneBgO91vJzPR39,Lover,3.77,"Feed The Fire, Sofia",2023-06-09,2023,love
6mtpPnvXwIoHATA4HtlNyy,Fire And Blade,5.04,Mallevs,2023-02-27,2023,love
3fSjmRAyDyOfnsWX2IT2q0,Lover - Live,6.37,"121SELAH, Pekkie Martynz",2023-07-28,2023,love
0OejM43a0tdWu4hzLw8AMW,Separate Ways,5.01,Eva Under Fire,2023-09-22,2023,love
7h0KgfXa9alsaridvvLwyc,Fire Away,2.66,We Three,2023-07-21,2023,love
2WCRjZ70ir44socpPKoiqE,Love Theme (4K VHS),3.28,"Mandy, Indiana",2023-05-19,2023,love
43bq8lmMMtMSXJST6g3Nq1,Sad Songs For Sad People,3.6,Megan Moroney,2023-05-05,2023,sad
6RcAHyC5sAUIbPTkhOQwd8,Y LLORO,2.98,Junior H,2023-10-05,2023,sad
4e76Ss3ji7HQZ4qwcPNkNA,MIENTRAS DUERMES,3.77,Junior H,2023-10-05,2023,sad
2zvyQcGlZp3VsdTE6xkI6h,Stop & Stare,3.54,Treaty Oak Revival,2023-11-24,2023,sad
0B97qFqGUnLvV2tXZpXfxf,Deep Sleep Brown Noise,2.73,Bits & Noise,2023-06-02,2023,sad
6k8jlEH1WssLwzXHfZGq3j,Sad Dream,3.67,EchoWave,2023-03-10,2023,sad
0uQhDYHyoZe5DpncrPolb6,LAS NOCHES,3.77,Junior H,2023-10-05,2023,sad
4ZOkfHC38nxSeSqzGE5HFr,PIÉNSALO,4.01,Junior H,2023-10-05,2023,sad
00syWkRGIVQvYsg2OwfBUw,East Side of Sorrow,3.49,Zach Bryan,2023-08-25,2023,sad
4IkVHt61qt8XAJA81MhuS0,Still White Noise,2.56,Cumulus Clouds,2023-12-31,2023,sad
6ALiIRPSgKaMRu5PDBZvN8,Sad Songs,2.6,Lil Durk,2023-05-26,2023,sad
3RA55zrRkyPK8Fd86hrMy8,LUNA,2.73,"Peso Pluma, Junior H",2023-06-29,2023,sad
1fnWD1sGn6BD19gGA6GMCT,genesis - slowed + reverb,4.85,"slō, twilight",2023-05-03,2023,sad
2BLdelIp46CHvKkyWeqZHL,ERE,4.75,juan karlos,2023-09-22,2023,sad
2NCFzAtWAMhHePWUdNFLHD,around the world (la la la la la) - slowed + reverb,4.21,"slō, twilight, Tazzy",2023-03-01,2023,sad
2f87YJDC7TrLQCBmnNqvFI,i can't text you - demo,2.28,Kyle Hume,2023-04-21,2023,sad
15NIHRkOClkcxTlULKg7t9,ride it - slowed + reverb,3.62,"slō, twilight, Tazzy",2023-02-08,2023,sad
0NScL6HFNJ0s71uzbOaLAi,smack that - slowed + reverb,4.05,"slō, twilight",2023-07-05,2023,sad
5Bvhk3wx42kkDEggSQIwqL,Favorite Song,3.4,Toosii,2023-06-02,2023,sad
7hSdspr7RBzq8VYOSVwALb,This Damn Song,4.67,Pecos & the Rooftops,2023-06-23,2023,sad
2vXSHAPCNpWZ7DNFDkEDMz,Meet you at the Graveyard,2.87,Cleffy,2023-10-06,2023,sad
0rc9XLNs7KZXu2ASA3LbL8,MISTAKE,3.59,NF,2023-04-07,2023,sad
127UT7AiWflJwjXWUBBVTQ,O Me Voy O Te Vas,4.04,Natanael Cano,2023-10-11,2023,sad
78Du4CMFgnhdlG33gblkiP,Rich Men North of Richmond,3.12,Oliver Anthony Music,2023-08-11,2023,sad
30LZU3ReFIndjHLfaahreM,Save Me - with Lainey Wilson,3.96,"Jelly Roll, Lainey Wilson",2023-06-02,2023,sad
37ZcgTeQclPJU8Jdirivod,Meditating with Green Noise and the Waves,2.86,Ozeanus,2023-03-19,2023,sad
3HOKxuTDmNVmIlCIpBiD8m,LAGUNAS,3.85,"Peso Pluma, Jasiel Nuñez",2023-06-29,2023,sad
1wrWCi6F7S9ky8bvwgmCD8,mental health.,2.47,tylerhateslife,2023-02-03,2023,sad
4F6gv9MgsuWt7j2GXhWzSd,Mejor Acabar,3.82,"Eslabon Armado, Junior H",2023-04-28,2023,sad
0lbDzTINTToToBpkrnQT2t,UNA CERVEZA,4.65,"Fuerza Regida, Manuel Turizo",2023-10-20,2023,sad
6t0PM7tXvdqEHKYHtEDl5H,Girl in the Mirror,2.75,Megan Moroney,2023-05-05,2023,sad
2CshODtf7iwe3pKlPmEWF5,TRES BOTELLAS,2.71,Junior H,2023-10-05,2023,sad
3CWq0pAKKTWb0K4yiglDc4,You’re Losing Me (From The Vault),4.63,Taylor Swift,2023-11-29,2023,sad
1I8EAskXPELoy0q3EkErsg,Could've Been Her,3.42,Ella Langley,2023-05-19,2023,sad
20HUGlsJXMHLAXkW5HDoav,Rainfall Reverberations: Melodic Rain Sounds,2.52,Score Of The Poar,2023-06-09,2023,sad
09hVlIVHtEE1nLUv6YGZiW,Burn It Down,3.9,Parker McCollum,2023-05-12,2023,sad
33IImDk07VMw7E99BWz6jK,Chasing My Tail,3.98,Treaty Oak Revival,2023-11-24,2023,sad
4reXo2zg1uhEIpUAacDb9C,Handle On You,3.67,Parker McCollum,2023-05-12,2023,sad
4cx5rRP743DGCktOWZvUJ0,Break My Bones,3.54,Wyatt Flores,2023-01-13,2023,sad
0RRxs3flR3IsEYcaqXXpoe,My Future,2.59,Greylan James,2023-01-13,2023,sad
4O2R6M2NF0Bj4ySDzx0FIE,Midnight Crisis,3.4,"Jordan Davis, Danielle Bradbery",2023-02-17,2023,sad
5KFj4m6hs2hZUqVxVgflZ4,My Favorite Things are Pink,2.4,Invention of Light,2023-03-31,2023,sad
2xk0tVxgk0SiQ733dWyiEv,My Mind is Calm with Pink Noise,2.43,Invention of Light,2023-03-31,2023,sad
0blGeyRJqI9O3DBUVwl6Qx,Sad Memory,2.61,Fallin' Dild,2023-07-24,2023,sad
6g8LnpjRpvbiGaQsVpt47j,in my head.,3.39,tylerhateslife,2023-02-03,2023,sad
3Ni91Z7QsnmgEUwgdaVZV0,Drinkin' Alone,4.25,Ty Myers,2023-05-12,2023,sad
3fonAuTvuI5KMcmnueLAPq,Straight and Narrow,3.33,Sam Barber,2023-09-21,2023,sad
2C2EEcoh0fqEavczukgawl,Missing Hell,1.81,Sushi Soucy,2023-03-25,2023,sad
07I5egdrVCO714mrea7cLM,Watching My Old Flame,3.43,Cody Johnson,2023-11-03,2023,sad
6HumsLwKYoW6taXk0q2fy8,My Last Rodeo,3.72,Riley Green,2023-10-13,2023,sad
7MrrdjBGM0MI6PGTZIgO9g,break my bones,2.82,Matt Hansen,2023-08-11,2023,sad
08RqpawmFl2c0Q7vhegeYK,Midnight Winds,4.05,Nature Therapy,2023-03-31,2023,sad
6bJylELacfvS7lmch74HuR,Medium Pink Noise,3.0,NREM,2023-03-01,2023,sad
2U7svZUGvR4tfKdyxv9mXu,would've been you,3.06,sombr,2023-11-17,2023,sad
5uPQjirx9C6MS47V556x46,You Don't Want That Smoke,3.34,Bailey Zimmerman,2023-01-11,2023,sad
3gdPwk2wyOXNRnTA1KXnEr,Wish You The Best,3.51,Lewis Capaldi,2023-05-19,2023,sad
1y3CG6thNhG1ndaNW0JuEp,In Your Love,3.76,Tyler Childers,2023-09-08,2023,sad
7EDcAz6iuKSkxH4VcC3Oko,I Wait for You,2.64,alex_g_offline,2023-07-09,2023,sad
7wB9sL81rFRGhRt6msZ9CV,How Could You,3.13,Jessie Murph,2023-02-10,2023,sad
5W0RVQViQC7xocvAUnIs6Z,Call Your Friends,2.55,Rod Wave,2023-09-15,2023,sad
2MNG8spWd2fgvokW8EZDod,Change Your Mind,2.91,Alex Warren,2023-07-14,2023,sad
1olWQ1LOUYs4VBwx5N8Lz9,In Your Love,3.76,Tyler Childers,2023-07-27,2023,sad
53UMRr4KOgZP5Ins0aGlhs,Always Been You,2.2,Jessie Murph,2023-02-10,2023,sad
4wBzWNjUMwQg541J8cAciN,Die Young (feat. 347aidan),2.48,"Sleepy Hallow, 347aidan",2023-09-15,2023,sad
6yfa7stvsbbuDzFsHKG8ez,Give You Love,3.06,Alex Warren,2023-06-08,2023,sad
5fxt2afoPXrHop4DEi4PEN,Are You Really Okay?,5.11,Sleep Token,2023-05-19,2023,sad
3W1FAAdNDVdyJxJwV8Lps2,WHERE YOU BELONG,2.94,Matt Hansen,2023-03-10,2023,sad
2MFiJixNYHNgHuoECDbbhw,Is It A Sin,2.66,John Michael Howell,2023-12-01,2023,sad
38tKvVe3iURKRFm5X50zLZ,this is what losing someone feels like,2.87,JVKE,2023-03-17,2023,sad
6QywUuuP4N5IXLu27r7ybr,Is This Really Over?,3.15,Bailey Zimmerman,2023-01-11,2023,sad
7Bg1pphdvxWtvYqGGdqSOk,Dear Alcohol,3.94,Dax,2023-08-18,2023,sad
63jCeAYGLcRL21xm0jKlgn,Sad Forever,2.93,Lauren Spencer Smith,2023-10-13,2023,sad
75LcH81GTi2s6QDM4PdCZ0,Jungle Showers,2.08,Akvavit,2023-05-25,2023,sad
015SV1pVaJYI1zHQ4KjvGY,Island Downpour,2.51,Akvavit,2023-05-25,2023,sad
1BJuFvdnSTZhZzNB2GfxOI,Rain Is Pattering On The Roof,2.1,Soft Soundscapes,2023-12-21,2023,sad
5r7vuSx8Z7j4dK9I4Q6wch,Shhhh! Golf is On,2.74,Hot Mulligan,2023-05-12,2023,sad
6klSlROs0O12HgftJZVShN,To Be A Man,3.65,Dax,2023-08-18,2023,sad
2pUYbyOIOSfDfsnCR3KceZ,Jake's Piano - Long Island,5.32,Zach Bryan,2023-08-25,2023,sad
2mllP07S8ZT3OnYBXyRtJ7,Holes,3.98,Wyatt Flores,2023-11-17,2023,sad
2Mg90m4xDJBdG4vx5Ml2tk,trust issues,2.24,Jessica Baio,2023-03-10,2023,sad
1l0BBsLElenQWul8Fn8tT1,I Don't Like My Mind,2.42,Mitski,2023-09-15,2023,sad
51tWaNW17bJvFoe8kpgwIe,is there anyone home?,3.63,Lil Darkie,2023-02-27,2023,sad
5T8P75BOEPCklbKZzLkTVl,It's Raining,2.03,Soft Soundscapes,2023-12-21,2023,sad
1sbaC7KNrZ4c5jb4Kcswnt,Sadie,3.59,Lady Heroine,2023-10-31,2023,sad
03qWNGsO4kN4UEPbyFenhR,Storm Is Coming,2.27,Nature Therapy,2023-08-03,2023,sad
7M4uHhV6a2cu198hNo0ARn,Pink is the Sound of My Baby’s Dreams,2.04,Invention of Light,2023-03-31,2023,sad
4flWHSLV6ut0sPu0nQ1lCE,Wasting All These Tears,3.26,Austin Snell,2023-01-30,2023,sad
6wf7Yu7cxBSPrRlWeSeK0Q,"What Was I Made For? [From The Motion Picture ""Barbie""]",3.71,Billie Eilish,2023-07-13,2023,sad
1Z22uO92kr73rVFPTMa6aE,Wasted (feat. Lil Uzi Vert),4.31,"Juice WRLD, Lil Uzi Vert",2023-05-18,2023,sad
3XdmVIZJRiyPC9jN2bKRGT,Wasted Summers - Slowed Down,2.59,juju<3,2023-10-11,2023,sad
3GWwwvdISFeT7Xjytc1NDc,Sade Like A Tattoo (Skep's Jungle Edit),7.01,Skep,2023-04-18,2023,sad
2psRActEWsTlYYd7EDoyVR,Those Eyes,3.68,New West,2023-10-20,2023,sad
1ueHPv2kx017YoF1kizVQ3,Wasted Prayers,3.41,Matt Schuster,2023-08-08,2023,sad
7bJBNyUvOeAxpMERQVtCks,The Wash,3.6,Nature Therapy,2023-04-03,2023,sad
53A4Mu0xA0q2IxUIJEQ8a6,Wasted You,2.75,Will Swinton,2023-10-27,2023,sad
2do3QBtWQS2XgpZrGvbr6E,waste my time,2.34,iamjakehill,2023-12-18,2023,sad
78lAfg46tZQqSgX392GClM,Wasted (feat. Lil Uzi Vert),4.31,"Juice WRLD, Lil Uzi Vert",2023-05-18,2023,sad
3psWt5lu1N4OKXLYFi5Sji,Was it true love?,3.07,Luke Roose,2023-03-31,2023,sad
4dQsvYAwIoObqacE8rP5Ok,The One That Was Meant for Me,3.21,Johnny Huynh,2023-10-27,2023,sad
0a9w6rQAPMfCtnCExpCE2a,was it easy getting over me?,3.28,Gloria Kim,2023-01-20,2023,sad
4gpfihcTO7NKPFsn3Vl4fq,I Can't Go Back To The Way It Was (Intro),1.59,The Kid LAROI,2023-01-19,2023,sad
2fWFUDBoF6tuX1eOtlqluC,wasted,3.57,Dosey,2023-06-07,2023,sad
0NBVGDwK0a6y8ejqfipcgK,waste my time,2.34,iamjakehill,2023-03-15,2023,sad
4OHvnUApEAovggMzoegwIf,Wasting Your Time,2.0,Indigo De Souza,2023-04-28,2023,sad
6FKV0v8gcZsiWegPbBMhWC,wasted shadow,3.31,"Naits, benny mayne",2023-11-17,2023,sad
1OAshDUjEqlRk7nKthpMHP,Rainily,2.51,Washy Wonka,2023-01-13,2023,sad
6qhvnBkkz7Jg71LWqJeNVv,Sad Theme,2.87,LUDEN,2023-09-04,2023,sad
6j5BK1cFX9TjJd5EXHGgAn,The Light,2.87,Juice WRLD,2023-03-23,2023,sad
7nDXmx3FuyeX7FI7PFl2iX,The Wisp Sings,5.22,Winter Aid,2023-11-10,2023,sad
3Nl5OkkmS5DaBZvuYofpAt,the grudge,3.16,Olivia Rodrigo,2023-09-08,2023,sad
4pCbJC43j3gSqG6Fen6upD,Hey Driver (feat. The War and Treaty),3.79,"Zach Bryan, The War And Treaty",2023-08-25,2023,sad
6k1gOoC7yKaPTnnaXO4V3z,I'm the Worst,3.19,Treaty Oak Revival,2023-11-24,2023,sad
3jgy5yskR6lXtO6dFQKlVE,The Day I Die,4.1,Chris Stapleton,2023-11-10,2023,sad
0HEytGQM3bG1vKxER7IgVK,Spotless (feat. The Lumineers),2.82,"Zach Bryan, The Lumineers",2023-08-25,2023,sad
2EZmdpnq1dViZ8FMmYUtyo,"The Sleep (500 Hz LP, 100 Hz HP)",3.33,NC2 LABORATORIES,2023-01-29,2023,sad
4aA7Lrm6rLGHx5kRMVb7NU,Fight The Feeling,2.68,Rod Wave,2023-09-15,2023,sad
7siXHCf5qUbyJrhNYQXKFr,Dancing in the Sky,3.11,Sam Barber,2023-09-21,2023,sad
7lF1wextYUfNFP5xy7DH4m,They Leave,2.73,Jessie Murph,2023-02-10,2023,sad
41nIJErYY9goKvnCyG7ov6,The Frost,2.81,Mitski,2023-09-15,2023,sad
0CNJcM33kvWE8v26wBy9wB,The Deal,3.87,Mitski,2023-09-15,2023,sad
7yFvDSYYCsDb0ojZ5YJaZR,The Rainy Coast,2.55,Ocean Therapy,2023-08-03,2023,sad
2ld78NbAKV67RtKFZwhyQ5,The Waves Beneath,3.81,Nature Therapy,2023-04-03,2023,sad
3a8NTuwOT8NcIS3FpsLhY1,Chase Her,3.32,Bailey Zimmerman,2023-01-11,2023,sad
13pFQ8yt2ciZXsFdATk9Bo,here lies country music,3.68,HARDY,2023-01-20,2023,sad
4gNly8qCWAUqHNc6Ubfb1a,HER DOWNFALL,3.16,Georgiou Music,2023-11-02,2023,sad
19vV1i1AluuK7mQcJmM5GZ,Hermosura de Mujer,3.74,"Eslabon Armado, Edgardo Nuñez",2023-04-28,2023,sad
24C9b4H9cMurK4xzAZFxMF,Her Therapist,2.55,3Breezy,2023-04-21,2023,sad
2tXN79z8tnj7IwbhPC8kNy,Thrivin Here,2.89,Gavin Adcock,2023-05-19,2023,sad
490LbnobezAWnxPLCJjfCY,Here Without You,2.71,Isaac Levi,2023-10-20,2023,sad
5nq05vGdiMi8TKAMyBJgT7,Her and the Banks,2.83,Max McNown,2023-10-20,2023,sad
3geIUs7T2qyIHPFaYHTIGS,Here With Me,4.04,d4vd,2023-10-13,2023,sad
0DxQMXqaPwr0sEhLJJLycH,Her,3.42,Sophia Scott,2023-01-11,2023,sad
4PUNt1zHjlenTKi6jtH4EA,Sad Fck,3.16,NERVE,2023-05-30,2023,sad
2wMVhtFjJpyr4Xrzc7YrWC,Right Here,3.08,Lil Poppa,2023-12-08,2023,sad
6FMQWkWAyA5iN3j0NiW1T2,A Cigarette,3.0,Gavin Adcock,2023-11-17,2023,sad
55RipYmghgumpzBx8DyorP,Been here before,3.0,"GTW Mik, Baby Dreco",2023-05-10,2023,sad
0arakLpzowyd8DmwJmUpoU,I DONT WANNA BE HERE,2.32,"Nazaki, Daniel Javan, Rivio",2023-06-23,2023,sad
4bNgPTQMwGRKoVX0yeGNL1,Make Me Quit,3.76,Gavin Adcock,2023-10-20,2023,sad
2qzTh7tVfFYj16jYXzQ6Tg,Hero,3.11,Atlus,2023-05-26,2023,sad
3eOeRly00MkRZdXE87wd4j,Brown Noise 320 Hz,3.57,Sleep Dimension,2023-06-16,2023,sad
52cpPh4oiM8aWu2pk4tImr,Him & I - Speed,3.67,"ONIBI, ImXgine, Sad Bart Hours",2023-06-17,2023,sad
2HER9vwImxFnejMGTEnqK5,alive (it's a lie) - demo,2.1,Kyle Hume,2023-03-07,2023,sad
247VNgoiQuDmknFtNLMEhX,if i would have known - acoustic version,2.62,Kyle Hume,2023-04-21,2023,sad
4ZMmcuq8ZbTetvodozY3fb,All Because of Him,3.3,"Shawna Edwards, Alivia Lemon, Jane Lemon, Sydney Adamson, Andee Rentschler, Sadie Hull",2023-03-20,2023,sad
5EPrpCZCoqpVtHweN9oh4q,Himmelstor,2.27,MIKROMATIQUE,2023-10-29,2023,sad
1wnraERlBZNnDMPgHRVU67,For Him,3.42,"Ouse, Svar",2023-02-17,2023,sad
4lfIN7b4z3q43p8v7PynPk,Did You Tell Him About Me?,3.2,Dylan Matthew,2023-08-18,2023,sad
25Jo1vjCfpH9omTHPdUtIt,Hiemal Mist - Rain,2.93,Willow Drift,2023-03-15,2023,sad
3wV9AqxNk8yvMNrRFZcxXw,Kusatsu Droplets,2.93,Okami Sky,2023-05-31,2023,sad
53KyR1NQrjYN3p9lHF390o,kiss him again,1.95,Shiki XO,2023-05-05,2023,sad
1HWulXniu82PCN4zCDcH53,Sad Sale,3.39,Himmat Sandhu,2023-01-25,2023,sad
22j47W1LhFNKAK4tYsy7zU,Rayban,4.15,Himmat Sandhu,2023-01-06,2023,sad
43IZfQCzVC4qAqA4lcg2vo,Don't Blame Him,2.8,Scorey,2023-03-17,2023,sad
3xw3LUpJ7JZB8vdkcSRpcX,A Lonely Man Awash in Sadness,0.9,Thomas Newman,2023-06-16,2023,sad
3UTjsvapmjxRFe4RUaM7JV,"Take Care Of Him, Ok?",4.05,Rosendale,2023-07-21,2023,sad
1SaxtPnqz7biLpruc5mcEd,I Left Him,3.34,"SAD FREQ, DrewOne",2023-06-30,2023,sad
3sCw5hkpVVQEHC8ehnBcA0,Hima Sadi Biloj Ma,3.87,"Diksha Dhoundiyal, Fauji Dayal Mehra",2023-09-27,2023,sad
6nwJ4ydFYqEbws8zW8Lwfa,Summertime Sadness,3.7,The Him,2023-11-10,2023,sad
266yIHzoux70s8zaxX8aiV,That's Him!,1.93,Bri-C,2023-05-26,2023,sad
0QxJhnRdZOO2sUtsJwEOYo,Waiting for Him,1.36,Tearless Night,2023-12-26,2023,sad
0u1CHUgrrPOZf6ORXU0iHu,Hush Little Baby,1.76,Dream Supplier,2023-02-17,2023,sad
73JxhfMzJJ8ww5DtpLy8uc,Brahms Lullaby Wiegenlied,2.84,Dream Supplier,2023-02-17,2023,sad
6dgZEk3lBngRHrUodnCY3y,Snowy Serenity,2.75,Lavender Balm,2023-12-25,2023,sad
7HQfAlOzbWKfduUh8Xx88e,Little Bo Peep,2.08,Dream Supplier,2023-02-17,2023,sad
2KQ4aHdn7uIpxQqIEACBMn,Row Row Row Your Boat,1.4,Dream Supplier,2023-02-17,2023,sad
4EToioHtnXcQOdIVZFuin7,Somewhere over the Rainbow,2.26,Dream Supplier,2023-02-17,2023,sad
5IxjevUalxcGkmTgxu16f7,Baby Sleeps in a Blanket of White,2.21,Invention of Light,2023-01-27,2023,sad
7bhUnwhjn0f5eTNxGSYvZs,Foster Baby,3.56,Lil Tjay,2023-07-14,2023,sad
48RfgCnQ72SFfx3oPXYmwc,Deep Red Noise (Loopable no fade),2.34,Dream Supplier,2023-10-27,2023,sad
7LbkoNf1QR4G0KhKQmRYPx,Baby Doll,2.23,Tabber,2023-10-25,2023,sad
3cNlR1vO4bXOT1bVV0HBgX,White Noise Meditation Oasis,2.54,Sound Carrie,2023-05-26,2023,sad
1yz59mnyn7vXjJCKdZ2ZJx,Serenade Under Starlight,1.07,Chilling Charlie,2023-12-28,2023,sad
5XFxcAdSqwFv5SSwN67nzL,Pink Noise Baby Sleep Aid,2.36,Invention of Light,2023-03-31,2023,sad
49EPUYNZSpstXmtCx7nPHW,Soothing Twilight Melodies,1.08,Snoozy Samson,2023-12-28,2023,sad
5mTijH5hUc90DxnmaccSKQ,Blank Canvas - White Noise,2.46,Lavender Balm,2023-09-22,2023,sad
3f5EOPD45n6H91NdZxu5TI,White Noise and the Storm,2.54,Sleep Hunters,2023-02-10,2023,sad
1jhbb8XmxDL5SsngpUx2fq,White Noise and the Snow,2.03,Citys Of Collides,2023-02-03,2023,sad
5ybZcAwqUF7i9gwABLeXzs,2 Grown (feat. The Kid LAROI),3.87,"Lil Tjay, The Kid LAROI",2023-07-14,2023,sad
6J3zxF0AgnoPGzz8Nz0y6I,Someone New,3.17,Kylie Muse,2023-03-31,2023,sad
7hqrxzgxfWhFeXYeSqLqW9,Nothin New,2.88,honestav,2023-02-03,2023,sad
30kb81kyT9ZwzvhfPUkQih,Brown Noise Focal Point,3.81,New Lab,2023-01-27,2023,sad
1jWiClvTZzycMM2BxR1BeY,news,3.21,Jack Dean,2023-10-20,2023,sad
6x2F4nkIWUUMk6srvRY18j,sad robots don't cry,2.47,"DESTROY BORING, Belis",2023-04-10,2023,sad
2sFHdYjU9NY3o0VWS5Kobo,Sade,2.91,Jeezy,2023-11-03,2023,sad
1N9MxlgV92QfqwxRjBacFj,nothing’s new - slowed + reverb,3.98,"slō, twilight",2023-11-29,2023,sad
0GMv8G08RwBJyACjLAFaaU,New Sheriff In Town,2.89,Big Sad 1900,2023-02-17,2023,sad
2Abxgo1DBPqGO85RKGll8X,I Am a Witness,2.56,"Shawna Edwards, Alivia Lemon, Jane Lemon, Sydney Adamson, Andee Rentschler, Sadie Hull",2023-03-20,2023,sad
6hLJU8q73AKK40SiGlaU6e,"new year, same me",2.56,Bachyard Ghost,2023-04-20,2023,sad
2K2kVZtAl1dpNncoYRrTlt,Hole In My Heart (feat. Jadakiss),3.21,"Lil Tjay, Jadakiss",2023-07-14,2023,sad
4lkE4bYWfIc9lRajWTgb61,Lita,2.62,Kee Nola,2023-02-03,2023,sad
29xte8aiNkVYDeEk6AYo9G,Spin The Block,2.82,"Killa Fonte, Big Sad 1900",2023-02-25,2023,sad
5x6Efhy9DJMHcMngLHZnJX,Cup Runneth Over,4.31,Kiki Rockwell,2023-06-08,2023,sad
62MrQ6LKtNeWCLSYQFTq8h,Past The Past,2.64,New Medicine,2023-04-28,2023,sad
3RSa4G2wViUnp486dVUGfp,A New Life,2.0,Vita Nova,2023-02-03,2023,sad
5Eo845FmR5SC6KjwbnCM5C,Old Farm Drive,3.02,Gavin Adcock,2023-05-19,2023,sad
1Dq5By1yUrOB0zSxhCc5v8,Reckless,3.39,Madison Beer,2023-09-15,2023,sad
0EGjsOZzKozBFdYu2fadyF,Older,3.08,Sasha Alex Sloan,2023-12-08,2023,sad
4Na8o82wKItDTndJr2Iyu5,Can't Break Up Now,3.34,"Old Dominion, Megan Moroney",2023-10-06,2023,sad
3vsdSgCvepm6kroIPLa4Oz,Can't Break Up Now,3.34,"Old Dominion, Megan Moroney",2023-08-18,2023,sad
3lwuQwnViW8pTXUG6aSYO1,Sad Old Rai - ميكس الطريق - Extended,8.29,Trabic Music,2023-07-26,2023,sad
4FfQsMOlYHcthehS9XxhUJ,Old Mac Donald Had a Farm - White Noise Version,1.67,Slow Eyes,2023-02-28,2023,sad
3ixh9DYRvIJNPFXoeC6THk,Old Me,3.62,Arjan Dhillon,2023-03-02,2023,sad
2XIryNACemVeFw9KVjOsiw,Old Ways,1.83,C-Lou,2023-11-19,2023,sad
3DBJE1Zndql25OGUQSv7aD,A Year Ago,2.85,James Arthur,2023-05-12,2023,sad
6OtRBBUdVWVZzdJcUF9IsJ,"Live Forever (feat. Kotomi & Ryan Elder) - from ""Rick and Morty: Season 7""",2.78,"Rick and Morty, Kotomi, Ryan Elder",2023-11-05,2023,sad
5h5CQwgjgQrBUacsqR2zR7,A Thousand Years,4.23,James Arthur,2023-03-24,2023,sad
2BRgLIB3KV9EYdUkOgDgWs,Strangers - sad acoustic version,3.08,Kenya Grace,2023-10-27,2023,sad
01PKc4P5Uvo72OSrhqcmw4,old doll,2.17,"emptiness, love.nicotine",2023-12-31,2023,sad
3SAVMkqxtrwyW2Tpv1poh6,a letter to my old best friend,3.74,Josiah MacCartney,2023-09-01,2023,sad
4Dhic5lCf3U1nefagM5zwy,I Tried,2.27,Daniel Seavey,2023-01-13,2023,sad
7qkwdVYAWwpOSeFY0EdWmP,SOS (SAME OLD SHIT),2.06,Dutch Melrose,2023-12-22,2023,sad
4YoftIdiSsls7SozrXA0EI,LOST MYSELF,2.94,"Parker Jack, Chyde",2023-03-03,2023,sad
4ShfwbIxFL02tiDTEOAMs0,Lost,2.17,Levent Geiger,2023-06-30,2023,sad
1fucTcbHu38kGrf0kVnegB,Lost interest,1.5,Resentvul,2023-02-17,2023,sad
402vshjFGKbX9KWSsODr8c,Lost Souls,3.4,Ike Dweck,2023-10-03,2023,sad
1d4YRwKCamXGiKU3xqLdIz,Lost in the Mail,3.67,"Ricky Hil, Lil Peep",2023-06-30,2023,sad
0cVCSfdI0gl2jJopZPKCaO,Poetic Vulgarity,4.01,d4vd,2023-09-08,2023,sad
08uumZhgj0kq2AbQUoONHm,Hollow Prayers,2.78,d4vd,2023-09-08,2023,sad
1exDZN0zsfDpsIKamOqmSz,Once More,2.03,d4vd,2023-09-08,2023,sad
46SAHpwyRtB6QLXIMJd1sW,lost soul XVII,2.54,"no.cape, Belak",2023-04-27,2023,sad
3koQV9TtQq5XTYf0Cw0zUq,Lost In Noise,3.08,Sleepness Orchestra,2023-01-25,2023,sad
1jVMbTArk8CqMRwLVlJT3M,So Lost,3.74,Coleman Lane,2023-10-22,2023,sad
5NQnXUZkboppTPTusTK1no,Lost,2.14,Sterling Hudson,2023-05-17,2023,sad
4y5RFrDv1uWectpqyxjF4M,Lost Boy - Sped Up,1.39,fenekot,2023-06-16,2023,sad
1O7KfXysWpCCAvofLzxuTi,Lost Soul,3.43,Nirvair Pannu,2023-01-20,2023,sad
4hzIj8LM9h6bDw5yK8olCB,Notes From A Wrist,3.16,d4vd,2023-09-08,2023,sad
7M3ZtnW5Nup1r0ux9N32BC,a lost love,2.05,Ophelia Wilde,2023-07-14,2023,sad
6t0W83BiyYIHqlJAuYtFj8,Lost Out Loud,2.37,"Drex Carter, SadBoyProlific",2023-12-15,2023,sad
2hSFrUR3u4lSAcauyPNYMd,Lost in the Loud,2.16,Zebatin,2023-10-20,2023,sad
48f33svXfWIqYQhJpaeQkF,lost my voice,2.77,"Jomie, Skinny Atlas",2023-01-02,2023,sad
41s8TlEiXtACk0z8Se79KE,"Good, but not together",3.04,Valley,2023-06-23,2023,sad
0duALa6UlxVWqEqpmhv73p,A Lot More Free,3.32,Max McNown,2023-08-25,2023,sad
36oNCGbPVXLp4l1FQFIiaK,To Be Free,2.8,Dylan Gossett,2023-06-20,2023,sad
3naCchcaDx3xeFqEFzeYFS,Freezing in November,2.26,Max McNown,2023-08-25,2023,sad
6t8xmWCqEdR3BuRpqt0uni,it's called: freefall (called to the devil and the devil said hey) - slowed + reverb,2.94,"slō, twilight, Tazzy",2023-02-22,2023,sad
6QNbeE0EHzopVeIjg5BS0E,#34 Bitches Suck My Dick #Based And #Proper Freestyle,3.02,"tenkay, 1sadboii",2023-02-08,2023,sad
4Peo5PzGY1rGW7ao8LekkJ,Pergola Freestyle - Live,3.58,"LaRussell, Sada Baby, Hokage Simon, Michael Prince",2023-05-16,2023,sad
3fFI9wK6aZgeLuS8y3E9PH,Blue Eyed Constellation,3.9,Max McNown,2023-08-25,2023,sad
6c272sBKZBA84H1u8tcNkB,I Will Belong,3.06,Max McNown,2023-08-25,2023,sad
7BKzn2sBaZ71mdL7bZbuB8,Pink Elephant Noise,3.52,Pinkfreq,2023-03-05,2023,sad
7bVTZawHTGmJo2dVJ6y65a,free,1.84,vinnie,2023-02-23,2023,sad
2XsYy0zVhmSxf9qnonc5Lr,Beauty And A Freak,2.99,John Michael Howell,2023-12-15,2023,sad
23jM6ZeAfnNym3vScYy0mj,It's Called: Freefall,1.51,noturgf,2023-01-31,2023,sad
0bc1tyY5LL6ZMXh86BGteU,To Be Free,2.8,Dylan Gossett,2023-10-27,2023,sad
1R5crzyIDmw2n9Co8qFNEQ,Basement Freestyle,2.8,Zach Diamond,2023-06-23,2023,sad
4xvvM5oA8n6vzLkyIc0OzL,FREE,3.66,"love-sadKID, Rav, exociety, Kill Bill: The Rapper, Scuare",2023-09-20,2023,sad
6Ymq979YteLlb7p9PWrBQz,FREEZE TAG,3.22,Sada Baby,2023-02-24,2023,sad
57zurzk7ty1u3AIZeD8Jei,Diamond Piano Freestyle (Outro),12.87,"Lil Peep, ILOVEMAKONNEN",2023-09-08,2023,sad
4uOpapHYtv7lD03InjhLl4,Free With You - Remix,2.68,"Rnla, yaeow, Rxseboy",2023-07-21,2023,sad
46UuIql10W3XNynlubYFG2,freezer,3.07,Unodavid,2023-07-14,2023,sad
5okcgtPQCzolqEOBeSx0ph,WYD Now?,2.41,Sadie Jean,2023-12-01,2023,sad
4CAczeiHfCjMknhbNh7UJ8,Kiss Me,3.8,"Lil Peep, ILOVEMAKONNEN",2023-09-08,2023,sad
5AGS8VxsLyHQOWz0ZTuwIN,How I'm Feeling Now,3.77,Lewis Capaldi,2023-05-19,2023,sad
37imLguIvWwDJNT6RGO2Qi,Looking Back Now,3.5,Cody Hibbard,2023-02-24,2023,sad
4dmp8Sn6rFzILzqUgHkoQ2,Hate Me Now,2.28,Ryan Caraveo,2023-12-01,2023,sad
4h6cRlmom1prZp4yveubmI,"Sad, Sad Story - Remastered",3.11,The Ethics,2023-05-19,2023,sad
0yzb7gPnOMuTI1hR8JqfEa,ALWAYS NOWHERE,1.92,"DESTROY BORING, Belis",2023-03-03,2023,sad
5mGPuajka7C75r5sFwbN10,Echoes From Nowhere,3.08,Aguamenti,2023-12-26,2023,sad
2HZY6R03tT2x5LbwZysPx2,NOW U WANNA TALK,3.04,sad brad,2023-03-24,2023,sad
0sUzqTXuvRZQGkWb3uhbj1,Over Now - Live From London,3.57,Kameron Marlowe,2023-05-03,2023,sad
33dJ18Itb7N0WRABXJh2bH,Help Me,3.26,"ARAYA, Fazzi",2023-10-06,2023,sad
5mOMnK62T6pHOlZ1JJ3kau,Better by Now,4.27,Josh Tobias,2023-03-31,2023,sad
74AfhxnaUQpuslr2iqDoSt,nowhere fast,2.64,Alexa Valentino,2023-01-13,2023,sad
11JEWfvxDpx98MDvUS5Wph,Where Do All The Good Kids Go?,3.27,Maddie Zahm,2023-10-20,2023,sad
7Iiy9ZdOhujufaqZimsHJS,Pick Up The Phone,3.0,Maddie Zahm,2023-10-20,2023,sad
5f66dhL4qcpKFzgBkZneGy,imissyou.,3.57,Maddie Zahm,2023-10-20,2023,sad
4WQrvwAyEuzybKibfAfnEI,Hate Me Now,2.28,Ryan Caraveo,2023-09-08,2023,sad
11keQP4jfwR1eXAPTmwBOp,"Look Mom, I'm a Rapper Now!",2.28,Lil Revive,2023-03-27,2023,sad
2LCGFBu1ej6zt4r1VGPjny,GONE,4.1,"NF, Julia Michaels",2023-04-07,2023,sad
2AtzYzxm5MOt5FgngvCvyM,Gone For Good,3.85,Will Moseley,2023-09-22,2023,sad
1dnS8ifgQzwpjjh3gN7wMo,Too Far Gone,3.32,Evan Honer,2023-04-28,2023,sad
2JlYw4CvXUjU95tV7X85P4,Goin' Gone,2.91,Gavin Adcock,2023-05-19,2023,sad
0uabVim8jGeZuVhXG24SOc,Gone,2.18,dampszn,2023-03-31,2023,sad
3C3ooMrQyhr0gouukZTGz4,Get to Gettin’ Gone,3.04,Bailey Zimmerman,2023-01-11,2023,sad
0sVbWi0RLKwFSnPmckiwPg,GONE,2.27,Grioten,2023-10-20,2023,sad
3GBAjiD69p9oKmlf1BGGz7,Long Gone,2.37,Oliver Anthony Music,2023-06-08,2023,sad
2WC9mqYw2sHZKdbdWI4Nm2,Gone For Good,3.06,Brennan Story,2023-02-17,2023,sad
6x1I3zQyA5cUCsxPrGHHrP,Already Gone,2.71,Dermot Kennedy,2023-06-07,2023,sad
3JTfeSOT6n36CIiTcZACmH,GONE BOY GONE AWRY,2.83,Wxrld24,2023-11-27,2023,sad
5kQdQ3ZNc1yJrX3ERMB8Mu,Long Gone,3.12,Juice WRLD,2023-05-18,2023,sad
4IoINfyPGBFhbVEmH2ItDr,I'm Gone,3.06,"Ruff Neck HiFi Records, Small Axe, Mmaps Athletics",2023-04-20,2023,sad
0DOIvgFGqLVq6No5IBvRYe,Dead And Gone,2.53,Thekidszn,2023-04-28,2023,sad
0m0ivgOKCTNeJTbL15Nb70,Gone Again,3.29,Callum Kerr,2023-08-31,2023,sad
49TUj7MBdLNOPswep5rLZB,So Gone,2.13,Xavier,2023-10-20,2023,sad
2CA2xJnN92sTT3DN4GpK3r,i'll be gone soon,1.73,sorrow,2023-06-02,2023,sad
4VfHKO7GM1jdFdBbU9qz3S,Gone By the Morning,3.37,Eddie Flint,2023-08-24,2023,sad
0LKvQoHgVvGoYezl5J8P28,Gone With The Wind (feat. Einer Bankz),3.02,"Clever, Einer Bankz",2023-03-28,2023,sad
2zMuZS18f3pTl305amsBom,Gone For Good,3.14,Ashley Singh,2023-06-23,2023,sad
1ZUCZo5YNf1VEfvrr4vTk4,Backroad,2.63,LECADE,2023-03-31,2023,sad
5QMoLZKqvTxerOzUIm3WV4,back in the saddle,2.95,Ashley Cooke,2023-07-21,2023,sad
32LxE36Hzpoymb8Lg9Wazq,Sad Buckets,1.44,Winston Zanner,2023-05-05,2023,sad
4ElKcBa8euLmd3IoZpjhCB,Sad Background Music Piano - Copyright Free Music,1.13,"Copyright Free Music, Copyright Free Background Music",2023-09-16,2023,sad
6u6C5zG0nHyRHXa0EYNMa2,Sad Background Music - Copyright Free Music,1.2,"Copyright Free Music, Copyright Free Background Music",2023-09-16,2023,sad
0R2e7LJXo4GNKsKtMN2bjI,Laid Back Brown Noise,2.9,High Above The Clouds,2023-09-24,2023,sad
0xBbC1lN9GW9w2QvlnrJJg,Back In the Saddle,4.67,Aerosmith,2023-08-18,2023,sad
6jakv1SAo2E71bXhOTnUst,Back in My Shell,2.39,Fresco Trey,2023-06-16,2023,sad
0SlDqjj0LQsWzEEuzW9zDu,running back,3.12,Ashley Cooke,2023-07-21,2023,sad
3ilaxVmpD2GDX2CJUaro0A,Back to the Start,2.56,PVLN,2023-03-10,2023,sad
0nf0prxGiJlvNomPmYxe86,Back to You,3.29,Benjamin Dakota Rogers,2023-02-17,2023,sad
5Z2RJK3bCl55Yp9tpNgzlr,Backseat Blues,2.9,NIGHTMÆR,2023-08-31,2023,sad
2RvCCX0ISTg3mXiB6k5Qwf,Back in Mommy's Belly,3.05,Noise Fabricants,2023-10-08,2023,sad
5etrSAugIe3FXuG6em9Atj,All Again,3.81,Charles Wesley Godwin,2023-09-22,2023,sad
6sqUAoMZpvgqJ7NHE0qqw0,bled again,2.84,sace6,2023-09-13,2023,sad
3PZtsAeloXwOxBhSpHeZoT,Fallin' Again (feat. Tatiana Manaois),3.94,"Yatta Bandz, Tatiana Manaois",2023-08-18,2023,sad
2l59zq1kdZ3EvMkahXz0BL,again,2.41,logan,2023-04-26,2023,sad
6Ky8ROf2VWY5vwoGfMet7x,Forever & Again (From Barbie The Album),2.32,The Kid LAROI,2023-07-21,2023,sad
6qI26xIuggOaxmM3rrO07K,Calming Waves Lapping Against My Feet,2.03,Untamed Planet,2023-12-22,2023,sad
7cVufRmSWo6ogfYyuAJC0w,Never With You Again,2.2,Chri$tian Gate$,2023-01-27,2023,sad
0gPzcqQpKpefnhrKTAlySB,Lie Again,2.53,Yung Trip,2023-11-24,2023,sad
6Q98jNBR2x9LcGah8VLTRA,again (sad song) - speed up,1.86,"moody, Shiloh Dynasty, sped up",2023-04-05,2023,sad
2pdbNPIBRuAyspK97Blj0a,Forever & Again,2.32,The Kid LAROI,2023-07-21,2023,sad
4CmWJjmqSIjH2zXnF6nI4S,start again,2.86,iann dior,2023-04-21,2023,sad
4LikBrGVLKO61HoPwHAygC,Leave Me Again,2.98,Kelsea Ballerini,2023-08-11,2023,sad
5r4sq0H3vzRIqnI7yystIo,Leave Me Again,2.98,Kelsea Ballerini,2023-02-14,2023,sad
73fIKre6GdEA8yOiRSPGus,Never Be Sad Again - Bonus,1.97,"Dang CJ, Plaque Productions",2023-11-23,2023,sad
17P7ZjprOUsUKeZdPJLZtQ,not again,2.91,gavn!,2023-09-29,2023,sad
3wAQQgUu3f44uiuJ6dcCFG,Everyone's Dying (Grandma's Drunk Again),2.43,Roe Kapara,2023-04-14,2023,sad
4uw1f8umY4pcawFwLIG07i,Soft Evening Wavelets Lap Against the Beach,2.0,Luvial Dreams,2023-07-24,2023,sad
442grE8uXaCmGXxVXRpHx1,Sad Forever,2.93,Lauren Spencer Smith,2023-10-13,2023,sad
3G9pk7bMKOTddbQLGCAPIa,forever,2.59,Emcee KB,2023-01-27,2023,sad
7zSSHRBpgiLfGwaY2fpjzd,Forever,3.31,"Mills, Sweezy",2023-12-01,2023,sad
1Gg7WEa4XY0k6Te85tDFfV,Fantasy,3.47,"Pollari, Lil Peep",2023-05-12,2023,sad
1GxCKoWZ5IaFfmwrJSiSMV,f0rever w/u,2.18,"DESTROY BORING, Belis",2023-06-16,2023,sad
5zkW8lCrsSSMwo77zPe7Dg,Sad Forever,2.3,Fly By Nightcore,2023-05-19,2023,sad
7GBlzmv4ICfn0j8iOK9BWi,Rrari Forever,2.78,EBK Jaaybo,2023-10-27,2023,sad
0pwQZkXAMjnTMSEaAQ6IG3,Alone Forever,3.31,Joel Cossette,2023-08-02,2023,sad
43Y5sAAmnu3PjWGggKd9Ut,Forever in my heart,2.41,Deijeion Russell,2023-08-04,2023,sad
3ldX4km41g4q6iCKYGctN2,Forever (Low Key),2.96,John Michael Howell,2023-12-29,2023,sad
0P5eOC4fHKzKpVg6oDU3JK,Forever,3.75,Dolores Finn,2023-12-01,2023,sad
25DfUCBCZuKeLDuknj480V,Nothing's Forever,3.31,Zoe Wees,2023-11-03,2023,sad
0Lvqed3w7S0KpHbxbF0j9Z,forever the weakest link,2.14,"VITO, Idkconundrum",2023-09-22,2023,sad
2Ajs5aSy32oI3p6Wy9bpbK,Can We Kiss Forever?,1.28,Holem,2023-08-17,2023,sad
3en4ih7G4ejyYVkgvoVwFM,From Hell With Love,3.88,Ryan Caraveo,2023-12-01,2023,sad
05khCFoasvNYFvqQ4GC4t9,IF I DIE TONIGHT,2.72,"Parker Jack, Chyde",2023-06-16,2023,sad
3cmOZA206efRuJXJQDDdP5,Come With Me Tonight,2.71,Big Sad 1900,2023-02-10,2023,sad
2GqFfughLfeiDbiEYdV06f,Tonight,1.6,Millyz,2023-03-10,2023,sad
0Y868jj5b28ljz9JDidviu,If You Want Me Tonight,3.99,Landon Smith,2023-03-01,2023,sad
2SJ8CE6gHbyvGQ7sXE6ZdM,die tonight,2.1,"Lxst Boy, Cavasoul, gloomy, autrioly",2023-09-16,2023,sad
7n8lKpX3jyZvKOeJ17wm3h,(i just) died in your arms tonight - slowed + reverb,5.07,"slō, twilight, Tazzy",2023-03-29,2023,sad
5QmueFKXbjSOcShZyzn2WZ,die tonight,2.1,"gloomy, Lxst Boy, Cavasoul, autrioly",2023-06-23,2023,sad
03TT5D6LGvgbmeP5T2J4nw,I'm Sad Tonight,4.59,Brown And Garrett,2023-06-19,2023,sad
0Ir7u9DSxUnCutJbhYrDFX,Stay Home Tonight,3.43,James Tucker,2023-08-24,2023,sad
6Mk79aQ27ZQzGVao9551X6,breathe,3.4,melatonin boy,2023-05-12,2023,sad
3Ob85nK589tNdTWGCRPu7U,Come With Me Tonight,2.71,Big Sad 1900,2023-02-17,2023,sad
1Fvb3QFwKBMF2o8QDgdZdS,Forsure Tonight (So Plushed Interlude),4.15,Iriyon Prince,2023-05-05,2023,sad
1NXvLauMZzZZxUFUwO7JwR,"Tonight We Strike (From ""The Lion Guard: Return Of The Roar"") - Slowed Down Version",2.28,Speed Geek,2023-01-27,2023,sad
39deJVr5ntwCgb4RcSo837,lady (hear me tonight) - slowed + reverb,4.2,"slō, twilight, Tazzy",2023-01-11,2023,sad
3S1t3XrQBorEHTLMgsUhb9,Tonight,4.34,"Avenue, SADYOUTH",2023-01-24,2023,sad
7KkxppVo6knk8OxPjPSe31,waiting for tonight - slowed + reverb,4.72,"slō, twilight",2023-08-11,2023,sad
5n9C9WjtCvqAiZras1YhJK,Missing You Tonight,2.33,Brennan Savage,2023-12-29,2023,sad
0foLddLDdzdnrqWNAtys0p,tonight,2.85,"mirtsi, Jomie",2023-11-03,2023,sad
0YfgsabaGCOKhL79fgCGsa,After Tonight,3.36,Sadlands,2023-09-29,2023,sad
7fWBnqNqAHdODaae5UWti7,Sadie (Don't You Stop This Thing Tonight),4.73,LUKE,2023-11-03,2023,sad
1TE8AAk9koG0UJco6ZAUfx,Rock and A Hard Place,3.46,Bailey Zimmerman,2023-01-11,2023,rock
6YOfGIE6iFxC7G8OlGGvzW,ROCKSTAR,2.81,Junior H,2023-10-05,2023,rock
5PkWhNfVEz2O9n8b6cQFMw,Rock Ur World,4.68,"Knock2, fussy",2023-01-27,2023,rock
5I8LS9jiW5xju1lzakh1s3,Rockstar Lifestyle,3.21,Ken Carson,2023-10-13,2023,rock
5yIOCX7Mnu8WFvil2NGLRg,That's Why We Fight (feat. Koe Wetzel),2.73,"Ella Langley, Koe Wetzel",2023-05-19,2023,rock
6pb5DtlAeG95dNQLHiArRU,Rock My Body,2.29,"R3HAB, INNA, Sash!",2023-04-28,2023,rock
4Ls53fBNVfaXTROBi6X8Hw,Just Wanna Rock,2.06,Lil Uzi Vert,2023-06-30,2023,rock
6Ec5LeRzkisa5KJtwLfOoW,"Am I Dreaming (Metro Boomin & A$AP Rocky, Roisee)",4.27,"Metro Boomin, A$AP Rocky, Roisee",2023-06-02,2023,rock
1OG1NoKpZZLrMqMYCk9m84,LALALALA,3.04,Stray Kids,2023-11-10,2023,rock
07on0OB2cdPt79IFsgdRUy,Need A Favor,3.29,Jelly Roll,2023-06-02,2023,rock
3GPFWYiSU3CVJLqxiRt31n,ソングオブザデッド,3.25,KANA-BOON,2023-07-09,2023,rock
2IA1ctUxjk865QW3CpIuZk,Inertia,3.68,AJR,2023-11-10,2023,rock
5Q1tv4GTxP3IJeGMOKdrFO,MEGAVERSE,3.09,Stray Kids,2023-11-10,2023,rock
6BJHsLiE47Sk0wQkuppqhr,From the Start,2.5,Good Kid,2023-11-10,2023,rock
2gyxAWHebV7xPYVxqoi86f,get him back!,3.52,Olivia Rodrigo,2023-09-08,2023,rock
3IX0yuEVvDbnqUwMBB3ouC,bad idea right?,3.08,Olivia Rodrigo,2023-09-08,2023,rock
60SvhHtwefT0e2G7i7kOH3,New Gold (feat. Tame Impala and Bootie Brown),3.59,"Gorillaz, Tame Impala, Bootie Brown",2023-02-24,2023,rock
2Gt7fjNlx901pPRkvBiNBZ,Take Me Back To Eden,8.34,Sleep Token,2023-05-19,2023,rock
4mxiv6HQfhqgIuN5iOONQd,Granite,3.76,Sleep Token,2023-05-19,2023,rock
7auQuaIyyD4sjFQikNRyem,Rock a bye Baby,2.68,Dream Supplier,2023-02-17,2023,rock
6ijuqE3TAxlxwNiMMhkHA4,Metaphor,3.96,Marlon Funaki,2023-07-28,2023,rock
27gi3aoTun31LDqQJkUPEW,Rock Me,3.12,Codakk Jay,2023-12-15,2023,rock
2ZY3TCTcnOwYQQ4B2W4I79,Bring Me To Life,3.83,Our Last Night,2023-11-10,2023,rock
5dUjBnP5zrWpWA5RGrr73g,Cover Me,3.18,Stray Kids,2023-11-10,2023,rock
6ysaYQy41BEh3WADXepiPW,Meant To Live (Jon Bellion Version),3.55,"Switchfoot, Jon Bellion",2023-09-15,2023,rock
538txyi52ZOwzWxIQsCT12,Rockstar,3.23,BoyWithUke,2023-02-10,2023,rock
2ipYQ6pcabz1NovVrr9LKH,Fighting Myself,3.36,Linkin Park,2023-04-07,2023,rock
4hU2UADYSphaQu2NhRO4IG,Rockstar,3.23,BoyWithUke,2023-10-06,2023,rock
4DjnH6htLO5pLyIfNNtJZq,Part of Me,3.89,Disturbed,2023-11-17,2023,rock
21eMasL93nEafqRwlI851z,The Apparition,4.47,Sleep Token,2023-05-19,2023,rock
6S2iHbyPSlhQgCyAVQ2SO6,Shame On Me,3.36,Catch Your Breath,2023-10-20,2023,rock
65Iiyhh7rD0vq0bmCPz2YK,Rock My Body (with Sash!) - W&W x R3HAB VIP Remix,2.81,"R3HAB, INNA, W&W, Sash!",2023-08-11,2023,rock
5EeqLm8RR2WP0oErKEqtcO,Rock My Boat,4.15,Maoli,2023-11-17,2023,rock
0RLRAgdyPoS1nhC63zdkMf,Rock My Body (with INNA & Sash!) - Marnik & VINAI Remix,2.55,"R3HAB, Marnik, VINAI, INNA, Sash!",2023-09-01,2023,rock
5mRcxUZ4AAfifKw06ObYpw,Rock My Body (with Sash!) (Sonny Wern Remix),2.17,"R3HAB, INNA, Sonny Wern, Sash!",2023-09-09,2023,rock
0LjycTPevnJ21jFtIohzE5,Rock My World,3.36,LEOWOLF,2023-07-12,2023,rock
3ZaEs1O8BG581qYPHpQ8d6,I Smoked Away My Brain (I'm God x Demons Mashup) (feat. Imogen Heap & Clams Casino),3.17,"A$AP Rocky, Imogen Heap, Clams Casino",2023-08-18,2023,rock
7pV8lSQ4OM6GyCciYXBdso,Rock My Body (with Sash!) [NOYSE Remix],2.53,"R3HAB, INNA, NOYSE, Sash!",2023-09-08,2023,rock
7iLximGIlwAFgB5J7KG7pJ,Rock My Body (with INNA) - Sam Feldt Remix,2.83,"R3HAB, Sash!, Sam Feldt, INNA",2023-08-18,2023,rock
0iO2iCAjtX0t5duvczNQt6,Oscar Winning Tears.,3.06,RAYE,2023-02-03,2023,rock
3ZLcgRoggsurRGxlvLvOzG,My Lord Provided,4.45,Coquí,2023-05-19,2023,rock
7bgIcSp0Nd3qfHqwxQplzW,Mirage - for Assassin's Creed Mirage,2.22,"OneRepublic, Assassin's Creed, Mishaal Tamer",2023-09-22,2023,rock
4TlKCMIXjhB1WCmPtxczRB,Maine,4.3,hallpass,2023-04-28,2023,rock
1QAsdEjDKQHvOhlx0r8Z6t,My Confessions,2.87,Catch Your Breath,2023-10-20,2023,rock
51fPVsUqAKtkAc1Tbyv3NC,Mirror,2.87,"Catch Your Breath, Ekoh",2023-10-20,2023,rock
7c21icQ5NJl1v1XIQkIFk8,Rock Your Body - Slowed Down,4.78,sped up + slowed,2023-12-08,2023,rock
3mv8X7htQnjJvRYwcvGZ7y,Rock You Up - Original Mix,4.62,"Nari, Steve Tosi",2023-02-03,2023,rock
2HsByWddsNJDFKXQpHxG8c,Rock You Like A Hurricane,2.02,"PINEO & LOEB, CHKLZ",2023-11-03,2023,rock
3Zj9EgN3MKPcDHOQbCQwL0,Rock Ur World,4.68,"Knock2, fussy",2023-08-18,2023,rock
1ogguVJ7Y0uhfnYrPfhJrT,'*•.¸♡Rock Ur Body♡¸.•*',5.67,Stef de Haan,2023-11-27,2023,rock
0yN0XNcTaRpvIcEkyv5Uay,"You're Not Gone, You're Just Dead!",2.92,VIOLENT VIRA,2023-08-04,2023,rock
6andWFPbmPzbgdKcEamIq9,Your Mother's Name,3.86,Susannah Joffe,2023-06-09,2023,rock
2ZMkAWKrNDXrQuF0N9Q9Xj,You First,4.09,Paramore,2023-02-10,2023,rock
65R6xPEkcayIifIV7yTBhI,ROCK YOUR BODY (TECHNO),2.6,TECHNO N TEQUILLA,2023-04-28,2023,rock
4pBGvCCQidnNdnxRexJhZ8,rock your body - sped up,4.34,bbygirl,2023-09-04,2023,rock
0KdEx2ETCXYZeEVAZS4sJ4,wonder if you care,2.24,flyingfish,2023-04-28,2023,rock
16Ggpcwd7ZxTveNBNN4GWT,Burn Your Village,4.08,Kiki Rockwell,2023-06-08,2023,rock
7ziBa9kiu3dNSNAaGeJfN1,You Don't Know What You Did! (Dead Butterflies),2.9,"Dead Butterflies, Aorta",2023-12-22,2023,rock
4w34xOG4R20bcijSufbq8l,You First (Re: Remi Wolf),3.91,"Paramore, Remi Wolf",2023-10-06,2023,rock
5SIB42yqmkbnI2ARQpYHMw,You're Still Mine,4.35,Blank Space,2023-03-02,2023,rock
1EdZy3Hey3zHR51GF1bLI5,You’re Right Here,4.62,The Expendables,2023-06-23,2023,rock
1OYchHxLhckxWStYd5qTyq,Yours (feat. Bea Miller),2.95,"Sueco, Bea Miller",2023-09-22,2023,rock
2TBzNN9Sw3wEITrybN1IrS,(Your Cat) Don’t Stand a Chance,2.83,Mustard Service,2023-08-04,2023,rock
2N6OKoPGG9UzBoYDxw3b3j,Usurper,3.59,"NXCRE, The Villains",2023-06-09,2023,rock
0fQCPMceGtKyNiCmCX7itn,GHOST,3.42,Minute After Midnight,2023-10-31,2023,rock
555rXDsUt8rmNwkWpAPYcW,Fall Into,3.11,Ally Nicholas,2023-08-08,2023,rock
6I5k086FMBJXfNoTxs0iqB,Eyes Closed,3.2,Wind Walkers,2023-04-14,2023,rock
45LJbBzB4myDfVRGVp69om,harder to lie.,3.5,elijah,2023-06-02,2023,rock
2gIyYYBiZJ3S9lvQsY0yus,ARSON,2.27,Chri$tian Gate$,2023-01-20,2023,rock
5jdO3mqM4kFFATE3CtrNG7,Good Enough,3.08,Lø Spirit,2023-04-14,2023,rock
2P36ZY98b6H9LcCZzynnuj,Off The Edge (with LUNA AURA),2.74,"VOILÀ, LUNA AURA",2023-09-15,2023,rock
6gg9wuYw3WvZ6bdfUxWZui,EXCALIBUR,2.72,DUCKBOY,2023-12-15,2023,rock
2jt6PzDKvyi9gcwILysaep,Sorry for my late reply,3.53,MEMI,2023-12-07,2023,rock
2qAtT04GWfFK42irQpvlFF,Done With Everything,3.84,Line So Thin,2023-01-30,2023,rock
56cIg3GhiWW5OLp87pQ8MA,virus,3.78,elijah,2023-10-19,2023,rock
2F2LcAbF8VOIXxxEgSZ8Ig,KEROSENE,3.0,Capital Soiree,2023-11-17,2023,rock
2EwnRHPoqt7ofZYl9jgVLY,Vicious,3.45,Bohnes,2023-02-17,2023,rock
7DqrT8GBIQVB4WlteGrd6f,Lo noto,4.32,Hombres G,2023-11-24,2023,rock
6nu19m6mmmTgVGy7SMJE4W,Karma,3.49,Letdown.,2023-02-24,2023,rock
7oLfHxoQA8XKtKm1N41yQs,Don't Say I Didn't Warn You (with Craig Owens),2.85,"VOILÀ, Craig Owens",2023-09-15,2023,rock
7cPP3G2wtKErS3MRoXEs5z,Amphetamines (use me),3.16,VIOLENT VIRA,2023-08-04,2023,rock
231JL1zyH8JlEvYkCymu1K,Wasted (feat. Kodak Black & Koe Wetzel),2.59,"Diplo, Kodak Black, Koe Wetzel",2023-04-28,2023,rock
7ndDjjFDzw6Q68TmIzgHep,Wasted (feat. Kodak Black & Koe Wetzel),2.59,"Diplo, Kodak Black, Koe Wetzel",2023-01-13,2023,rock
7JnyloDT4kgmFR4006Krfi,WORTHLESS,2.72,d4vd,2023-05-26,2023,rock
6NP8HBlNKQzsq8K9O5dK0f,Waste My Mind,2.7,ThxSoMch,2023-06-15,2023,rock
5Oy3MvisFnvTBCQsABK4VX,wasted affairs,2.82,Mind’s Eye,2023-05-12,2023,rock
6dl2qQDdT9Xl7cuixvij2M,Wasting Time (feat. Old Dominion),4.08,"NEEDTOBREATHE, Old Dominion",2023-09-15,2023,rock
7Csk3CTefKI9mEZvwNCjNX,I Was Alive,3.31,Beartooth,2023-10-13,2023,rock
4SRg7qyvHtjCkne5xQWxJm,Collar of Truth,3.12,VIOLENT VIRA,2023-08-04,2023,rock
2v8aFsQ10pKEinsd62X3IS,Waste My Time,2.91,"Little Stranger, Collie Buddz",2023-06-29,2023,rock
24PaqdVWQBvwnJmbRsvV5a,ワスレガタキ,2.96,Huwie Ishizaki,2023-04-20,2023,rock
3mynPhglTz2Ggh8SxA34kR,Rockin’,3.88,The Weeknd,2023-03-14,2023,rock
6Hny7fpeeAG6AO22KOX3fY,Wasted (feat. Kodak Black & Koe Wetzel),2.59,"Diplo, Kodak Black, Koe Wetzel",2023-07-28,2023,rock
6ggAqp1zV8uSxZdItKRuWO,Wasting All These Tears - Cassadee's Version,3.51,Cassadee Pope,2023-10-13,2023,rock
7AVHZALiAVUuYzcQ2lTZ5q,Frailty,2.95,VIOLENT VIRA,2023-08-04,2023,rock
1ODKNzRaEnhpwBhlHrv348,Wasteland,2.9,TALK,2023-10-20,2023,rock
0YB3aV2PUV7bSnYlrj3HqQ,Wasting Time,3.28,Phoneboy,2023-03-24,2023,rock
3V1cycLa1EMPLqHqtqVEof,Waste of Space,3.55,Radio Free Alice,2023-11-23,2023,rock
6IoM9O81V9bVOWxcWlRYw1,Rock the World,2.2,Novabigsteppa,2023-03-24,2023,rock
3D0LkP3sKoCuwPihiRtJfr,Rock The Casbah,3.09,Vintage Culture,2023-04-21,2023,rock
4EtWfadqO9UG1A4CmWm011,Rock The House,3.02,"Max Styler, FRANCO BA",2023-01-27,2023,rock
6YlyHbbQaheTtqUkX6aM06,Rock the Night Away,4.21,"Apricot, ThunderScott, Kristian Langley",2023-12-16,2023,rock
3hql0mbMMRqo3V3XfrTu73,The Summoning,6.6,Sleep Token,2023-02-16,2023,rock
7I93h9I0RUqt1ci3Bfa290,Pass The Nirvana,3.29,Pierce The Veil,2023-02-10,2023,rock
4vOoQh9MhS9pyrbvc8LyMz,Can't Tame Her,3.28,Zara Larsson,2023-01-26,2023,rock
7iwDR2NBmjqbUGWnFNVEYp,for her,2.91,whatsaheart,2023-08-11,2023,rock
52TfDBmvrEZVebJCDPkOzM,Here I Am,3.41,Line So Thin,2023-09-06,2023,rock
2yjbj0zHhk21ljCeMPs79g,Here And Now,3.96,Staind,2023-09-22,2023,rock
2CQ2InFYIq4ycgoaeZcQgk,her distortion,3.25,xójira,2023-10-18,2023,rock
19Wz8xYiIcD4yjUiUUexp9,Her Wings,2.97,Holding Absence,2023-08-25,2023,rock
2LxRUWNqcKcTo7zOrctebE,"Right Here, for Now",3.02,Bakar,2023-09-21,2023,rock
5APhh2hBwrjqdWYi8xdFjH,her blood filled my lungs,3.23,anvii,2023-12-08,2023,rock
5cfMeTRIX6feTG6JOMCd3V,Here Forever,2.34,buffchick,2023-08-10,2023,rock
4a1AksHNUt7bLjOzqYueOg,here to die,2.87,lefty,2023-08-11,2023,rock
0ojam9kb5t6zqTREjOa0Lk,Heroes 2.0,2.49,RJ Pasin,2023-12-14,2023,rock
772dxxQxHg5uMOSFfwqpKQ,Here Comes The Sun - 2019 Mix,3.12,The Beatles,2023-11-10,2023,rock
5Ua1XiA2zwiFB1G6pD41ty,Hero,3.3,Grabbitz,2023-08-11,2023,rock
1rydhdFtKe2CRkiaVb7aGF,the BLACK seminole.,6.87,"Lil Yachty, Diana Gordon",2023-01-27,2023,rock
43cFVWSlrBkrNEd307UpV5,Superhero,2.72,Kim Dracula,2023-07-14,2023,rock
1owDolKVjwBDsOExuQYUsm,i'm not here,2.58,Fleshwater,2023-12-26,2023,rock
0bEaKhcGXJEf6eid0Z6f3S,"Here Comes Sunshine - Live at The Gorge Amphitheatre, George, WA, 7/8/23",10.77,Dead & Company,2023-07-08,2023,rock
2SLS4rCsxzCVPLG6cS0wYe,Herberts On Holiday,2.4,Spiritual Cramp,2023-11-03,2023,rock
4vTkieCtQPP9sFo4qVXdcP,get him back!,3.52,Olivia Rodrigo,2023-09-08,2023,rock
2Bvfwy8Ade8sTg6smaD2q4,Drowning Hymns,4.33,Wind Walkers,2023-11-17,2023,rock
3R2g4RGNW4mluU3PigQmzj,From Hell to Here,2.94,HIMALAYAS,2023-05-12,2023,rock
76ZEVnPDtLlE1nj1bBuxCR,Leave This Place,3.45,HIMALAYAS,2023-05-12,2023,rock
2lSqGWlGaRxL6pUqpWF9Pw,Devil Himself,3.67,LaLion,2023-09-21,2023,rock
6ovzstH3JsS0O4DdpNGGsk,Will We Make It?,3.59,HIMALAYAS,2023-05-12,2023,rock
5Ltc4ggqNB48N1DlQ0fuOr,Alone,2.63,HIMALAYAS,2023-05-12,2023,rock
779uJH5aHLN4ZbEsu7GRTD,Shell,2.34,Ethan Tasch,2023-07-28,2023,rock
077Erf4RnkjumF791VOBnE,秘密のキス,4.09,back number,2023-01-17,2023,rock
1H3qOzheTPhE7aVvJOWfvA,美しい鰭,3.53,SPITZ,2023-05-17,2023,rock
4C0lK4NzaGNrYa0GDzLfNV,Himitsu Step,2.55,seeeeecun,2023-05-31,2023,rock
1Nm1ApXuJKLasKJE0VwG1s,The Mirror,4.46,HIMALAYAS,2023-05-12,2023,rock
1fLsYOtqLev2AcdriAeiOU,火祭りの踊り,3.77,betcover!!,2023-10-17,2023,rock
7uMCNFLdk28TiUrUDCwxUE,Somebody Else,2.92,HIMALAYAS,2023-05-12,2023,rock
3kxB92XdQFbUBvr2H8NK25,Pray For Him,2.76,"MIKE, Wiki, The Alchemist",2023-09-22,2023,rock
0Pcy2EWMH4LoP06L7yI5uY,Out of the Dark and Into the Light,3.0,HIMALAYAS,2023-05-12,2023,rock
37mFVpQ54JF0d1YKzLC3rq,Into the Trap,3.87,HIMALAYAS,2023-05-12,2023,rock
6lmpIhm4pDXNP1Np1Y9iwL,Flatline,2.42,HIMALAYAS,2023-05-12,2023,rock
2KReCz1L5XkGIBhDncQ5VZ,BABY SAID,2.74,Måneskin,2023-01-20,2023,rock
1YpZrQRI4bSVEtjxstbcFD,Rock a Bye Baby,0.8,Sleepy Shepherd,2023-07-13,2023,rock
47qIZmXcHg9kpdTzrrT0ix,Rockabye Baby,2.48,Helene Holmes,2023-01-20,2023,rock
3FyfTh70PkgooRDe4SNP0U,Summer Baby,2.7,Jonas Brothers,2023-05-12,2023,rock
73VCSkpP9wXitRdgIvON5g,Baby Come Back (DJ Edit),3.34,R13F,2023-05-19,2023,rock
5qFoSIpmfXexkhCpD1E1aY,BABY SAID,2.74,Måneskin,2023-11-10,2023,rock
3SRLRVMHJ6BAKxPqDTu7ql,Baby It's Scary,3.81,Mustard Service,2023-08-04,2023,rock
5rXkriV0BKHKZxnpj5Fiaw,Rocking chair rockabye,2.17,Jan Levine,2023-05-05,2023,rock
33leLOmkzBk41iJ97Oc4EA,Rockabye Baby - White Noise Version,2.23,Slow Eyes,2023-02-28,2023,rock
7eAR0NFtOcDKHRMRxxF5Qf,Rockabye Baby,3.35,Token,2023-01-27,2023,rock
2xw8IIolIlpWQL3RY7rHrF,Rock-a-Bye Baby,1.94,Teddy's Wonderland,2023-08-04,2023,rock
6Y0j8yUF3rPSTrTtVEsCNh,life is good,2.22,"angelbaby, Jagwar Twin",2023-11-03,2023,rock
5xsNR0fpFr7Z6HwnSJo6Om,BABY SAID,2.74,Måneskin,2023-01-20,2023,rock
5pzWbZ2c9QEEKDNIsJerXH,Baby Annihilation,1.13,Fall Out Boy,2023-03-24,2023,rock
7hCYhaZywBjUsWM62yGUjR,Rock A Bye Baby,2.01,Little Teddy,2023-06-16,2023,rock
0UBLoSSK30VDSy2QmOc56n,Rock a Bye Baby,1.71,Mino Lawrence,2023-08-11,2023,rock
1Yorm6mAtTzK5f2mCj0Uix,Baby Take My Acid,2.95,"Lincoln, Penelope Scott",2023-01-13,2023,rock
63DBIIqvjplKt9NolqwWjz,Rock a Bye Baby,1.64,Miles Patrick,2023-07-03,2023,rock
2Yd6rYyaCfajDawzCZx1p1,Rock-a-bye Baby,1.15,Sleepy World,2023-04-19,2023,rock
6xBStCehTYeBqsGxtiXWbJ,Rocknroll,2.0,"16teen, Dom Corleo",2023-01-06,2023,rock
1Ewz3Nvb76S6m9G2FK7LoC,The Rock 'n Roll Rabbit,2.57,The New Fangles,2023-03-31,2023,rock
59RjIhWIpthNpwrlChUvXm,The News,3.13,Paramore,2023-02-10,2023,rock
4Zx4y8jc0W1en9naQ1GDW2,New Gold (feat. Tame Impala and Bootie Brown),3.59,"Gorillaz, Tame Impala, Bootie Brown",2023-02-27,2023,rock
2CfFt0QtXgQuPeEsJjPtGR,Vacation Eyes,3.54,Jonas Brothers,2023-05-12,2023,rock
77JxcWZK07ofQDtfKRVPnH,New Reality,2.93,The Word Alive,2023-08-25,2023,rock
6DPlSbmQ1AOnjNDU33t2NF,Just Dance,2.46,"Bread Beatz, Newmagick",2023-11-06,2023,rock
2a6rF2apJlh6YBZLAMPTJ6,(Keep Feeling) Fascination,3.76,The Human League,2023-07-07,2023,rock
1JQnfjrA01XFf6MVNMkQu2,Human - Edit,3.8,The Human League,2023-09-15,2023,rock
321lfQ4PqJn7mJpDqTBTNK,newyork,2.16,flyingfish,2023-05-02,2023,rock
5zg5smilzwTiPcJ4EuiyRm,New Day (with Iration),3.5,"Claire Wright, Iration",2023-07-07,2023,rock
1aO0sdeJmK4XQM5Ft7TkTg,New York City Cops (Hard to Explain B-Side),3.49,The Strokes,2023-02-24,2023,rock
0o9AwotmTahKoEOHZTtgIk,New Order T-Shirt,4.93,The National,2023-04-28,2023,rock
61pCL1xcX2NDrkrOnQRzf9,New Habits,3.45,Room Service,2023-07-06,2023,rock
1DpEz1uyB1VenFW3orclTK,Sweet Emotion,4.58,Aerosmith,2023-08-18,2023,rock
4THJtjYhMHZXDKTAXuQND4,老人と海,4.26,ヨルシカ,2023-04-05,2023,rock
1OJwNRMd6ao69l3WGg1Yns,Same Old Energy,3.48,Kiki Rockwell,2023-06-08,2023,rock
72kGuWpRiuA149Bn5lDkIO,We Ride,3.14,Bryan Martin,2023-03-31,2023,rock
1DqVpKoTeVBPSZx2AQ6C5O,DEATHWISH,2.8,Red Leather,2023-11-17,2023,rock
5hNW46qZA7BcZ2qf6lbhNm,Modern Girls & Old Fashion Men - Reptilia B-Side,3.64,"The Strokes, Regina Spektor",2023-02-24,2023,rock
7r0BJrnf2h3ZNaWAXSKIfg,the old days,2.58,dreamfone,2023-10-18,2023,rock
7dRmEbtJ91kjUQfBVBfW8S,When I'm Stoned,3.95,Blank Space,2023-03-02,2023,rock
1WvGh9WTce00PfVwPFdrca,"Old Friends - Montclair, NJ",3.78,Pinegrove,2023-05-12,2023,rock
47yul4OvMZctnAVjrEJ1YC,Parasite,2.73,Set It Off,2023-12-08,2023,rock
1jU7R8VlbsEaSK7i0BQwiz,Dark Ocean Summoning,6.73,Old Gods of Asgard,2023-12-08,2023,rock
7hUohNNuLhSGQiHGOzmzw8,Old School Feeling (Remix),4.7,"Rebelution, Steel Pulse, Tarrus Riley, Peetah Morgan",2023-03-10,2023,rock
1X10yRHO4okiaQD6xI6H4U,Old Rocking Chair,2.07,Polly Carter,2023-03-03,2023,rock
0x7mDVTCG3cVDoynMOxdJv,Fall In Line,3.42,Blank Space,2023-03-02,2023,rock
1sFmyZNIxg3YqGhOL6f43Z,Michigan,4.05,Blank Space,2023-03-02,2023,rock
3DE0Qm4jInax5ybEdfduJz,Blossom,2.68,Dermot Kennedy,2023-06-07,2023,rock
4twdGCLK5snjbx9mH0eYvt,Older (feat. Sierra Deaton) (Live from The Royal Albert Hall),3.7,"5 Seconds of Summer, Sierra Deaton",2023-04-14,2023,rock
373gDROnujxNTFa1FojYIl,Lost,3.32,Linkin Park,2023-02-10,2023,rock
3RQHAFkEHiFHQ7qmMpKRdv,Lost,3.32,Linkin Park,2023-04-07,2023,rock
5BgnL6gHauuvxe4Ok6W1aC,LosT,3.42,Bring Me The Horizon,2023-05-04,2023,rock
7asPE18wGkhTCuCkt5GT6b,The Lost,3.33,Jelly Roll,2023-06-02,2023,rock
3u9PAti8muEXXvEjeFpQK0,WHARF TALK (feat. A$AP Rocky),3.4,"Tyler, The Creator, A$AP Rocky",2023-03-31,2023,rock
6mPBbL3WsTHy2xZ0A7l1Mq,Lost - PLZ Tethered Version,3.38,"Linkin Park, Patrick Lawrence Zappia",2023-04-21,2023,rock
4AOJtoklaiTk7fjLVALo5l,Lost Along the Way,3.68,All Time Low,2023-03-17,2023,rock
0bpG7aaLPtGuCkz8nlbsKC,PRIORITIES,3.02,RIDERS,2023-10-13,2023,rock
7AOe2bLNTnBt09RkfrRudU,LOST!,2.11,ThxSoMch,2023-11-01,2023,rock
72uyikyCmtPKLxvu6r5FvX,Lost,3.32,Linkin Park,2023-04-21,2023,rock
0zGvsUHWuMNqg5rHCwx6bQ,lost,1.84,keegan ross,2023-03-10,2023,rock
6ikRLztllCPsloUL2jCYpJ,Lost,3.42,cleopatrick,2023-05-26,2023,rock
5XLb6KA3Iykc5bY8vSk9Sq,Lost,3.14,D.O.,2023-09-18,2023,rock
3E5EKFAbDtmEQNAmaqEQZm,Fake Fix,3.66,RIDERS,2023-10-13,2023,rock
0djk91bHu959AsWNVyyEXh,Lost Cause,2.73,Benny Bellson,2023-09-07,2023,rock
4PXuZYWhkyGXQzfSRy2PW1,IVE OFFICIALLY LOST ViSiON!!!!,5.37,Lil Yachty,2023-01-27,2023,rock
1KvGIU9j1JC8M3qv1XHBob,Lost These Days,3.1,Thirty Seconds To Mars,2023-09-15,2023,rock
3ZLpVCoMaqBN5Ni40otUHI,Lost In Our Own World,3.25,Acres,2023-03-03,2023,rock
16fA9Nut1pG1HEmO3koRME,Lost In A Party,3.23,Knox Hamilton,2023-07-07,2023,rock
7IX2INwc2LcwAEAHd7gvNQ,FREE,2.13,"Alive City, Quasarpro",2023-09-08,2023,rock
2SYvupjFDoD0quiayF62km,The Freedom to Fuck Off,4.05,Petey USA,2023-09-22,2023,rock
0H8XTl0tn4wlBySt1fc2eI,i'm free,2.77,Strings & Heart,2023-07-13,2023,rock
0YcL5K9pxtKVJNvvG2JVYx,Rockstar (Freestyle),2.66,Sweezy,2023-11-21,2023,rock
654f3RV4IZdpvH189db8mQ,Once then we'll be free,3.4,Wisp,2023-10-31,2023,rock
2XiQVgIWkJfR9jFs3yktDw,Free Bird,3.67,"Mia Asano, Piper.Ally",2023-10-27,2023,rock
2h5VXZTzWRR7pZ9s2FvfiV,Free Yourself,2.95,Dogma,2023-11-17,2023,rock
1OoJ7qHo1LvrK8o4x62zp6,Freezing Alive,3.21,"Provoker, Eyedress",2023-10-13,2023,rock
4w7XRsCWPzXiC7HZUEVLFl,Set Yourself Free,3.1,Moon Taxi,2023-06-09,2023,rock
71g4yWzimyBk9jmQ7aDFQb,Freedom,2.93,Kai Straw,2023-04-27,2023,rock
2UybVyb3uhTFig2pXXiAja,Free Bird,10.76,"Dolly Parton, Lynyrd Skynyrd",2023-11-17,2023,rock
45s2vV4xHdVm9s1syMxuAk,set me free,2.13,CHANGETHEWXRLD,2023-06-02,2023,rock
6YCwQYs9osECgiOtfrHT7f,Boyfriend,3.38,Hot Freaks,2023-09-15,2023,rock
05Kodz62q7xrHZ9tP01iEz,freek. (bound to bloom.),7.6,monotypes.,2023-06-09,2023,rock
3tBH9SPUMbMzUrzKiC34aO,Rockstar,3.52,"Stormie Leigh, T.J. Freeq, Audiogasm",2023-03-23,2023,rock
2DTRZKLOfm8BQOdNljrF7K,The Freedom to Fuck Off,4.05,Petey USA,2023-08-28,2023,rock
1zoZ9cRhvjD0sVJBS3xu1D,Freefall - Remastered 2023,5.91,Camel,2023-10-20,2023,rock
7hQmgR3ssV8Racno82rkB1,lungs,2.03,Max Fry,2023-08-25,2023,rock
0IxDs5fNQvQXm4fKbrZwe9,dark out,2.43,Max Fry,2023-06-05,2023,rock
3EJrhohu424zcDMtaN04oQ,Freedumb,3.65,The Grandstand Jockeys,2023-10-31,2023,rock
7dNEWwIWWcAvnIhRFmPOUK,now rock,2.84,"gangwalkk, Rrodney, wspkartel",2023-08-15,2023,rock
30Lpnen16XpLl8SZfSb231,Now,2.83,Julia Wolf,2023-01-13,2023,rock
4vziJcnB2Qyi9o4nIRUeN7,Now And Then,4.14,The Beatles,2023-11-02,2023,rock
4KH9g027K949LR2xkjC4jk,Until I Know,3.39,Panchiko,2023-05-05,2023,rock
2Hc1LaV6bzFil3dE71eORA,Aye (feat. Travis Scott),3.46,"Lil Uzi Vert, Travis Scott",2023-06-30,2023,rock
5qcXKhhkz86uJDxDIeqdqB,Now It's Over,3.29,Dogpark,2023-10-20,2023,rock
0NwGC0v03ysCYINtg6ns58,Better Than Revenge (Taylor's Version),3.67,Taylor Swift,2023-07-07,2023,rock
4e3ZNTAV6PCrdYMUrUlMpQ,Electric Touch (feat. Fall Out Boy) (Taylor’s Version) (From The Vault),4.44,"Taylor Swift, Fall Out Boy",2023-07-07,2023,rock
1d6mh56Nm1NB0MVrC6g1qj,Now I Know,3.91,Cade Kellam,2023-06-30,2023,rock
2OTEroQUWvg5fy9hAlB37T,doesn't matter now,2.89,flyingfish,2023-05-02,2023,rock
3ySqZ8yGoh4Emi9HiPCCdP,Werewolf (feat. Bring Me The Horizon),4.0,"Lil Uzi Vert, Bring Me The Horizon",2023-06-30,2023,rock
0JCpXJE996Bc6MAbPfiSg1,I Don’t Wanna Know,3.01,Knox,2023-02-17,2023,rock
1mpKMz5bw6GbO4lvKNAU0O,Nowhere Kid,3.24,Des Rocs,2023-08-25,2023,rock
1n0eOZGnFdqznw63Z50RI0,Now You Got Me,4.71,Inhaler,2023-02-17,2023,rock
4AQXIIhoKpkn7gMMS4StAY,Something to Someone,3.3,Dermot Kennedy,2023-06-07,2023,rock
0KWY8l7K6cWZcrL8f5Jt8G,Gone,3.73,Atreyu,2023-08-18,2023,rock
4QaSD0SZRi7PXoepWl5N2I,"Gone, Gone, Gone",3.52,Phoneboy,2023-03-24,2023,rock
79WZOCCXF8qMz28v4hMoFc,Gone or Staying,3.5,Sleep Theory,2023-08-02,2023,rock
63dgFqper9Sv4cnWXouzHf,Gone,3.73,Atreyu,2023-07-06,2023,rock
1wUUOYLLDZjCvxoNQTBize,Gone or Staying,3.5,Sleep Theory,2023-09-29,2023,rock
0xqIyUqhXlyiix7uJuPBZV,Gone (Owl City Version),3.97,"Switchfoot, Owl City",2023-09-15,2023,rock
7dSwZn9FbhEidKJNLr4qlE,Gone 2,2.9,Slow Pulp,2023-09-29,2023,rock
0QhSbQ6zz3AKMHjtOGvBpu,All Gone,3.25,Hueston,2023-02-17,2023,rock
7KdgYr9jNkQO1Au7BGjGLW,Too Far Gone?,4.56,Metallica,2023-04-14,2023,rock
6B2IqGrF7Dh0WQlnO5C34c,Gone,3.73,Atreyu,2023-12-08,2023,rock
5B4J6fsBddPzm26BsgARrV,Stopped or Gone,3.02,Derina Harvey Band,2023-06-23,2023,rock
6M041tRvony4YxcQbEUwAI,gone too far,2.82,ENTR,2023-08-11,2023,rock
0zF1p4Bt7QjGL4ApuQa81A,Gone (Our Version),3.8,Switchfoot,2023-09-15,2023,rock
1Dy2LOeg1DmFAAmVUKhT8n,Don't Care,3.58,Harvey Street,2023-03-24,2023,rock
6L3AIgI8WTdLX8BEtrj1ut,Numb,3.6,Sleep Theory,2023-08-02,2023,rock
1rEaX1hOwbT2CyksUXK96A,gone !!!!,2.8,Hax!,2023-03-10,2023,rock
3nQiZ5vyEbXFJDfiGdhpyV,Need Me Too,3.49,Harvey Street,2023-03-24,2023,rock
1h8W7GmLymmiGpO638Pieb,Rock Back,2.18,Simon Vinyl Junkie,2023-09-01,2023,rock
3k7258ur3vvWD3GI297oRL,Back To Me,3.75,The Rose,2023-09-22,2023,rock
0NNFtjZHwjTZzBtBkRxhtY,Back to You,3.12,"ILLENIUM, All Time Low",2023-04-28,2023,rock
5ub6Cb5yKmgGGwjvqZM1gI,Aqua Regia,3.93,Sleep Token,2023-05-19,2023,rock
7JODkWwpYsZt5racs1IiOJ,"Won’t Back Down (feat. YoungBoy Never Broke Again, Dermot Kennedy & Bailey Zimmerman)",2.72,"YoungBoy Never Broke Again, Bailey Zimmerman, Dermot Kennedy, Fast & Furious: The Fast Saga",2023-05-04,2023,rock
5Tx2qQmDegcJW7BZ0hcDA5,Back To December,3.95,"Riot House, Jack The Underdog, ENZI",2023-09-29,2023,rock
3TwSlL9lqE5y9Ggh7eclTa,Back Where It Begins (feat. Future and Takeoff),3.84,"Quavo, Takeoff, Future",2023-08-18,2023,rock
7y23wOenPKul2aNEF7Dcwr,Backseat Girl,6.02,Jane Remover,2023-10-20,2023,rock
3hZIvVYZWsuFpdWdXQFgKx,Euclid,5.22,Sleep Token,2023-05-19,2023,rock
5JFZ9Dn9Br9d0C3BEaO75L,Back for More,3.37,Hurricane on Saturn,2023-02-24,2023,rock
0PDmg93nJ9Z9cTsagyC83f,Back in the Fight,3.31,"Zayde Wølf, EDVN",2023-07-21,2023,rock
61ysfwY1qc8LNIFa7KHQQS,track 02,2.7,Flight by Nothing,2023-08-11,2023,rock
3ViA92qffF1p4pgwnRMYax,Back For More,3.77,Flight by Nothing,2023-08-11,2023,rock
0Eef5uHiJVJO0nt4Zo4QCd,Again,3.43,Emarosa,2023-01-27,2023,rock
1ALPvZKZFS8S5Ocbb2cDQ4,AGAIN? AGAIN!,3.31,Xdinary Heroes,2023-10-11,2023,rock
54Q384UbVZGrgxH02WEmlk,Against The Tide,3.49,"Delta Heavy, Lauren L'aimant",2023-01-17,2023,rock
3bfElZNhtvtGvWMVgCBgZK,"""good guy""",3.47,Against The Current,2023-04-21,2023,rock
7tBbT0mu8TOhDciTPRsOMq,silent stranger,3.5,Against The Current,2023-09-22,2023,rock
0E4t1yD3aatQKpUpMH1Scy,Return Again (If I Wait),4.47,Noah Yorke,2023-10-12,2023,rock
4SYGFGBBKRDKCYHXRs16Pv,Against All Odds,4.15,"Kyle Ahern, Rik Jam",2023-10-06,2023,rock
53JhpHJVdE0TxXiZ6p387I,Killing My Borrowed Time,3.29,Geese,2023-10-13,2023,rock
3IcnKdF1EObZskT847rJfw,again,3.38,Total Wife,2023-10-28,2023,rock
6whniuWSNCcl2A5pznjw3f,Against All Odds,3.37,"Jonezen, Topher, Hollywood Black",2023-03-10,2023,rock
1pgHzhOPxTCmqqDX9ZdMlK,SEE YOU AGAIN,2.75,Phix,2023-08-18,2023,rock
5JDxckzL8vIualVif51nWx,Fine Again - Acoustic Originals,4.42,Seether,2023-11-10,2023,rock
2VIl2nDG98tI9Xkm5Gbj7R,Lose You Again,3.71,Manchester Orchestra,2023-03-10,2023,rock
5YWyQCEBhuFvsnmwGaljMs,Against The Odds - 2023 Remix,3.96,"Richard Wright, Steven Wilson",2023-07-28,2023,rock
48ICTXIN1pZlmOprW33XDu,the snow will catch us once again,4.62,"twinotter, the neverminds",2023-12-25,2023,rock
1firCVQgncVVwfDYx5HkXK,Down Again,3.78,GHOSTWOMAN,2023-01-20,2023,rock
5rcbpjt70jiclEXx5ZbDwq,Waves Lap Against the Rocks,2.08,Into the Earth,2023-11-28,2023,rock
4XHpjfFokgNyARkjUS79G9,I'd Be Fine (If I Never Saw You Again),2.99,All Time Low,2023-03-17,2023,rock
2zmHmveTgl9HNf7wkRXGfU,Forever Changed,3.81,Sever Red,2023-09-08,2023,rock
4QgIG32JTrtylLAgTcV4YL,nineteen forever,2.05,wifiskeleton,2023-09-01,2023,rock
2nvfv8GSUBtwY7oCFC3zeP,forever,2.95,blood club,2023-03-03,2023,rock
2ClFwxCrSbg472DuKbCpej,I'd stay forever,4.52,whither,2023-11-07,2023,rock
6mToF7xYBAlWNrFYiH6qPG,Forever or the End,3.54,Skillet,2023-02-17,2023,rock
5YeXDnU4Vu0Rf0II7f4vvf,Rock On (feat. Fivestardjay),2.36,"Heembeezy, Fivestardjay",2023-04-19,2023,rock
4kga9bV33OuMRYwzt7oPul,Forevermore,2.89,Atreyu,2023-11-03,2023,rock
4mDirXG8q98p0QY0i4yihZ,Safe Forever,4.3,Wayside,2023-11-10,2023,rock
2GnHkm7Cg8d2nZzLEW8C0E,Forever Again,2.03,Kings Kaleidoscope,2023-08-11,2023,rock
1RcNWcIcraZDVa5YoQBFxn,foreverend,3.17,"newshapes, Rebekah Kirk, Sixth Wonder",2023-10-20,2023,rock
7pCbBwpFuWqvtHsk2q4Z75,Forever,4.11,Papa Roach,2023-09-15,2023,rock
3jDuXdGHAvCFOuCTbwYUhw,Forever Young,3.26,Bob Dylan,2023-06-02,2023,rock
0QLBc4dCi310DRnFXrnT5X,Whatever Forever,3.74,Joh Yoban,2023-02-21,2023,rock
4Yi4Zm9HbLELwnHckJJo23,The Rocks Of Ages,1.17,PROSPERITY MELODY SINGER,2023-10-05,2023,rock
4JaTNsbucUxF3FtKqt3IY3,Strawberry Fields Forever - 2015 Mix,4.2,The Beatles,2023-11-10,2023,rock
2A4YXmBezINp4wyyovDmTY,FOREVERANDALWAYS(OG),2.71,decembersgrave,2023-04-26,2023,rock
7ki4hvp6c1jhzyQLJvpq30,i don't cry when i'm high,2.76,TAELA,2023-10-13,2023,rock
1XUlmCqlSIizvYK612DCMF,Tonight,4.18,dyego,2023-12-23,2023,rock
2VQHSzLjQoDv7nXJJH1rMg,Save Tonight,4.81,The Step Beats,2023-03-24,2023,rock
6ViEegCPVSoBPKqfLkBGkN,Do Better,2.68,"Dolo Tonight, MICO",2023-03-28,2023,rock
4zbiRioLvUksmQDaYgnZdt,Rock And Roll Tonight,5.35,"Zardonic, Carl Sentance",2023-07-14,2023,rock
4DCP2wxXh5Eq6FBE9Jgl6L,On Tonight,4.88,Weston Loney,2023-10-27,2023,rock
3pJtvRNLBUC4jcHw3PRS3p,I’d Really Love to See You Tonight,2.65,England Dan & John Ford Coley,2023-01-12,2023,rock
6QfH3Or6ZRX8nO4kZqsjq8,Tonight (demo),3.24,Amira Elfeky,2023-09-15,2023,rock
5RUc23uV2XLh3cL34Pufyd,if tonight i die,2.35,Reno Black,2023-08-25,2023,rock
1QfWP15UU7TCri4cKqpgue,Tonight's Episode,4.84,Yo La Tengo,2023-02-10,2023,rock
3pv1VICYyfAKSnjONWKecj,dance away tonight,2.82,Indie Anthony,2023-09-08,2023,rock
65dv4uc4VQt2U9NhfvxjRQ,Parking Lot Love Story,2.67,Dolo Tonight,2023-02-16,2023,rock
143pci1Z7kfG2arb9j4zgI,Fake My Death,2.42,"Dolo Tonight, Roe Kapara",2023-06-07,2023,rock
3vBT8c0dd6Y6KtdMOgFRj2,Tonight,3.39,Care of Night,2023-11-17,2023,rock
0qUyOF8uhaObLkfFTdVJyS,I’d Really Love to See You Tonight,2.65,England Dan & John Ford Coley,2023-11-04,2023,rock
2bZcmUZG6unOTKtbOaIKOG,Tonight,3.6,Kickstand Jenny,2023-06-09,2023,rock
15vqNjrYCofgg75nMlMA3M,Who'll Be the Fool Tonight,4.17,Larsen/Feiten Band,2023-01-12,2023,rock
2ii3agvRMfGvJHkcUIIFL3,Make Tonight Our Bitch,2.73,Jeremy Macklin,2023-08-04,2023,rock
6WUAIJImdU2pqwEThXqfkV,Someone's Gonna Die Tonight,3.37,Gin Wigmore,2023-02-14,2023,rock
5uM3L9ZOsmue230vkiJQLO,Never Too Late (To Get Some Pussy Tonight),4.0,Steel Panther,2023-02-24,2023,rock
0VrMHhqMVrWRcnB6Y1sVBs,"moon outside, tonight?",2.24,luv4her,2023-12-15,2023,rock
2K2Ji4ca76JNgoO6xG2QKm,Dream On,4.42,Aerosmith,2023-08-18,2023,rock
6upqycHdFZkd1JzVeqjnGo,Dreams (feat. Judah & The Lion),4.16,"NEEDTOBREATHE, Judah & the Lion",2023-09-15,2023,rock
5WcF8UHOGrMSOXgq1KUYJI,Dreamland,3.65,Rebounder,2023-06-08,2023,rock
5PCoCu7jl8FJTm6rKAmFDZ,Tangled dreams,4.37,Wisp,2023-05-29,2023,rock
4YqcwUZwyMEnHS8I2gBRz9,Dreams Don't Die,2.91,"Liamani, Disney",2023-08-09,2023,rock
0dHjeOAPtaSLhSyj5QN1KK,Trapped in a Dream,1.87,RudyWade,2023-03-24,2023,rock
2OhITAOj3KE9nOFTuZgnNe,Bloom,2.33,Glare,2023-03-10,2023,rock
48WjoS8xixdToSxYDujDmb,mandy,3.77,she's green,2023-06-30,2023,rock
0jgS3Mw4Q32NSb6r3iDh4J,Gwen Everest,3.08,Panchiko,2023-05-05,2023,rock
7LuPjGUfJqxuW14W4gMrU2,kisses,3.96,Slowdive,2023-09-01,2023,rock
5Gggw8WykNhnZsYExUVYxy,Dreamstate,3.2,"Rezz, Tim Henson, Silverstein",2023-07-20,2023,rock
7hgqgX5geoRDeGXDiJviUD,Rocking with Keith,5.6,Panchiko,2023-05-05,2023,rock
52MvDxreoG4oaTjhtrRBaP,Dream Eater,4.05,SWEET SPINE,2023-06-10,2023,rock
1WY9DWGR755Dl0bQJBERY3,Dreams,2.83,"Magnolia Park, iamjakehill, VYPER 깨물다",2023-10-27,2023,rock
6qgwX7o1fYLwbikNrddmFo,Heart Attack - Rock Version,3.98,Demi Lovato,2023-03-24,2023,rock
6Jt18cyNzFXYYUUBllm7rZ,Heart Attack - Rock Version,3.98,Demi Lovato,2023-09-15,2023,rock
6ArI5UTUx9LhM7ADSNVEGK,Rock Hearts,2.37,Backwoods,2023-03-11,2023,rock
7BXCfoP6IXrVQV1K8SgAey,Heartache,3.77,From Ashes to New,2023-07-28,2023,rock
2LKAB4VBxok5XPD4JVvyNX,Heart-Shaped Box - 2023 Remaster,4.68,Nirvana,2023-10-27,2023,rock
2DIo5VoBB6X1GzgpGbmMIF,Heartbreak Feels So Good,3.63,Fall Out Boy,2023-03-24,2023,rock
7aU8ycwySg1LQAuCKgr3z9,Red Hearts,3.29,Marlon Funaki,2023-12-01,2023,rock
5BC4nSDolt4IVkqiiVJmMx,Enough,3.48,Sleep Theory,2023-09-29,2023,rock
2XTzHwKbDjSppFHzotd71X,It's Over,3.84,Sleep Theory,2023-09-29,2023,rock
60M8bWODVeUBeahPoPDekz,Heart To Heart,2.83,Now More Than Ever,2023-03-17,2023,rock
0JwrBnTPWocLijm932rPPH,flowers dressed in blue,2.57,Strings & Heart,2023-07-13,2023,rock
0NW9AeDgK4fAihXWenndT5,rescue,3.08,Strings & Heart,2023-07-13,2023,rock
412NxIIbQ0Aq8zagXtZz6V,superNOVOCAINE,2.93,Eddie And The Getaway,2023-12-01,2023,rock
1L0C3xvOtzHSOSZ5T59n0L,"I'll Try Anything Once (""You Only Live Once"" demo) - Heart In a Cage B-Side",3.24,The Strokes,2023-02-24,2023,rock
0dyX9KXQKVUQIY0r1IUIkR,Mary Jane's Last Dance,4.56,Tom Petty and the Heartbreakers,2023-04-14,2023,rock
3gTqF4Y2IzGuHbAcbjlv69,Heart In a Cage,3.44,The Strokes,2023-02-24,2023,rock
4YuyBlfqxrlKNT8E5QxKmk,The Heart That Never Waits (Live),8.53,Joe Bonamassa,2023-04-14,2023,rock
69hETV9gK14D20pyT55RMH,heart attack,3.02,"Endie, re6ce",2023-02-10,2023,rock
6PmRn8k0miPPjADycavcZW,heart of gold,2.78,BEAUTY SCHOOL DROPOUT,2023-10-13,2023,rock
3eqCJfgJJs8iKx49KO12s3,REMIX EXCLUSIVO,3.45,Feid,2023-03-17,2023,remix
2UW7JaomAMuX9pZrjVpHAU,La Bebe - Remix,3.91,"Yng Lvcas, Peso Pluma",2023-03-17,2023,remix
4UQijskfH7GRycjz77buzW,Yummy - Righteous Remix,2.73,"Ayesha Erotica, Mo Beats",2023-12-01,2023,remix
035MzEbx4z2DxuRDymHXbv,Rodeo (Remix),4.1,"Lah Pat, Flo Milli",2023-02-24,2023,remix
0GJwUAlBMJTbY4VE7iE761,UNA NOCHE EN MEDELLÍN - REMIX,3.42,"KAROL G, Cris MJ, Ryan Castro",2023-08-10,2023,remix
3IxGpAFxBAAfCQ6dv6sBiw,SHAKE SUMN (with Sexyy Red) - REMIX,2.08,"DaBaby, Sexyy Red",2023-07-07,2023,remix
7LLBONqWyX3MoBvIVPu5fj,Tacata (Remix),2.61,"Tiagz, Fuerza Regida, El Alfa",2023-12-22,2023,remix
0FA4wrjDJvJTTU8AepZTup,Watch This - ARIZONATEARS Pluggnb Remix,2.72,"Lil Uzi Vert, sped up nightcore, ARIZONATEARS",2023-02-05,2023,remix
5KbBVSj6AJZ5662fO8EYFh,El Merengue,3.16,"Marshmello, Manuel Turizo",2023-11-03,2023,remix
6IXr50xGiGbcRFEMlKW9yB,Song 2,2.41,"D-Devils, Rumix, Highbreeze",2023-11-03,2023,remix
7ltBkmWDyPxBM4Q8RzwaB1,Columbia - Remix,3.0,"AG Remix, Albert Gonzalez",2023-07-24,2023,remix
54L7uacUGRkvoLokUlNWfH,CLEARED - Remix,2.11,Lilithzplug,2023-06-10,2023,remix
3EAJCeqLEzhVgzRGIoIdl0,Dumb Crasy (Remix),2.07,"So Supa, Tre Loaded, Big Boogie",2023-06-23,2023,remix
0xbSkrYMZUsRAPb2leRbiZ,PACTO (feat. Bryant Myers & Dei V) - Remix,5.67,"Jay Wheeler, Anuel AA, Hades66, Bryant Myers, Dei V",2023-10-27,2023,remix
7GJeMVJbLzRgNuabsQ8RXt,I Thank God,3.88,"Housefires, JWLKRS Worship, Ryan Ellis, Blake Wiggins",2023-04-21,2023,remix
0xoYZ45fgTfyQYREZPN7Sa,You & Me - Rivo Remix,3.48,"Disclosure, Rivo, Eliza Doolittle",2023-12-22,2023,remix
2vTmp13DDKIRWTHPRYNfEh,Assumptions,3.68,Sam Gellaitry,2023-02-10,2023,remix
0Vige5jUDF3YDLMuvdbjAo,All Star,2.03,OsamaSon,2023-12-08,2023,remix
47kEJq44ZBrRBD4gvdCu0v,Where You Are - GRiZ Remix,4.0,"John Summit, HAYLA, GRiZ",2023-06-02,2023,remix
57508shL0obX0KUOUL8CJk,Make Me - Franky Rizardo Remix,3.26,"Borai & Denham Audio, Franky Rizardo",2023-12-15,2023,remix
6xgM4IEQxE2G2q46cAGkkG,Messed Up,2.89,Chris Brown,2023-11-10,2023,remix
2m3Fqmw1mfs39KklPmjq79,Por Mi México (Remix),6.75,"Lefty Sm, Santa Fe Klan, Dharius, C-Kan, MC Davo, Neto Peña",2023-08-24,2023,remix
0y8Pu7x5jXgUjOIJvQIF5L,"Link Up (Metro Boomin & Don Toliver, Wizkid feat. BEAM & Toian) - Spider-Verse Remix (Spider-Man: Across the Spider-Verse )",3.26,"Metro Boomin, Don Toliver, Wizkid, BEAM, Toian",2023-06-02,2023,remix
6HNWDjbome8TQp0rYRZTQS,Cobra (Rock Remix) [feat. Spiritbox],3.11,"Megan Thee Stallion, Spiritbox",2023-11-08,2023,remix
5Lv5L45PQmp5CTjs5PlQ6e,Silk & Cologne (EI8HT & Offset) - Spider-Verse Remix,2.7,"EI8HT, Offset",2023-06-02,2023,remix
3gYco8uoFBmpxqYlz3Zhs7,"0 Sentimientos (Remix) [feat. Baby Rasta, Darkiel, Messiah & Lyan]",5.6,"Boy Wonder CF, Jon Z, Noriel, Baby Rasta, Darkiel, Messiah, LYAN, High Quality",2023-11-21,2023,remix
4aAa4pF7vaB6KH8ykcl5zK,My Skeleethe (Remix) [feat. Vinny West],2.12,"T-Jxint, Vinny West",2023-05-30,2023,remix
0vInSJATtcoZZ0GofWNGjP,My Truck (feat. Sam Hunt) - Remix,2.66,"BRELAND, Sam Hunt",2023-09-15,2023,remix
5dG60FLTaJbVkjPyUsLpsB,My Clematis (ALNST 1st Anniversary Remix),3.84,"PARK BYEONG HOON, AKUGETSU",2023-09-16,2023,remix
5KrWMeulnWA5DEBPYWtG7s,Gasolina (feat. Myke Towers / Safari Riot Remix),2.53,"Daddy Yankee, Myke Towers, Fast & Furious: The Fast Saga",2023-05-19,2023,remix
0iqoGdEDEQNLfy7RnxbMY3,My Skeleethe (Remix) [feat. Vinny West],2.12,"T-Jxint, Vinny West",2023-07-14,2023,remix
3qXZqXGniqNt3PK2CBSZgM,Si La Calle Llama - Remix,4.0,"Eladio Carrion, Myke Towers",2023-03-17,2023,remix
1cJKk5ggRTnOYw34jjY8vL,My Skeleethe,1.64,T-Jxint,2023-05-30,2023,remix
1Lp2qgJcCgasGGijl9YHOI,JETSKI - Remix,4.27,"ROA, Omar Courtz, Bryant Myers, Dei V",2023-03-03,2023,remix
2VOXLA9TzOAVCjDi7RY5DV,PACTO (feat. Bryant Myers & Dei V) - Remix,5.77,"Jay Wheeler, Anuel AA, Hades66, Bryant Myers, Dei V",2023-07-28,2023,remix
7so7kylXmZTssMwaar59oB,Mythical Island (Remix),3.78,My Singing Monsters,2023-09-13,2023,remix
4XAilWzhZM0uyR4vtERfHi,i was only temporary (Slowed + Reverb),1.7,my head is empty,2023-12-14,2023,remix
4NYFbAU5P7pfEeFe6H2187,My Bar - VAVO Remix,2.02,"Priscilla Block, VAVO",2023-04-14,2023,remix
1kCGFYPBNo7zNPRGxUbgMS,Missing You,3.54,Yoko Shimomura,2023-02-08,2023,remix
30sR2mBD6VIUk1w93XDMOL,My City's On Fire (Anyma & Cassian Remix),3.32,"Jimi Jules, Anyma, Cassian",2023-03-10,2023,remix
7oDd86yk8itslrA9HRP2ki,Die For You - Remix,3.88,"The Weeknd, Ariana Grande",2023-02-24,2023,remix
4SylEKPh0HWqJep7CfISHk,Your Love - Antdot Remix,2.96,"PLS&TY, Sofiya Nzau, Antdot",2023-10-13,2023,remix
6hI3PnULFXwkOQSHLHNfOO,Where You Are - Zedd Remix,3.08,"John Summit, HAYLA, Zedd",2023-07-28,2023,remix
4JNdwEfqwFRiAeEISC8RU8,Die For You (with Ariana Grande) - Remix,3.88,"The Weeknd, Ariana Grande",2023-02-27,2023,remix
4W4fNrZYkobj539TOWsLO2,Die For You (with Ariana Grande) - Remix,3.88,"The Weeknd, Ariana Grande",2023-03-14,2023,remix
2Lg4Cqyj9cvHzzuMP5zjfR,You're A Fucking Bitch Hope You Know That Shit - (TikTok Remix),3.0,"Atlus, Rvshvd, Phix",2023-05-26,2023,remix
3CUVeMbEZXxdhwUJqvNUxO,You'll Find the One,3.16,Rylo Rodriguez,2023-06-30,2023,remix
1bUhj0j6akbGxinxsVe6PR,You Wish (with Missy Elliott & Kaliii) – Remix,2.63,"Flyana Boss, Missy Elliott, Kaliii",2023-09-07,2023,remix
2rlEZYWZFE84YTbrwypBr0,Reminder (feat. A$AP Rocky & Young Thug) - Remix,3.7,"The Weeknd, A$AP Rocky, Young Thug",2023-03-14,2023,remix
5p3jZ9CnI8Uvup9ppcdnR4,WHAT YOU WANT! - Remix,2.25,"asteria, 6arelyhuman, kets4eki",2023-12-15,2023,remix
7nDxeN6NDc7v3v774IXiC5,A Milli - SIDEPIECE Remix,2.56,"Lil Wayne, SIDEPIECE",2023-01-13,2023,remix
3rzVcHw0hwVgDEq5udhUJS,Young Girl A - one day After Another Remix,3.85,"Siinamota, sasanomaly",2023-03-09,2023,remix
2VqMBiaxblhhBHyB9X4ESl,Standing Next to You,3.43,Jung Kook,2023-11-06,2023,remix
0VPFT123HKoQ2J6ipeDcI1,Standing Next to You (USHER Remix),3.58,"Jung Kook, USHER",2023-12-01,2023,remix
71lK60jidcsiwpbajRFVYX,Whiskey On You - MOTi Remix,3.11,"Nate Smith, MOTi",2023-01-26,2023,remix
6oAyKNxXuw6wBZ40FP9CW7,I Got That Shit,2.37,YoungBoy Never Broke Again,2023-05-12,2023,remix
73Kb3QaFW615cZxwqwkKr9,Young Girl A (Slowed and Reverbed) - TikTok Remix,5.19,"Scammacist, Kenjo",2023-07-21,2023,remix
5k3Hpt2vvj4gRL5ORwJFsm,WATCH YO STEP,2.35,Joey Valence & Brae,2023-09-08,2023,remix
6a9T87YsJj9gqMA7ix7jC8,Zhurek - Isko Alvarez remix,3.24,"Adam, Isko Alvarez",2023-12-10,2023,remix
3NufPzBx9YxcmBimlIwSe1,Isekai - Someday Remix,1.62,RJ Pasin,2023-12-14,2023,remix
33Tf4njEso2GDgwlCKGIon,Is This Love - Remix,3.1,"Matisyahu, COFRESI",2023-05-12,2023,remix
40XYe9tVw4oOSVJZkfDN5T,Gorgeous Remix (feat. City Girls),3.57,"Tee Grizzley, Skilla Baby, City Girls",2023-11-03,2023,remix
3gtlthEgyulDfT8dWdKsnv,Spicy,3.28,aespa,2023-09-15,2023,remix
2RNCC8Bn7umBNJKNbtDFgO,Is This Real Love? (feat. Lucky Daye) - Remix,2.99,"Debbie, Lucky Daye",2023-02-16,2023,remix
59yjCJKdN8DZAz3G2YfgBj,Baggy Jeans,3.52,NCT U,2023-11-29,2023,remix
3JiYJq3epiENzsodXMWy0V,The Block is Hot,2.33,The Rollin' Deep,2023-06-01,2023,remix
1OuyMPCqofurcdWwYPDj3W,Canceled - Remix,2.73,"Larray, Issa Twaimz",2023-05-31,2023,remix
0IeTiOC1lnJUtS3l61bX93,Who Is Your Guy? (Remix),3.53,"Spyro, Tiwa Savage",2023-03-03,2023,remix
2PnJd0B9YdOPvo96av2xJK,This Is What It Feels Like - Armin van Buuren 2023 Remix,3.65,"Armin van Buuren, Trevor Guthrie",2023-12-01,2023,remix
49oiGHhY8mccY9xEfR8WV9,is this too much - Sped Up,3.33,"GenriX, Shiloh Dynasty",2023-06-06,2023,remix
0N7A7RTO6xwRqTZiSghsjG,God Is On The Throne - Remix,3.37,"We The Kingdom, Rick Seibold",2023-08-01,2023,remix
49ozuucNvoHNstYChqEzPU,New Gold (feat. Tame Impala and Bootie Brown) - Dom Dolla Remix,4.57,"Gorillaz, Tame Impala, Dom Dolla, Bootie Brown",2023-02-27,2023,remix
0EZpHuw2E68Be6CeXlXBqy,Isn't It Lovely?,2.88,Yoko Shimomura,2023-02-08,2023,remix
4UWDgSvethiugRKFdbaiik,Bittersweet Goodbye - Tiësto’s Hardcore Remix,2.65,"Issey Cross, Tiësto",2023-08-18,2023,remix
2nQeWDP8OA9vFqiCfghot2,Welcome To My Island - George Daniel & Charli XCX Remix,3.37,"Caroline Polachek, Charli xcx, George Daniel",2023-01-19,2023,remix
6LTVD3zeHqAAiSqyKDhNEH,Is This What It Feels Like to Feel Like This?,2.76,The Wombats,2023-02-03,2023,remix
58JTbvsnQV9k4dPBqUwVxK,Wasting My Young Years - Henrik Schwarz Remix,8.47,"London Grammar, Henrik Schwarz",2023-07-21,2023,remix
1LC7N5RJEegakogrjBIszd,i was only temporary,1.64,my head is empty,2023-12-14,2023,remix
0NmJPk2C4WydG5oAYDY0my,Waste Walker - Snow Strippers Remix,2.97,"Eera, Snow Strippers",2023-04-26,2023,remix
4XhaO7DjD6Lf81pBGaU5R8,WASTED ON ME - Klo Remix,3.97,"Angrybaby, Klo",2023-06-09,2023,remix
5JEnw81UmKRf1LRvHJqwR8,WASTING TIME (FEAT. DRAKE & THE NEPTUNES) (CHOPNOTSLOP REMIX),6.08,"Brent Faiyaz, DJ Candlestick, OG Ron C, Drake, The Neptunes",2023-05-05,2023,remix
3oe7YSvqfKsvBKspTBlC3I,i was only temporary (Sped Up),1.43,my head is empty,2023-12-14,2023,remix
7gshuLBhsLUkbCY0pSDMJW,I Was Made for Lovin' You - Ronan Remix,2.73,"Apollinare Rossi, Ronan",2023-04-07,2023,remix
4N1hEh4pphoCpp735QzuMJ,ROLLING STONE (CHOPNOTSLOP REMIX),2.87,"Brent Faiyaz, DJ Candlestick, OG Ron C",2023-05-05,2023,remix
1Tr5FhvxC4IlRXYJHCXJdZ,Creepin',3.69,"Metro Boomin, The Weeknd, 21 Savage",2023-03-17,2023,remix
2TqPcMoynCqfa7GbPQMIYA,JACKIE BROWN (CHOPNOTSLOP REMIX),5.12,"Brent Faiyaz, DJ Candlestick, OG Ron C",2023-05-05,2023,remix
6GEKcqLyE02N9Eis6Q9nuQ,DEAD MAN WALKING (CHOPNOTSLOP REMIX),4.7,"Brent Faiyaz, DJ Candlestick, OG Ron C",2023-05-05,2023,remix
3y1EOL3mBwSdYHBonDPkak,sins (let me in) - Remix,2.74,"Kanii, Trippie Redd",2023-11-17,2023,remix
4CRlzlhlNkkaXHSYbMe5xY,wasted summers - nightcore,1.83,neko,2023-08-09,2023,remix
28lTPSwc1b9wOfT1WXeoib,PURPLE WASTELAND INTRO (CHOPNOTSLOP REMIX),1.85,"Brent Faiyaz, DJ Candlestick, OG Ron C",2023-05-05,2023,remix
6YTILCPIROL0stwQHBSs2S,GRAVITY (FEAT. TYLER THE CREATOR) (CHOPNOTSLOP REMIX),4.46,"Brent Faiyaz, DJ Candlestick, OG Ron C, Dahi, Tyler, The Creator",2023-05-05,2023,remix
62ZO1zdoApFON2JrBNi0Js,I Wish I Was You - Twin Tribes Remix,3.99,"Creux Lies, Twin Tribes",2023-05-18,2023,remix
2mpSM8qr752wa70nc7ozS3,I Didn't Know I Was Looking for Love - Index Extended Remix,4.17,"Eve St. Jones, Index",2023-11-24,2023,remix
5n6dgDceKwXFLotgM597Wu,Gasolina - KEAN DYSSO Remix,2.43,"CryJaxx, The Late Night Project, KEAN DYSSO",2023-07-14,2023,remix
1bvVpDu2w97XKYxyitXOgr,Twennies (The Knocks Remix),4.14,"Dragonette, The Knocks",2023-09-22,2023,remix
7oOxFi8CpfqcTrvLxOh5qw,Bluey Theme Tune (Dance Remix),2.01,"Bluey, Craig Parry, Marly Luske",2023-04-21,2023,remix
5cJ3OSFu9duOSVNt0XZDZa,Stuck Inside (CG5 Remix),2.88,"Black Gryph0n, CG5, The Living Tombstone, Baasik, Kevin Foster",2023-12-08,2023,remix
1EGcOcgrHsfhQ0wCjyZyd2,"The Shire (From ""The Lord of the Rings: The Fellowship of the Ring"") - Piano Version",1.7,Elden Tales,2023-01-13,2023,remix
3FpFflePX0w1AxrxSXKTzz,Mmhmm Remix (feat. Finesse2tymes),1.93,"BigXthaPlug, Finesse2tymes",2023-12-01,2023,remix
0pjBqAz8GlxGlpaU4W0DxS,Cruel Summer - LP Giobbi Remix,3.21,"Taylor Swift, LP Giobbi",2023-10-19,2023,remix
5KUfM9sjoGogDnrBulbVcW,Ask the Lonely,3.9,Journey,2023-10-27,2023,remix
4X2MbVoKqQ8MFie2uu6zWE,Hermoso Momento - Remix,4.34,"Farruko, Kairo Worship",2023-12-31,2023,remix
4L2RePYSkrmjt8GRDhjTtn,Hot In Herre - SILO x Dallas Caton Remix,2.47,"Nelly, Dallas Caton, Silo",2023-01-13,2023,remix
3WLW76a7K7krnGyF9s4lIk,Tummy Hurts (feat. Coco Jones) - Remix,2.8,"Reneé Rapp, Coco Jones",2023-11-17,2023,remix
0MwUVJukXbo9DOB607fXAy,Hermoso Momento - KA2SH Remix,3.94,"Kairo Worship, KA2SH",2023-07-06,2023,remix
6fVbDmjqqY9y4vIkXTML3U,Heroine - (Pat B remix) [TOZA Edit],2.4,"Dutch Disorder, TOZA, Pat B",2023-01-27,2023,remix
5m2o06OAVtZ7cvjjrbK7nc,Hero - DubVision Remix,2.6,"Martin Garrix, JVKE, DubVision",2023-03-03,2023,remix
1BLceHxSV6Wx1MRC4gkt3f,La Cantina - Remix,3.63,"Hernan Gómez, Luis Alfonso, Pipe Bueno",2023-09-07,2023,remix
3iebfHmYMs8dUcAC5qSQ8Y,Bad Man - Kordhell Remix,2.56,"Disturbed, Kordhell",2023-02-24,2023,remix
7FCf5KtVmoVqZimikByspV,Hero - DubVision Extended Remix,4.03,"Martin Garrix, JVKE, DubVision",2023-03-03,2023,remix
2ZPiyBKaaV2UNmA4JIMW6O,I Want Your Soul - Prospa Remix,3.64,"Armand Van Helden, Prospa",2023-09-15,2023,remix
0Jn83ZzVbLk0tT3wr3yUKJ,Hero - Space Ducks Remix,2.98,"Martin Garrix, JVKE, Space Ducks",2023-03-03,2023,remix
04caQq1IeChrnBnvch1FQf,Lonely At The Top - Remix,2.63,"Asake, H.E.R.",2023-11-15,2023,remix
4LtaCfc4PcGvjv4gmkGLis,Here [In Your Arms] - Remix,2.35,"Mike Squires, Hellogoodbye",2023-09-01,2023,remix
6Wy7RyyXYcRcHrwXHl4Dxa,Born To Be Alive - Remix - Extended,3.16,"Patrick Hernandez, Snight B",2023-10-13,2023,remix
40POjyMhcs26rfMpewufmO,Here - The Magician Remix,4.44,"Tom Grennan, The Magician",2023-03-10,2023,remix
0rn2hYyqGKK7wwpwsrXcc8,Los Chicos Tristes [Feat. Jensine Benitez] - El Michels Affair Remix,2.69,"Hermanos Gutiérrez, El Michels Affair, Jensine Benitez",2023-10-10,2023,remix
1llQmVTyLJ9f0o1Q1h0Wxj,i just wanna be here (MÒZÂMBÎQÚE Remix),3.86,"sunflwr, MÒZÂMBÎQÚE",2023-02-20,2023,remix
02tZfUTOO6JQiz3Au09IFT,Let Her Go,1.97,Catch & Release,2023-06-05,2023,remix
6GWs50RXMzjoqPXlqZR25S,I Really Want To Stay At Your House - Hyperpunk Remix,3.73,"Himemiya Rie, JibaoRockin",2023-12-30,2023,remix
6xBSQBXkN1ah0gFb0oAUNf,Afsana Banake Bhool Na Jaana Remix,3.42,"Himesh Reshammiya, Tulsi Kumar, Dj Abhi India",2023-02-16,2023,remix
5RJqdswyhkQRDxXuIqhOLC,WAIT ON HIM - Funk Remix,1.6,"Saint James, JKO",2023-04-07,2023,remix
63JBgXw3BNqpK7vVHsdUft,Him And I (TikTok Sped Edit) - Remix,3.58,"yourbigsis, Music Factory, Filouu",2023-02-22,2023,remix
3SDnWDBETcehHLLC00XE0Y,HIMARS - Sinizter Remix,2.29,"SCXR SOUL, Sinizter",2023-02-03,2023,remix
63jvQeCvhSJqITyQAYZbKO,Himno (para los que están jodidos) - DJ Nano Remix,3.16,"La La Love You, DJ Nano, Allison",2023-06-16,2023,remix
669Dj4YkIfWUV5LVdcoLqR,Undo U - Himera Remix,2.58,"Ninajirachi, Himera",2023-12-15,2023,remix
14f8zBk88PxBZtrg1oZYgv,ヒミツ (tofubeats Remix),4.77,"Uilou, tofubeats",2023-07-19,2023,remix
33ekll4uKJ5whLA4jP0ZPz,Babyblau - Remix,3.19,"Paula Hartmann, Domiziana",2023-05-26,2023,remix
2Rytig2zrVyvmh9Y40X650,Himn - Remix,2.74,"Nürnberg, French Police",2023-10-01,2023,remix
6Mh92AAi6d8UvctQ53pMyx,We So Proud Of Him (Remix),2.11,TrellHeHell,2023-01-09,2023,remix
62M2EorIEMW2cT5iLvYbLU,UNIVERSAL NATION - Dyscore Remix,1.73,HIMXN,2023-12-15,2023,remix
2eJh0pCZ3RbVUZ1avnsKAf,I Hate You,5.32,andhim,2023-09-08,2023,remix
596MMuWUFgIYCdqboXepeA,All Thë Praise - Out Thë Way Christian Remix,2.5,pouu,2023-02-27,2023,remix
0FOhmpfD1riABhyZfAn0MX,GOD'S VETERAN - VETERAN Christian Remix,2.94,"pouu, Shayyn!",2023-02-27,2023,remix
3YvE7GZQLHtbu9xdjE3kGH,Jolene (secs on the beach Remix) (Radio Edit),3.06,"Olivia Newton-John, Dolly Parton, secs on the beach",2023-06-09,2023,remix
4APWDVWZEQIN4CfE8ZvrBd,NOBODY LUVS U :( (Remix),3.04,"babyMINT, Karencici",2023-08-20,2023,remix
5Tw1HRQT0UnkCrnmO5wvBI,The High Song - Mendeleyev Remix,2.31,"Vinny Marchi, Mendeleyev",2023-07-07,2023,remix
2D77Pi4ZoImH0kYHXh7iwf,NOBODY LUVS U :( (Remix),3.05,"babyMINT, Karencici",2023-12-22,2023,remix
15cmzwMGQcXLT6zvkRq5Gk,Praise Him (Lift Your Hands Up) - DJ Spen Retroactive Remix,3.12,"Deep Zone, Ceybil Jefferies, DJ Spen",2023-09-01,2023,remix
4K62uKdNag8M7mWtuIuORH,Baby Schai - Remix,5.47,"Omar Courtz, Lenny Tavárez, Darell, Miky Woodz",2023-03-02,2023,remix
68ym2KeBJ6QbSbssxtZwAQ,Out On Bond (feat. Rio Da Yung OG) - Remix,2.59,"BabyTron, Rio Da Yung Og",2023-06-09,2023,remix
5js0S06HeHofz7ZtlXV7In,Baby Don't Hurt Me (feat. Anne-Marie & Coi Leray) - Sofi Tukker Remix,3.14,"David Guetta, SOFI TUKKER, Anne-Marie, Coi Leray",2023-06-30,2023,remix
0838zv1ZStd9x0rUGAHZ9Y,Baby Don't Hurt Me (feat. Anne-Marie & Coi Leray) - Hypaton & Giuseppe Ottaviani Remix,2.97,"David Guetta, Hypaton, Giuseppe Ottaviani, Anne-Marie, Coi Leray",2023-05-05,2023,remix
5tJGW8Wbfyb1TrRjMc8mCc,leavemealone - Nia Archives Remix,2.99,"Fred again.., Baby Keem, Nia Archives",2023-12-29,2023,remix
3BpSSkeDCdlh73PvYkvOvK,Baby Shark - EDM Remix,1.62,Pinkfong,2023-03-03,2023,remix
6yAFKBd3gwULfPXj1VUO34,Baby - Remix,4.87,"Ashanti, Crooked I",2023-03-31,2023,remix
2mq24ihvvbPtIgiU6gFAwp,Baby Boy - Remix,3.38,DJ R'AN,2023-03-24,2023,remix
2fQdKDHNWT4yNrpPhB2afL,BABYDOLL (Speed) (feat. 希林娜依·高) - 希林娜依·高 Remix,2.69,"Ari Abdul, 希林娜依•高",2023-06-01,2023,remix
3iiSC94Fu6pl1ZcFZQD4ZI,Baby Shark - Dance Remix,1.29,Bing Bong,2023-03-06,2023,remix
7mEyNyiz1n32CX9lbgBpBq,Gorgeous Remix (feat. City Girls),3.57,"Tee Grizzley, Skilla Baby, City Girls",2023-07-28,2023,remix
4sAoshwHCmh4IHMQxZHwRD,Baby Eu Tava na Rua da Água,1.93,"TR, Mc Menor RV, Tropa da W&S",2023-12-01,2023,remix
3lSFA44OsKCVZyLdmUlg80,El Marinero Baila,1.71,Aprende Peque,2023-10-12,2023,remix
6Z8iL8x45rPksBobTCrD2A,Baby Don't Hurt Me (feat. Anne-Marie & Coi Leray) - Joel Corry Remix,2.76,"David Guetta, Joel Corry, Anne-Marie, Coi Leray",2023-06-02,2023,remix
6GM5okVwM8whUJKWpCrl3j,Baby Don't Hurt Me (feat. Anne-Marie & Coi Leray) - Robin Schulz Remix,3.55,"David Guetta, Robin Schulz, Anne-Marie, Coi Leray",2023-06-30,2023,remix
2nW48vXnZZ5EYka46v7GOk,Attention (250 Remix),3.02,NewJeans,2023-12-19,2023,remix
2gWWYL6iXZKkOqCE3TQHBM,Hurt (250 Remix),3.73,NewJeans,2023-12-19,2023,remix
6JVXVLqCPaodBSEwRFUN8w,Ditto (250 Remix),3.36,NewJeans,2023-12-19,2023,remix
12Yy0hZrUebGnr3IrppPnW,Zero (J.I.D Remix),3.74,"NewJeans, JID",2023-06-20,2023,remix
6qWlp0154BPzimbk2CPkMm,Underrated (feat. MoneySign Suede) - Remix,4.07,"Zoe Osama, Snoop Dogg, E-40, MoneySign Suede",2023-09-08,2023,remix
1QQIi0N6NqkSKtCPN8vYwr,Epiphany (I'm Leaving) - Jersey Club Remix,2.82,"Chrisette Michele, Loog, ProdByAbnormal",2023-10-10,2023,remix
200IUE8MUGUF7EopnADhw0,New Rules - Ronan Remix,2.19,"Shelly Sony, Ronan",2023-12-08,2023,remix
16CYnDEI5MjHSBv08fpalJ,"New City, Same Song - driving home remix",3.29,Padma,2023-11-17,2023,remix
5bwpbZBOY0mrmRhZ94c0kW,Cookie (FRNK Remix),3.54,NewJeans,2023-12-19,2023,remix
4MhgDz4lSj2HtlUcpe3yrd,Attention (250 Remix) (Instrumental),3.02,NewJeans,2023-12-19,2023,remix
4yjDMKCAeLovlo9ih0AgXW,OMG (FRNK Remix),3.51,NewJeans,2023-12-19,2023,remix
6CUKsv928uT4561qJovhhG,Hype Boy (250 Remix),4.18,NewJeans,2023-12-19,2023,remix
6NuG2JgERZZXvvjmtjOFix,Sugarcane - Remix,4.19,"Camidoh, Mayorkun, Darkoo, King Promise",2023-06-02,2023,remix
18LFZbUSsbvWCsbQ8lJfYE,Let Go (Jersey Club) - Remix,1.71,Fazobeats,2023-09-04,2023,remix
4unOXoNM0jpNxDAMoeLctt,new jazz,2.12,kyra,2023-08-03,2023,remix
5cAcagwqpgUBvDk9rnu7WM,"New Worlds, New Adventures (Remix)",3.6,"Hendric Buenck, Minecraft",2023-09-18,2023,remix
1voPJEVRAlEOipF4ucvgFH,New Day (Wake Up Remix),3.03,"Blanca, Jekalyn Carr",2023-07-14,2023,remix
0ZuZLPndPR7qnpScsbAP3s,Old Doll (Slowed),2.01,Bluerra-sai,2023-12-27,2023,remix
4LlUEmEsOLfsyizsTTlAfg,"Old Silverado, Pt. 3 - Remix",3.05,"TrapHouse Koda, Dakota Arterberry, Jonah Raine",2023-02-03,2023,remix
4aw6Mhh7OJMkjsAcH4IOg2,"Old Friends, Old Rivals",1.57,Yoko Shimomura,2023-02-08,2023,remix
3uFimw4kNGji089wNchiN3,Older - Slowed - Think I need someone older,2.11,Xanndyr,2023-11-15,2023,remix
7LoyqdrF51XVflrSKFHH1a,greedy acoustic,2.37,Tate McRae,2023-10-27,2023,remix
2fQLILTXaoSnsEoxJ1mi6V,These Boots Are Made For Walking - SILO x Martin Wave Remix,2.34,"The Supremes, Martin Wave",2023-01-13,2023,remix
16uoWdmOoSJgu0RiaHWXjQ,Toxic - Dataset Remix,2.69,"Anakelly, Dataset",2023-09-01,2023,remix
778pno4e1Qgd0TigLAEthp,Trouble - Ronan Remix,2.81,"Anakelly, Ronan",2023-07-14,2023,remix
6nUP173xQi2ux6GgZnsi6q,Everywhere - Leo Portela Rework,2.61,"Eve St. Jones, Leo Portela",2023-11-24,2023,remix
16Ez7IzKMzOpFzIRvRZzZn,La Bellaquera - Remix,4.52,"Yaga & Mackie, Arcangel",2023-06-26,2023,remix
0QNbhggK2GbhOfmj7KQBPg,Speed of Sound - Ronan Remix,3.42,"Anakelly, Ronan",2023-05-19,2023,remix
6PWtLXOs2m5u6pT85sIdUN,Dreams - No.On Remix,3.33,"Eve St. Jones, No.oN",2023-11-24,2023,remix
0B7cfiWPAnwd7IVi1A1qDv,Learn To Fly - Ronan Remix,2.38,"Ituana, Ronan",2023-12-01,2023,remix
0elhzhAMVbt8KnB7Nyy27t,The Music Played - 2019 Stereo Remix,3.37,Matt Monro,2023-12-01,2023,remix
20ilaQzoMW2Ld45Kje0DgF,Simple Song - Ronan Remix,2.22,"Eve St. Jones, Ronan",2023-09-15,2023,remix
0zbeEBe7DDaRM8KParjIBq,No Rain - Ronan Remix,2.76,"Natty Bong, Ronan",2023-02-17,2023,remix
3SSHhsmRjs61kQZcC8XIVh,The Rhythm of the Night - Ronan Remix,2.42,"Groove Da Praia, Anakelly, Ronan",2023-10-15,2023,remix
1z627pI7fDAG5wYK88MJkB,Paradise - Ronan Remix,2.47,"No.oN, Ronan",2023-02-03,2023,remix
3wzhp85h98vtAGRZ6W1bUO,Say Say Say - Lost Coconut Remix,3.18,"Eve St. Jones, Lost Coconut",2023-11-24,2023,remix
7aKpHMYlCj8hl438Y4ukvn,Lost - Remix,4.75,"ZAC, PACS",2023-02-21,2023,remix
6zmYGx9voaaMltvd9yUVYu,Get Lost,3.84,"Lost in Blues, Sime Tunes, Blues Whiskey, Night Tunes",2023-09-08,2023,remix
2FX0YSnyAJ8jxvysMiSp9P,Blessings (with Asake) - Remix,3.08,"Fridayy, Asake",2023-02-06,2023,remix
6ql39mECUr4nxyAURzr7gQ,Starfall - Lost Prince Remix,3.45,"ILLENIUM, Lost Prince",2023-09-29,2023,remix
3rFHJDslBgt9rHu8p22aFN,The Feeling - Lost Frequencies & Andromedik Deluxe Mix,3.25,"Lost Frequencies, Andromedik, Bonn",2023-08-11,2023,remix
31aWi6OGd3k9lxpeDXC08d,lost (Sped Up),1.49,my head is empty,2023-06-09,2023,remix
5xJrqHHLIqJlaK6c05pwYB,Eyes Closed - Lost Frequencies Remix,2.99,"Ed Sheeran, Lost Frequencies",2023-03-23,2023,remix
2Ush9gY8LxDRTfhv20LCth,The Lost Soul Down - Instrumental + Slowed Down,3.79,hazel,2023-04-17,2023,remix
6smnmQ51VfqpOXV6MZp0VC,Lost in the Brass,3.83,"Gaby Alter, Tommy Newman, Mark Allen, Lindsay Mendez",2023-09-08,2023,remix
7oGMrh7oyZjpOKQ3XQy1wn,Say Say Say - Lost Coconut Remix,3.18,"Eve St. Jones, Lost Coconut",2023-08-18,2023,remix
2w7r5n8F1dzTRghV52seqU,Earthquake - Zinga Remix,2.34,"Zinga, prodJSTEW",2023-06-03,2023,remix
3y4Gf3Dp0HVzJnFYHhT8V0,Lost It - Medicine Place Remix,3.43,"ENiGMA Dubz, Snowy, Medicine Place",2023-12-01,2023,remix
7ngKmJ97tJ3MOR6efnU9kY,Lost Umbrella - Lofi Remix,2.06,Venvn,2023-06-28,2023,remix
32OFSf0MOp1JJ6MMbyCivG,COULD BE WRONG - James Hiraeth Remix,2.99,"LOSTBOYJAY, James Hiraeth",2023-02-24,2023,remix
62R9NaTuTkYrZQgLQ8r7oP,Lost On You,2.25,"Besomage, Reaktive",2023-01-13,2023,remix
1lGM7rKw8G2Sz0DDuKL82f,Kesariya - Lost Frequencies Remix,4.29,"Pritam, Arijit Singh, Lost Frequencies",2023-01-13,2023,remix
43McxIOhxbphUzPBUFS2Mk,Fuck Good Business - Remix,3.26,"jamesstfu, Glokk40Spazz",2023-08-10,2023,remix
4vxf7ad1w2zddi4DjVX1Zx,Numb,2.71,"Luca Testa, Lost Zone",2023-01-20,2023,remix
1MFbMBFOBedhmFuTXw1qzv,Lost Again - Theme From The Callisto Protocol / SICK LEGEND x Future Humans Remix,3.61,"Kings Elliot, SICK LEGEND, Future Humans, Sam Cramer",2023-01-18,2023,remix
08arf0AI69o6qdMSZWVrJm,Rush - Big Freedia Remix,2.61,"Troye Sivan, Big Freedia",2023-08-18,2023,remix
26bay9XnGSFbZBbTCaLB3B,Nigga Uhh Freestyle - DJ Ess Remix,1.63,"Wizz Havinn, DJ Ess",2023-10-23,2023,remix
3iDGlU3hFcgJMMhSuH3CvD,Freedom Inside Your Illness (Ls41 Remix),5.0,"Infeed, INNERGATED, LS41",2023-08-21,2023,remix
33IHQyv87SSPh673KVGdfB,PIZZA FREESTYLE - JJOZlAH JERSEY REMIX,2.02,"JJOZlAH, CoryxKenshin",2023-06-02,2023,remix
75I3cFxZ68lLh9y61DhASM,GROOVY FREESTYLE (REMIX),3.53,"Brenno, Childlike CiCi, Taylor Wells, Kieran the Light, Tre'Gadd",2023-12-01,2023,remix
7nGh0Lgv9vLqP8kDbmzFqq,Certified players pt. 2 - Freek a leek remix,2.28,MC BXB,2023-08-22,2023,remix
4LiabGrhhrN8UlmRHceqrB,Free Quan - Remix,2.21,"Oy Quan, Roscoe G, Trelly Savage, Deeplay4keeps, G.P",2023-10-13,2023,remix
42JDvSwZ8oTzJAjo5awU8t,"PIZZA FREESTYLE - JJOZlAH JERSEY REMIX, SPED UP",1.74,"JJOZlAH, CoryxKenshin",2023-06-08,2023,remix
6mqalMj0KU2rpSzgrAvD32,Lay Low (Argy Remix),4.13,"Tiësto, Argy",2023-02-03,2023,remix
7f3S36TfLiQcLfiva9rWeq,Frisa,2.95,"Jey One, Diente 27, Papera",2023-12-27,2023,remix
0XyaOS7RzOSqvcdRmpa7em,LEMONADE FREESTYLE - Remix,2.38,"Darrell Medellin, P-Lo",2023-02-17,2023,remix
3LFYH5ib1UPsBZNEUbxueh,The Story Of Adidon Freestyle,3.21,Ombre2Choc Remix,2023-12-15,2023,remix
6rJjT5kPYhtXkUsot7tkjI,Alcohol-Free (English ver.),3.51,TWICE,2023-11-22,2023,remix
5A3qaG6UBXqZFPSoIeanRQ,Freestyle 666 (Freestyle 2 Guitar),2.25,Diabolik Seth,2023-06-23,2023,remix
4IoFNRKx2uRIHulbUnvauQ,"PIZZA FREESTYLE - JJOZlAH JERSEY REMIX, INSTRUMENTAL, SPED UP",1.72,"JJOZlAH, CoryxKenshin",2023-06-08,2023,remix
5K14nzTk5slA3K90SKmw9q,Dakota - Nikko Mad Remix,3.18,"Freedom Dub, Nikko Mad",2023-08-18,2023,remix
2wlzOvgHXJAf49qwsYU2zA,Freed from Desire - Boca 45 Remix,3.35,"Nat Tate, Boca 45",2023-02-10,2023,remix
08neNM3H0SLjIevzMB5PbL,Freefall (At 1980 Remix),3.28,"W O L F C L U B, At 1980",2023-01-24,2023,remix
00iFJetQCQ3Wfew3r0Xt4x,"Freezeezy Peak - Lofi (From ""Banjo-Kazooie"") - Remix",3.12,"Melodies Zone, Lucky",2023-12-01,2023,remix
6hu1xWLYlUYjh7QOIldZl3,I'm Not In Love - Ronan Remix,2.78,"Freedom Dub, Luca Giacco, Ronan",2023-03-03,2023,remix
5DNODaGLQJIKWWsHaWT7fk,Hey Now - ARTY Remix,5.85,"London Grammar, ARTY",2023-07-21,2023,remix
1ZQj7rBxrxKcMc1RqyBmrM,Now Or Never - Toneshifterz Remix,4.03,"Will Sparks, Sara Phillips, Toneshifterz",2023-11-03,2023,remix
7JRqBQLXQSKPbHMk3efQxx,I Don't Know - DJ Ross Remix,3.29,"Erika, DJ Ross",2023-07-14,2023,remix
3FwGPAu9qxJrNzKNn1HP1n,Hear Me Now (Alok Remix),3.13,"Alok, Zeeba, Bruno Martini",2023-10-20,2023,remix
3LszpDExdEv2y2VvOvKW4Y,Now Or Never - TRYM Remix,5.29,"Martin Solveig, Faouzia, TRYM",2023-08-25,2023,remix
4npDRstA1cZPDshgtC3mvv,Now U Do (Carlita Remix) - Edit,3.56,"DJ Seinfeld, Confidence Man, Carlita",2023-10-09,2023,remix
4oLEmzER8PlqV4c4IlQn25,Tell Me Why,2.46,"Braaheim, Now O Later",2023-08-24,2023,remix
0IikQqbOr6kYoRjyDBB7AI,"Now That's What I Call Kissing Your Dad, Vol. 1",1.58,Sbassbear,2023-08-31,2023,remix
40c2tVirQ0GwgIadVGfl01,"Now That's What I Call Kissing Your Dad, Vol. 2",1.45,Sbassbear,2023-08-31,2023,remix
6rEGktBQJjLGBVCZuawBXl,Smooth Operator (stillachild Remix),1.85,"MOONLGHT, nowifi, stillachild",2023-12-14,2023,remix
2IYsPALyMxdzQekCZHLbzy,Jus Know - Remix,2.75,"Rayy Blank, BlackMayo",2023-01-10,2023,remix
16zvX58l5q9vnVUeed4G0o,Hey Now - Bonobo Remix,5.76,"London Grammar, Bonobo",2023-07-21,2023,remix
4GIlUBxwm42b5Q80hsuCIB,Elenore - Sonnee Remix,3.85,"Sultan + Shepard, Andrew Belle, Sonnee",2023-08-08,2023,remix
2wpp1NZZcSnfLxCXYP3M5O,Now Or Never,3.46,"Martin Solveig, Faouzia",2023-08-11,2023,remix
5pR5dgcTstsIeyVvM6kNqB,Now Or Never - D.O.D Remix,2.69,"Martin Solveig, Faouzia, D.O.D",2023-07-28,2023,remix
42tKOy9TxzLj7OiOry8ZeF,Now Or Never - Odd Mob Remix,2.68,"Martin Solveig, Faouzia, Odd Mob",2023-08-11,2023,remix
2obkLo17dD7FzCkqJtPRo6,Nowadays Music - Dual Damage Remix,2.48,"So Juice, Dual Damage",2023-07-21,2023,remix
7cpVJlKWLwxIaq8BOMtx9p,Now And Forever - Remix,3.49,David Pomeranz,2023-02-14,2023,remix
6DJALzIiteQKak0QDCAgB8,Smooth Operator (Steve Reece Remix),1.82,"MOONLGHT, nowifi, Steve Reece",2023-12-14,2023,remix
2FlV4JTJuYH6Ht86MFBb3d,Smooth Operator (Daniel Best Remix),2.72,"MOONLGHT, nowifi, Daniel Best",2023-12-14,2023,remix
2jNWpJ0KbVKiWKeoJmVszA,Coast (The Human Experience Remix),3.7,"Gone Gone Beyond, Moontricks, The Human Experience",2023-01-20,2023,remix
7uiGE5rn80FShX60yliLCp,Gone (feat. The Jacka) - Remix,3.16,"Berner, The Jacka",2023-05-05,2023,remix
4E8vROzVyK2CQewXKBDIx2,Gone Forever - Demmo Remix,3.37,"Spark030, Demmo",2023-03-27,2023,remix
6R0YvLbFMBQEkDiax2Kgn9,Get Gone (Homemade Spaceship Remix),2.81,"Maddy O'Neal, Homemade Spaceship, Lily Fangz",2023-04-06,2023,remix
5JiIcTrwmCMaDbuu8OMPZ3,GONE - Scholar Boyz Remix,4.53,"Chalie Woodz, Compc",2023-10-08,2023,remix
5duvZq1WLeX40UO6SLq5zX,When I'm Gone - NGHTMRE Remix,3.71,"PEEKABOO, XAELO, NGHTMRE",2023-03-10,2023,remix
3wO31bU00RPlGXrZVxSnrz,When I'm Gone - NGHTMRE Remix,3.71,"PEEKABOO, XAELO, NGHTMRE",2023-03-10,2023,remix
3JzA2O9JCbB2TZgBdIKceo,When I'm Gone - Curbi Remix,3.16,"PEEKABOO, XAELO, Curbi",2023-03-10,2023,remix
3IW2FoKVB8TFbvpAmgoPOB,When I'm Gone - Ganja White Night Remix,4.33,"PEEKABOO, XAELO, Ganja White Night",2023-03-03,2023,remix
0GPLyFh3MgxvPGf5BeJPSX,Gone2Me (Remix),3.24,"Thousand Below, Josh Billimoria",2023-06-28,2023,remix
4Kt1FaMirFnMK110VqsrTf,Gone - Remix,2.81,"Mqx, ilysmoke, MVSTAFA",2023-09-21,2023,remix
1RgUdEE0n4nv0xirPxeiAJ,Falling - Duke Dumont Remix,5.58,"HAIM, Duke Dumont",2023-09-29,2023,remix
3TVfiCWGWVs6LLr1isi85D,When I'm Gone - Curbi Remix,3.16,"PEEKABOO, XAELO, Curbi",2023-03-07,2023,remix
2x8p560zoWg3VcsjBsWt9j,Gone - Thorne Remix,2.6,"Wiguez, Rico 56, Thorne",2023-08-24,2023,remix
28oF5RpR7JQwxCOmXXQr9I,When I'm Gone - Ganja White Night Remix,4.33,"PEEKABOO, XAELO, Ganja White Night",2023-03-10,2023,remix
0ARwTrAEKOsss7VoTwJErS,Get Gone (Biicla Remix),3.12,"Maddy O'Neal, Lily Fangz",2023-02-24,2023,remix
5nA7Q2oeglt7nfZuKKxK6F,Gone - Monks. Remix,4.39,"The Haunted Youth, Monks.",2023-07-19,2023,remix
77iYJ8a6ZqJ2Wdiogch3mG,Get Gone (Biicla Remix),3.12,"Maddy O'Neal, Lily Fangz, Biicla",2023-02-03,2023,remix
5HMqyHQb7xqmgTrCxmL2sG,Gone Astray - Peanut Butter Wolf remix,3.4,"Rahill, Peanut Butter Wolf",2023-10-25,2023,remix
1wUv1L3HE4E98C8E91Jz3A,Back It Up - Remix,3.53,"Nellie Tiger Travis, Erealist",2023-06-23,2023,remix
5JFvCMeLcCZ9pU4NahyTye,Double Back - Remix (DJ Suave Mash Up),2.93,"Coco Jones, DJ Suave, Audio Anthem",2023-12-15,2023,remix
2gzWtnslb715DPDTlJ5NSi,Back to You (Amtrac Remix),4.63,"Bob Moses, Amtrac",2023-03-03,2023,remix
6ze6D7Bn8o8AEIbHuGHpmL,Peaches (Remix) - from The Super Mario Bros. Movie,3.43,Jack Black,2023-12-16,2023,remix
5OiTLliOSZnQzSiWlYFBi8,BACK TRIP FUNK (SLOWED),3.99,xxxcharacter,2023-09-07,2023,remix
2Zrd9OPOxJDqXMTC2aPQAv,Back to You - Awon Remix,3.81,"ILLENIUM, All Time Low, Awon",2023-09-29,2023,remix
1WPpg0Vn7d6P2UTJvtwyJP,Come Back Around - Romain Garcia Remix,4.4,"Moon Boots, Cherry Glazerr, Romain Garcia",2023-07-18,2023,remix
1BHcRgJYvBpe8yRBjqrlDr,Backstreet Bossa Nova (Daisy O'Dell Remix) - Bonus Track,2.88,"Elvis Presley, Backstreet Boys, Daisy O'Dell",2023-03-07,2023,remix
0MXoFXSwwhpfFlzNh2TkTd,Back to You - NURKO Remix,3.58,"ILLENIUM, All Time Low, NURKO",2023-09-29,2023,remix
6ne7lM0BGmY1h33fqnVjj9,Couple Spring Breaks Back - VAVO Remix,2.33,"Priscilla Block, VAVO",2023-04-14,2023,remix
0dWdBtUyXGPwfGJAXvYMtH,SexyBack,2.62,"Lucky Luke, Fella",2023-03-24,2023,remix
7jbSZvatpSG6kxcTK1cyIY,Back To You - Dzeko Remix,2.59,"Lost Frequencies, X Ambassadors, Dzeko",2023-03-10,2023,remix
7jIOOtHgZRstHL5CiLuwHi,Bring It Back,3.45,Neon Steve,2023-03-10,2023,remix
7KK7A6niqD66y0duJ6iupC,Back for More (with Anitta) (House Remix),2.32,"TOMORROW X TOGETHER, Anitta",2023-09-18,2023,remix
0r7iXhmVugU0zHoteI7H96,Back for More (with Anitta) (Afrobeats Remix),2.31,"TOMORROW X TOGETHER, Anitta",2023-09-18,2023,remix
3QEvcsamCcsxu72Wh0VoHL,Don't Look Back in Anger - Nikko Mad Remix,3.29,"Style Project, Nikko Mad",2023-10-13,2023,remix
5YJTQnUd8o3wG6yPE3y3bK,Back to You - Youth In Circles Remix,3.41,"ILLENIUM, All Time Low, Youth In Circles",2023-09-29,2023,remix
2JJi0zvKeS0ie4siZwh3XI,Again (Slowed + Reverb) - Remix,1.82,ViralityX,2023-03-21,2023,remix
4x8ZVmkZzyae5Sn9kcPWH8,again and again - Solomun Remix,5.66,"narou, Solomun",2023-12-08,2023,remix
5OaCjFudicwBTOmRzzlrMG,hope to see you again (Slowed + Reverb),2.72,Antent,2023-05-23,2023,remix
6gStyBSZDftPQL6HogYVUq,hope to see you again (Sped Up),2.07,Antent,2023-05-23,2023,remix
0pGecxPm2EOIQgc241d38t,Us Against the World - Remix,3.21,"Strandz, Digga",2023-02-16,2023,remix
6w98WIXpiaGCeMCcV2bEZj,Feel Again - anamē Remix,4.74,"Armin van Buuren, WRABEL, anamē",2023-12-22,2023,remix
2sQLabj3BSALTq2FmTrDXC,Ghosts Again - Massano Remix,6.71,"Depeche Mode, Massano",2023-05-05,2023,remix
0TB9IbEirDvATrQ9ES0i5j,Begin Again - Joe Goddard Remix / Edit,3.98,"Jessie Ware, Joe Goddard",2023-05-05,2023,remix
463mgOOvzTeyL2u2cmqKIE,Single Again (feat. Ruger) - Remix,3.94,"Harmonize, Ruger",2023-08-18,2023,remix
2xIXD39sVs5wGhuNgxmTrK,sane again - CactusTeam remix,2.45,"Frou Frou, CactusTeam",2023-10-06,2023,remix
0nYVpZvDHwkalBG2cLfQ6A,Daylight,2.13,Meric Again,2023-06-30,2023,remix
6QbVPP02QcJICAo7giDqwh,leavemealone,3.71,"Fred again.., Baby Keem",2023-12-29,2023,remix
0LN9OaktHfNcncsNM8fRja,See You Again,2.14,Skan,2023-08-31,2023,remix
3AtruWFmRKKwLi9o8k9Fzw,The Next Day ft. Jamie Irrepressible - Mind Against Remix,3.19,"Röyksopp, Jamie Irrepressible, Mind Against",2023-04-20,2023,remix
01Pz3W8UMafuNseEDKw3Ll,Leave The World Behind - Live From New York (Paradise Again Remix),2.97,"Axwell, Sebastian Ingrosso, Steve Angello, Laidback Luke, Deborah Cox",2023-07-28,2023,remix
1bgu6N3H9MisS8CGx9auOH,nausea,4.13,certain seasons,2023-08-12,2023,remix
1RqLelJCHUbw4zyKPRBJCb,"No Need 2 Be Sorry, Call Me? - Mount Kimbie Remix",3.94,"Nia Archives, Mount Kimbie, Maverick Sabre",2023-03-12,2023,remix
5ynJaSpYXzqOmxcXYd3Kxv,Forever Yena - Vocal Remix,5.22,"Major_Keys, Tyler ICU, Khalil Harrison",2023-06-30,2023,remix
3yizpp9FsadasyM5qiCGST,FOREVER YOURS (CHOPNOTSLOP REMIX),1.6,"Brent Faiyaz, ISO Supremacy, DJ Candlestick",2023-12-15,2023,remix
11gSTQfdlo0XRxIoBRr5MO,Toca Toca - Forever Friday Remix,2.28,"Fly Project, Forever Friday",2023-07-20,2023,remix
0E8vuRWA6a60RfmEJvSbPp,Forever Young,2.86,PEKE,2023-03-03,2023,remix
6Y99Pdmhbg5GhAAxwjcbhR,Forever (Solomun Remix),3.81,"Weval, Solomun",2023-08-16,2023,remix
2QhLSk2L4FDmCQ27naoyne,FOREVER - Ruben Raymond Remix,3.7,"Vince & The Valholla Empire, ADN Lewis",2023-03-30,2023,remix
23tz7d4UWUKbnSMNmlUDhP,FOREVER - Kompa Remix,3.44,"Vince & The Valholla Empire, ADN Lewis",2023-10-13,2023,remix
6cTwnTYaQlxeXF3qOUOdK5,FOREVER - Jordy Sam '93 Remix,3.44,"Vince & The Valholla Empire, ADN Lewis, Jordy Sam",2023-09-13,2023,remix
6KFV58emq26sUOC7lZrELP,Forever (feat. Elley Duhé) - Lizzy Jane Remix,3.79,"Gryffin, Elley Duhé, Lizzy Jane",2023-04-21,2023,remix
4Tea1GwDdVUXObtXV3pVNm,FOREVER - Miami Jook Remix,2.31,"Vince & The Valholla Empire, ADN Lewis, Brilliant",2023,2023,remix
0mogth6Cnq4RoqDEfyCptQ,Rica y Pegá - Remix,2.88,"Jacob Forever, Leoni Torres",2023-03-10,2023,remix
70GW7dJRNXEUxohDfDRZYh,Forever Sun - AK Remix,3.44,"Blonde Maze, AK",2023-04-12,2023,remix
2J21A2R7x9HTzTPz44Ct6I,Forever Only - SHINDRUM Remix,3.38,"JAEHYUN, SHINDRUM",2023-01-06,2023,remix
1aEAVRm7XTjSrz2xBvYTRZ,Steppin In,2.66,"Anti Da Menace, FOREVEROLLING",2023-01-25,2023,remix
04wUFX1PUsgB6NR2Zvfhs5,Forever (feat. Elley Duhé) - Young Bombs Remix,3.94,"Gryffin, Elley Duhé, Young Bombs",2023-04-28,2023,remix
2ODtL972CFsy8RupnO4Jzx,Forever Man (How Many Times) - Les Bisous Remix,2.71,"Beatchuggers, Les Bisous",2023-12-01,2023,remix
1qGyBcosipUy6T57Uxja2a,Forever - Bogdan Vix & Claudiu Adam Remix,3.54,"Bogdan Vix, Renee Stahl, Claudiu Adam",2023-01-20,2023,remix
4461Ozpndhv2AjNqe6d0Ic,Forever - Pauline Herr Rework,2.83,"Alison Wonderland, Pauline Herr",2023-03-16,2023,remix
5b9WTjW9lFPhJ8RXtvkzHP,Tonight - Samplifire Remix,3.43,"Habstrakt, SampliFire",2023-09-01,2023,remix
5FxGd6U9Vo0oUWb6raKeJE,Tonight (Swahili Remix),3.18,"Angel Dweh, Clitar",2023-04-21,2023,remix
4uLhjVIOWQkpEmTXy553FW,Lady (Hear Me Tonight) - Slowed,3.42,Rebooted,2023-10-27,2023,remix
4JA0JwuwtmWwVk7XxdjMN3,Lady (Hear Me Tonight) - Slowed,3.42,Rebooted,2023-10-27,2023,remix
1asfVmyvTgfqFh9qNv1MIr,Leave Tonight - Remix,3.65,"Vantage, RomancePlanet",2023-04-20,2023,remix
6OXsZ96u46sn0y6o9MQwqi,tonight - Felix Jaehn Remix,3.01,"LIE NING, Felix Jaehn",2023-03-10,2023,remix
6h3dwLJ24OqSksVYQMMeXy,Tonight - BYOR Flip,2.43,"BYOR, ARIA",2023-11-17,2023,remix
2jy7fnNQFKog7W3jvb7zQV,Tonight - ALRT Remix,3.43,"Habstrakt, ALRT",2023-09-01,2023,remix
0abjJYXE2LvkVVkzRucxEo,In The Air Tonight - Techno,2.08,"Giorgio Gee, NALYRO",2023-07-07,2023,remix
25kGqx85eiBuWkgv55JXp3,Tonight - Buunshin Remix,3.37,"Habstrakt, Buunshin",2023-09-01,2023,remix
5Q0oLuXEnA7U26E4mssaE1,Tonight - Remix,3.18,"Skryptonite, Kali",2023-08-10,2023,remix
3dnD6LrX6OWD2kLKMtsKjM,Tonight - Remix,2.03,"Kevin Paris, Claire Michelle",2023-08-24,2023,remix
42bHeOMGqFDWhrN6CulW8O,Tonight - Michael Gray Remix Edit,3.71,"Spiritchaser, Michael Gray, Dyanna Fearon",2023-10-06,2023,remix
5cCIwLWVAN3kDL2sHp4gM6,In The Air Tonight (Groovyn Remix),3.07,"EMDI, HVSH, No ExpressioN, Groovyn",2023-08-31,2023,remix
2eYZQD9KIlYrtkQLrTYjUJ,Tonight,3.19,Habstrakt,2023-09-01,2023,remix
6MeyICG4tdpeQ2S2RwT1HQ,Tonight - Remix,2.03,"Kevin Paris, Claire Michelle",2023-11-11,2023,remix
7mpvEZG8acc96hnnXHdfa4,In The Air Tonight - Deep House,2.7,"Giorgio Gee, NALYRO",2023-07-07,2023,remix
4LmfKuBOk1tYhis6RcAO5n,I JUST DIED IN YOUR ARMS TONIGHT - (DRILL),1.71,"DRILL 808 CLINTON, BRIXTON BOYS, Tazzy",2023-03-04,2023,remix
2GBW6S0qGPmKWzUROm7GKA,Don't Cry Tonight - Panorama 80 Extended,3.89,"Savage, Robyx",2023-07-21,2023,remix
4LJWaJ1Q7bLsg8kENJUqLM,Don't Cry Tonight - Panorama 80 Radio Edit,2.86,"Savage, Robyx",2023-07-21,2023,remix
4MueBLtQJxR6YFCgkevfnd,Sweet Dreams (Are Made of This) - House Remix,2.82,"Remix Kingz, The Big 80s Guys",2023-07-14,2023,remix
5KLP3O8k8K790okK7hkJIe,The Dream - CARBS NREM Remix,5.04,"alt-J, Ben Corrigan, Robert Ames",2023-04-28,2023,remix
7aqsZaSCQRuSrgCudm7sZE,Lucid Dreams (feat. Lil Uzi Vert) - Remix,4.01,"Juice WRLD, Lil Uzi Vert",2023-05-18,2023,remix
7n9aYTkekW2zuAeEQ7vW63,Sweet Dream (ALNST 1st Anniversary Remix),1.72,BL8M,2023-09-16,2023,remix
5d0376Pmq8nBmqjX2cbLkU,dream walker - remix,2.36,xaptiox,2023-09-15,2023,remix
2gworrmIRFsolAMRNEXgcL,Dream catcher,3.66,Hussein Arbabi,2023-03-20,2023,remix
6IqVq76K6UuJdYwZFgXosQ,Cocoon - Martin Garrix & Space Ducks Remix,3.37,"070 Shake, Martin Garrix, Space Ducks",2023-02-10,2023,remix
54NLxGh4wvGx1sSIRA8iAq,Dreams (Madism Remix) [Feat. Judah & The Lion],3.27,"NEEDTOBREATHE, Judah & the Lion, Madism",2023-10-12,2023,remix
0BxlkenSyFXrUnd1VhbvQl,Dreams (Will Come Alive) - Klaas Remix,2.23,"Danny Suko, Marc Korn, DJ Squared, Klaas",2023-06-09,2023,remix
4DzhRwzadY23ZLxXSHJKiu,Sweet Dreams - Remix,3.0,Tobbyum,2023-08-08,2023,remix
2v2O5mrcKnRxztJeJznriw,Dreamscape - Remix,3.51,"Belphegor (voice actor : Satoshi Onishi), Obey Me!, Shin Wada",2023-09-16,2023,remix
2yBdcdezLnoRmhUBh1G05v,Dreams - RemK Remix,3.75,"Gryffin, RemK",2023-06-23,2023,remix
05cfV4YzdYsicYjcTbiL89,Dream House - 10th Anniversary Remix / Remaster,9.24,Deafheaven,2023-11-17,2023,remix
72R88Czym52F41DZWxL2fY,Black Dress - Anyma Remix,4.63,"070 Shake, Anyma",2023-10-27,2023,remix
5GbMPtLwGNWVAtT0u4SXCg,Airwave - Giuseppe Ottaviani Remix,3.88,"Rank 1, Giuseppe Ottaviani",2023-04-28,2023,remix
0H7Issbjv49SuNAeiIY7JO,Sweet Dreams,3.45,"La Bouche, Paolo Pellegrino",2023-05-19,2023,remix
78Ar1fNsdRKgHiEAxhbO6w,Sweet Dreams (Are Made Of This),2.63,"Paul Jockey, Leyra",2023-03-03,2023,remix
54t25Sdax8fIzOanfyEaOA,Anjali - Remix,2.28,Science Of Dreams,2023-02-23,2023,remix
1XBYiRV30ykHw5f4wm6qEn,NIGHTS LIKE THIS,1.45,The Kid LAROI,2023-11-10,2023,night
583dMdiUquLMenarTp7PQm,Last Night,2.73,Morgan Wallen,2023-03-03,2023,night
0GdM8G5zBlK3DI18vaFHeT,Night Rain In The Garden,2.44,Aquagirl,2023-01-13,2023,night
6Vn08qaY1jLbCEAySvW4Tk,Night's Embrace,2.33,Calmly,2023-12-28,2023,night
1fFQRjliSkgx8k58BXRc1O,Nighttime Brown Noise,2.5,Noise Gravity,2023-06-23,2023,night
180AbZduI6bYQIzwCHRwu9,A Night To Remember,3.89,"beabadoobee, Laufey",2023-10-20,2023,night
1vYXt7VSjH9JIM5oRRo7vA,Dance The Night - From Barbie The Album,2.94,Dua Lipa,2023-05-25,2023,night
3Wn4UZiOkXbzpec53UT1MP,Healing Night Rain,2.56,Sprightly Showers,2023-06-09,2023,night
1SirUENsOpONVZ7DKCg0VU,Night Storm,2.3,Four Winds,2023-03-13,2023,night
0OpqhQTV2qBimQyFhQAuDF,Night Clouds,2.88,Domi Nova,2023-10-06,2023,night
1nTw7BcwpDOjOV3wTFIhQF,Night Song,2.27,Slumber Cloud,2023-11-16,2023,night
4nqdL3eVVRwnP3F4tHyHqr,Night Time,2.48,Foulout Amiri,2023-03-08,2023,night
74X2u8JMVooG2QbjRxXwR8,Perfect Night,2.65,LE SSERAFIM,2023-10-27,2023,night
5wotbFovMedDXEMKC4DrHf,Nightcore,3.12,Ken Carson,2023-10-13,2023,night
4S3LtFktEokHwz19jOkKDb,Night-time,4.24,King George,2023-04-01,2023,night
06pXaRbC0vCwJ5b88QLuFz,Nightlife,3.14,Morning Silk,2023-08-30,2023,night
1EUTUbuBNWwyVNMr1Jxp9w,White Night Noise,2.87,Ambientics,2023-05-19,2023,night
2i5CDCQXZDjG8G7NVr3uRU,Night Time Waves,3.28,Ocean Therapy,2023-08-03,2023,night
5PgHmtuPjhreShfiZXK6mH,Night Changes,3.39,Vic Carnes,2023-10-27,2023,night
2j8e5FzNDN1Qs0mAcCUzgN,Nights in white satin,2.11,Winston Brey,2023-09-22,2023,night
2JxrwDNVSsvg5inMtxwfSr,"Night mess, volume 2",2.11,Juanita's Father,2023-04-14,2023,night
1jAoOn3R88aqLjLD4mc7wq,"Night mess, volume 3",2.95,Juanita's Father,2023-04-14,2023,night
3ZlzwgTVz18N96bsxg5cgN,Night Memory,4.33,Romain Garcia,2023-02-10,2023,night
7DFMXmaMUJZCoVBpOe7dPZ,Night Memphis,1.66,oppslll,2023-01-16,2023,night
4UoAE9syItpfjF02ZPoM4L,Dreamy Nighttime Melodies,3.2,Musiscape,2023-08-23,2023,night
5c3fIHmLHmL4iaqUuqBPHo,Nightmare,3.13,From Ashes to New,2023-07-28,2023,night
44SHcghjva9vipAIyTvxnw,Goodnight Menina 2,2.48,"Mc IG, DJ Glenner, Fepache",2023-03-15,2023,night
6fpyUvlyjgG3kJzXcQV8EG,Night Memphis 2,2.22,"oppslll, ValodeR",2023-03-11,2023,night
0uz9CDyolmpi4ItJ9nccpk,The Night We Met - Violin,2.02,Dramatic Violin,2023-08-09,2023,night
6UzrUSUTNjzKRhSyalzWNK,Kiss Me Again - Nightcore Mix,2.29,Roy Bee,2023-06-16,2023,night
4dGRYcugNWW8zCDBt22S2w,Nightshift,3.15,Lil Tjay,2023-07-14,2023,night
17IBDpAl3J39swaoPlfGpp,Another Late Night (feat. Lil Yachty),2.84,"Drake, Lil Yachty",2023-10-06,2023,night
7jI4rSFlLcVmSB00iTLqU5,Nightmare,3.2,BoyWithUke,2023-10-06,2023,night
7Km7xyMr97YxxqMBgUfIrc,Nightmares (feat. Byron Messia),2.52,"Chris Brown, Byron Messia",2023-11-10,2023,night
6c6ZqAkYJlXaydASbVA0zd,Past,1.01,Poella,2023-01-26,2023,night
0jrOt6XnOTeZOd56U16Bfp,Nightmare,4.47,Polaris,2023-09-01,2023,night
4MdtCWdFpCZIQcAIw215aK,Goodnight My Love,3.42,Rachael & Vilray,2023-01-13,2023,night
2xerPS90qOaj8967gn6G8m,Goodnight My Dear,2.1,Sleepy Shepherd,2023-05-18,2023,night
3quDzhlfgfAvPzmCG3qzIg,Best Night of My Life,2.58,American Authors,2023-02-10,2023,night
6ucyxzt2D1ENoXEh0pGxdy,Good Night my Darling,2.04,Mia Gardner,2023-01-01,2023,night
2bIuhwI23JeCLwEqSc691N,Goodnight My Dear,1.19,Theodor Ros,2023-03-31,2023,night
6fTjCQwPDidicuaJgfTsAt,Goodnight My Son,4.16,EAMONN KARRAN,2023-09-22,2023,night
5DYpHAtMDShweH1zaYUXRQ,MY DAY IS RUINED !,2.22,Night Lovell,2023-12-08,2023,night
49GyOKI3r3rZTl1SAXIcHr,Mirrors,3.45,Nightbus,2023-03-28,2023,night
5mF7p5mwgaPZyIykUhO3PN,Last Night,2.82,Loofy,2023-10-06,2023,night
7b4twDZXjQf8gyQGSvySZd,All Night Long,3.91,Chris Stussy,2023-05-26,2023,night
4zSSrvdqCAstgZSBsx460I,Lullaby (Goodnight My Angel),3.76,The Wishing Jar,2023-06-22,2023,night
2ch8AIejTNsaACkWgBFjCb,Night Moves,5.66,"Dolly Parton, Chris Stapleton",2023-11-17,2023,night
115eubjM68MCcVdUkakxbK,Mysteries From Above,2.27,"Late Night Tones, Abricot",2023-12-21,2023,night
4vrD3XvsuOXd3mYa3zGHgb,mystical nights,2.7,idylla,2023-12-14,2023,night
4F2kZfPdy2UqWExKXpaIqR,Goodnight My Dear,1.24,Derina Berger,2023-04-14,2023,night
1MCUz8U559nGEN377EHHaY,Young Love & Saturday Nights,3.26,Chris Young,2023-07-21,2023,night
1gyOooDZ9aJCP3RHz1dd9l,GOLDEN TICKET,2.37,Night Lovell,2023-12-08,2023,night
3uY9CJm9IZ5Cn2NYIFzIAU,Night Sweats,2.46,Emcee KB,2023-05-26,2023,night
79sPGWXMFCsPnMaXvENXS7,Night Still Young,2.13,Nic D,2023-11-03,2023,night
5VP5ABcgDQkjIWHKthYEHQ,The Night You Lost Me,2.4,"Yung Drac, HVNTR",2023-04-28,2023,night
033ub4kPGgchu9BZ20z5qO,When You Forgive Someone,3.9,NEEDTOBREATHE,2023-09-15,2023,night
0v072fi3YFyj10TOqjlbqT,Fucking You Tonight,3.11,"Baby E Made This, J Valley, BlueBucksClan",2023-09-06,2023,night
1dK7vXPf1OxrigWrOuUsyr,SUCKS TO BE YOU :/,2.69,Night Lovell,2023-12-08,2023,night
11YovYUVkZdLyOFncbecWL,Our Night is more beautiful than your Day,3.21,NewJeans,2023-11-24,2023,night
3PnaNyWPiC13G1dH3HQ8gQ,You Found Me,3.87,Our Last Night,2023-08-25,2023,night
3ykD76bDGfeLUaCiQ7GtJE,LIFE SUCKS SO WE FUCK (feat. ZillaKami),2.03,"Night Lovell, ZillaKami",2023-12-08,2023,night
6Y9mbCLJiTBKR5ZEtCWeZi,nightlights,1.8,"sevenlies, Headphone Activist, your home",2023-09-15,2023,night
6i3NunmMCcqnYVWCna0k44,"in your darkest nightmares, you'll see me",4.59,"Savage Ga$p, KAMAARA, Grim Salvo",2023-12-01,2023,night
698IDYJMDJS5IVakqcX8vo,You Thought (feat. Janelle Monáe),3.02,"Teezo Touchdown, Janelle Monáe",2023-09-08,2023,night
0lpo9c5J9uOZqMsXEei1gV,Through The Night (feat. Free Nationals),4.3,"Maeta, Free Nationals",2023-06-09,2023,night
37NBYrshaktfOFpECOrhXk,You Shook Me All Night Long,3.16,Rio Branco,2023-10-06,2023,night
2yx02NvGlegYqAMz13i1SU,The Night is Young,2.36,"Dopeboy Ra, Nefew",2023-11-17,2023,night
79zxzGKkpBgnUYPGBt9yKv,The Night Is Blue,8.38,Tim Green,2023-07-21,2023,night
6sJ6EoG4vyUC1tW718ww7f,Our Night is more beautiful than your Day (Inst.),3.21,NewJeans,2023-11-24,2023,night
5VqXN1Dkfr8ndTagvDkCJm,Night Is Dark,2.46,Klaas,2023-05-05,2023,night
2cPEzcmtPJdl7K86W9xKte,Night Green Noise,2.17,Sleep Noise Island,2023-04-28,2023,night
6BO7StXzy6FRgxhRZ6DJbZ,Mountain Ascent,2.01,Sleep Noise Island,2023-04-28,2023,night
0SXsRcuTaWZAg6QyDhncpY,Our Night is more beautiful than your Day,3.32,CHUU,2023-08-02,2023,night
5zhlnYf2vxFxQoMy8UZIbu,The Night Is Young,2.8,RW 5ive,2023-11-20,2023,night
47NGRxSaEtJznNQ17dFg4c,Every Night Every Morning,3.3,Maoli,2023-04-21,2023,night
0rDGJgeeJETqavhY1lhRM9,Night Light - Live at The Symphony,4.12,"Laufey, Iceland Symphony Orchestra",2023-03-02,2023,night
1dbar1XukTbn7FQzQTqDQK,Outside All Night (feat. A$AP Rocky & N3WYRKLA),3.38,"Brent Faiyaz, N3WYRKLA, A$AP Rocky",2023-10-27,2023,night
4rlQza35DE4Prh5yonxnCs,After Midnight,3.41,Chappell Roan,2023-09-22,2023,night
6Su4DN1Ium5EEgbmHsI8HW,Night Is Not,3.7,"Tiga, Hudson Mohawke",2023-12-01,2023,night
3iPES3R1oHZjSu8CnG8kG2,After Midnight,3.41,Chappell Roan,2023-09-21,2023,night
3GpkX69gE9A25p5auq78aS,Midnight Relief,2.27,Calmly,2023-12-27,2023,night
0W7k4qgOx4gbsVbWSMesrJ,Grateful,2.17,Calmly,2023-12-27,2023,night
1mWISjhqdUaOCJMYrEpLJ6,What Was,3.59,Benson Boone,2023-04-14,2023,night
0ImuGpAbdKeQlgbdkO6ywU,Last Night Was Good for My Soul,4.64,The Shindellas,2023-10-20,2023,night
26SfddSXBZK1KLLn2ZQo9W,Last Night Was Good for My Soul,4.64,The Shindellas,2023-03-24,2023,night
6PGCktf4KZ3J6iMxTqAKOT,Washing Machine Heart - Speed,1.59,Ren,2023-10-24,2023,night
4VDEmk26z6CotZT7V1Z3nh,NIGHTMARE ON 37ST,1.84,3o$ama,2023-09-29,2023,night
78HoO1zHqG66s80zOD2laZ,nightcrawler,3.56,Kanii,2023-11-17,2023,night
35O6IoruZcdzirez4j5cT1,Washing Greenery,1.61,Kali Sounds,2023-01-26,2023,night
2urdKV9KhNFuZh8vd4EhlK,Night Wind,1.9,"Michele Iocolano, Asia Borioli, Wasylla",2023-07-14,2023,night
4cpNlwUbeRFRPWFY3P1ZRz,Wasted Nights,3.52,Aoris,2023-04-26,2023,night
2ahOpZ7kEmcuo71p5XaGdf,What Was,3.59,Benson Boone,2023-05-05,2023,night
0SnTTASsZDaKXH7ryveq7C,Gratitude - LIVE from Miracle Nights,6.97,Brandon Lake,2023-04-14,2023,night
0eNNo1Z2bfQuErEGPEcmDi,I WAS SO DRUNK LAST NIGHT,2.84,akumuh,2023-06-02,2023,night
2yfTBG0Nm30kh4swvn4yzN,I WASTE AWAY AT NIGHT,4.61,WEEPING OVNI,2023-10-27,2023,night
7763zdQtsUXNRKMDbahyK5,That Night In Hawaii When I Turned Into A Panther And Started Making These Low Register Purring Tones That I Couldn't Control ... Sh¥t Was Wild,10.5,André 3000,2023-11-17,2023,night
6NwfEnsQsp9fogTC0Nxaug,clevergirl,2.85,Mind’s Eye,2023-05-12,2023,night
3I2AeNroshlkxjSovXckGy,Wasting Time (feat. Old Dominion),4.08,"NEEDTOBREATHE, Old Dominion",2023-08-31,2023,night
2RmuI6nYSIaT1LigvFHIeU,NightTheater,2.16,*wakadori,2023-02-18,2023,night
11C4y2Yz1XbHmaQwO06s9f,Dance The Night,2.94,Dua Lipa,2023-07-21,2023,night
1dK2ZakfkWnxYWdTv3GOr3,All The Pretty Little Horses - Instrumental,2.43,The Night Owl,2023-07-07,2023,night
2FLowyhfW3Oc4PprY0EOCg,Night Heron,3.23,Will Van Horn,2023-02-23,2023,night
1Nrifx26li5xZ6tNSr8l9Y,Night Heron,4.01,Cornelius,2023-06-28,2023,night
1cfNIxbTecWqwJpILeKWpG,Night Heron,3.23,Will Van Horn,2023-01-05,2023,night
3h02nTdrUzPiEr3ZwwJEM6,Her Way,3.35,TENN,2023-01-27,2023,night
5hK3iOHm3T5kaOavysPdZJ,Anti-Hero,3.31,Our Last Night,2023-02-17,2023,night
5Dhlinyqigo5V3Fjj1sT8R,Friday Night Hero,4.82,The Frestonians,2023-02-10,2023,night
0jaGw9MKg6t9z9wfzWAK0a,late night walking,2.0,Rustique Beats,2023-10-01,2023,night
1RaPC5ZXzUtiGGDDMJGPXK,Here Comes The Night,2.17,Dore Mi,2023-03-13,2023,night
6fjCLTw2qp5913qFQsjgzh,Too Many Nights (feat. Don Toliver & with Future),3.33,"Metro Boomin, Future, Don Toliver",2023-02-17,2023,night
1fnnroMusEsQhsjt0kfohs,Too Many Nights (feat. Don Toliver & with Future) - ChoppedNotSlopped,4.23,"Metro Boomin, Future, Don Toliver, OG Ron C, DJ Candlestick",2023-02-17,2023,night
1B2mOfWYc7EatMwnVx1g1x,If We Have Each Other (Always By Her Side) - Sped Up Version,2.62,"sped up nightcore, Alec Benjamin",2023-04-10,2023,night
30pZYGyG8EG8LfetpM5EbS,Her,3.52,Cole Swindell,2023-11-10,2023,night
1jH3fUzki3LOF1SuIlEAI8,Pitchfork Revue,3.92,"Night Heron, Seance Crasher",2023-01-13,2023,night
29vuAYEFpbjF7hz6r9oCtH,The First Night,2.29,ad harmony,2023-02-06,2023,night
2VGD9sT5pBdR1ksfqQ6jK7,Hellforge Heretek,3.73,"Rob Sigurd, Ultra Nightmare",2023-07-07,2023,night
1fh86EwKWjewOY1wF8EkMc,A Horse Named Zelda,3.19,Will Van Horn,2023-01-05,2023,night
3S9p2mXU0RFodEeZH5W6HT,Garden Oasis 852 Hz,3.2,Doctor Hz,2023-02-16,2023,night
6zy3CfJHCB0PXobM5m7efa,Good Night - Piano Miracle Tone (528 Hz) with Solo Piano,2.18,Juan Monreal,2023-10-01,2023,night
5TsuQjFTl2YpVoChajjFDg,HIM,3.15,No i$$ue,2023-12-23,2023,night
133GFpxBC18u0GmJHug879,The Village: Noah Visits,3.91,"James Newton Howard, Hilary Hahn, Jean-Yves Thibaudet",2023-10-20,2023,night
27eEJnCjaabgJMaJonpiNx,I Met Him in a Winter Night,2.19,Charlotte Gudrun,2023-10-12,2023,night
5WJrBo2rt7MT4wlYL0Lhiw,432 Hz Night Journey,3.04,Angels of Himalaya,2023-09-22,2023,night
6fv5zOzFVGSJBF2N8NCgG2,The Village: Morning,4.64,"James Newton Howard, Hilary Hahn, Jean-Yves Thibaudet",2023-10-20,2023,night
356irY0TTzi58bM0EDUHrD,Day and Night (Himalayas),6.46,Torchbearers,2023-06-30,2023,night
4NAGlTXLLAeY6R3JexLYaI,Nightmare,1.92,Mac Critter,2023-09-25,2023,night
7yJ92fKT5qEylq1SjACvtn,Himiko Cloud,2.9,"Yuuni, Type R, crayvxn, Aekae",2023-08-19,2023,night
0wbEpqbBssi97wurNvyzHn,Down The River (feat. Travie's Nightmare),3.31,"Mike Williams, The Him, Travie's Nightmare",2023-07-28,2023,night
4VAiXzqJTajS9o4d3Zhomp,Day and Night,3.93,Human Tetris,2023-04-26,2023,night
0S8qc3xbQlgOzDoLidpNxm,Lady in the Water: Prologue,3.03,"James Newton Howard, Jean-Yves Thibaudet",2023-10-20,2023,night
3Ntz8KakrsyiIAf0TwYvHm,Signs: Hand of Fate,4.85,"James Newton Howard, Jean-Yves Thibaudet",2023-10-20,2023,night
5EVRg1Ka9HdABE4wY2XwG7,The Village: Ivy Saves Lucius,3.13,"James Newton Howard, Hilary Hahn, Jean-Yves Thibaudet",2023-10-20,2023,night
68iHzaHbKYOaY4l9AUDeY0,"Tandoori Nights (From ""Karzzzz"")",5.22,"Himesh Reshammiya, Sunidhi Chauhan",2023-07-21,2023,night
0kpN8g0aaQHpXll0lTYLVX,The Sixth Sense: Lonely Boy,1.94,"James Newton Howard, Jean-Yves Thibaudet",2023-10-20,2023,night
0Bhm0blQEc4mnfIbzoEMcu,Lady in the Water: Story,2.38,"James Newton Howard, Jean-Yves Thibaudet",2023-10-20,2023,night
75ftnlE2UOF0Li29K7LcvZ,Flow Like Water,3.19,"James Newton Howard, Jean-Yves Thibaudet",2023-10-20,2023,night
1rYgBHWfEXhaGy8R0X0rqj,Dreams & Nightmares,2.67,"JDSnevermissin, Rmc Mike",2023-06-27,2023,night
5NXBjeW7N9LM3UbJh9L5nf,Amsterdam By Night,2.1,"Summum, Pableau, himood",2023-10-06,2023,night
2Cru7lCKPveTuGrbCHJ6iN,Night Owl,1.78,"kosmikk, himood",2023-02-03,2023,night
4o0t5izUsUG4AM9d5AbUpL,Nightmare on Peachtree Street (feat. Freddie Dredd),3.22,"BABY GRAVY, Yung Gravy, bbno$, Freddie Dredd",2023-08-25,2023,night
5sUtm4hTq3SQfBKhrg38xw,Lonely Night,2.49,lou deezi,2023-05-05,2023,night
2ZF3vL8fTRsjdgSB9mTa5N,Good Night Sleep Tight,2.12,Super Simple Songs,2023-06-15,2023,night
1iSNk5qM7aScyTL3508KQ6,Nightmare on Peachtree Street (feat. Freddie Dredd),3.22,"Yung Gravy, bbno$, Freddie Dredd, BABY GRAVY",2023-08-04,2023,night
5SCd3S7fpMlZ42PfpWYvZK,Nighttime Serenade,3.11,MeditarSons USA,2023-08-25,2023,night
3ojhlJb6ZllUzItcrQ4N7h,night signals,1.38,kohto,2023-10-25,2023,night
0D039G5BVX4u4TwRmztB8J,Whispering Nighttime Melodies,1.08,Snoozy Monkey,2023-06-29,2023,night
5qtvqgu2Pn9DtoUG3zh1X2,Orion's Nightflight,2.02,Orion The Owl,2023-03-31,2023,night
5LYbJfH5SvlAxAgQKrv2wu,Quiet Night,1.87,Zuriñe Ilaria,2023-06-25,2023,night
7hIprlH1dOHt1SuTk9oK4K,goodnight sweetheart,1.61,Christina Perri,2023-10-20,2023,night
5PWT65fDXeXEftkklX92gb,Enchanted Nighttime Sonata,2.25,Snoozing Penguin,2023-08-10,2023,night
2QwzlVlSUhlZZHSG4jAP2G,Good Night,2.13,Mylène Longet,2023-03-19,2023,night
2pKx9SJpSZ8QsiO1cUyx2x,Goodnight Mister Bunny,1.94,Snuggly Sam,2023-12-15,2023,night
6XcsyhQiHYDzbAkL8dVJHq,Good Night Lullaby,2.09,Orion The Owl,2023-03-31,2023,night
2P4rqcf79FyDfVHNyVhQfG,Restful Night,2.02,Orion The Owl,2023-03-31,2023,night
0zsIopO9kaoXuMNPnJjLqS,Good Night Grayson,1.41,Alicja Pawlowska,2023-04-07,2023,night
5Oh3BfFinQlGyotKxYqF3J,night core (nothings new),2.43,Remcore,2023-12-30,2023,night
0DdYEWziPqBCMFniUUEF0G,Five Nights at Freddy's,2.27,The Newton Brothers,2023-10-27,2023,night
41LcUfwhxKkRQGyOWM8JL3,New Soul (Sped Up) - I Came into This Strange World Hoping I Could Learn a Bit,2.73,Hiko,2023-02-28,2023,night
0u9PGHiydskvvPmyPVvm73,Nightmare,3.13,From Ashes to New,2023-02-03,2023,night
1Qiyu2GJvxBWkFF9z0Rhx5,New Day,2.62,Irvin Smith Group,2023-09-29,2023,night
20zvZvUKguF85wJ6efkA0w,New Year's Eve,3.36,Nightbirde,2023-03-10,2023,night
3QcM6ch2eQqWJgjtpIZvm7,New Romantic (feat. Maki Nomiya),3.22,"Night Tempo, Maki Nomiya",2023-05-31,2023,night
6s92drXpQKDQsViEPEhvwP,Night Bird,4.3,Deep Forest,2023-07-31,2023,night
44km9nBzufwLcJ6nk5o5UQ,Foggy Night,2.67,Massimo Catalano,2023-06-02,2023,night
3lanQhuM3NSFI71rsibQHB,A Night Alone,2.76,"Bobbing, Maddie Jay",2023-10-27,2023,night
68pu71iJbCFAM4xKBQmxQI,New Magic Wand,1.14,"Up The RIvals, EL QATR ENT.",2023-03-07,2023,night
3Yu6OR7fO153pxGr6CmULr,Night Life - (Hot Country Artists to Watch) - Spotify Singles,4.49,"ERNEST, 49 Winchester",2023-05-24,2023,night
2yLRGsg2SqOQn7ekZpBx1K,Warm Nights,4.57,"Lucas de Mulder, The New Mastersounds",2023-03-17,2023,night
2MYD538QxnvaVK1ZJK8v9Y,new fixations,3.85,Mind’s Eye,2023-05-12,2023,night
5lLsI8JVf1cmKaLXlGPlHt,Sunday Night Oldies,1.56,Silencer,2023-11-19,2023,night
7IJjeYObFAZTTnxUCgLq2d,It's OK - Live MHS Studios,4.08,Nightbirde,2023-03-10,2023,night
6QMWZGwkpUS7RtgRgRcW5x,In The Night,3.43,Fly By Midnight,2023-03-24,2023,night
1ffkgMPWipdLLt3l6LYvfw,Night Shades,1.81,Yanoso,2023-10-13,2023,night
1Vl9Hnxu08bUo2Z8i8siB9,Night Drives,3.8,HGenius,2023-02-06,2023,night
3sZZDhEVYJ8tyTiYEGCcg6,Night Time Bliss,2.91,Phello,2023-09-29,2023,night
3ycnLH0vm7D9K2QHA4cAnq,Good Old Days,4.37,The Revivalists,2023-06-02,2023,night
0jneMOWzfrISVk4esEnvC9,Night Shades,2.37,Purple Waves,2023-08-04,2023,night
5cHFlXHVw6KdQVoW4j6YxX,Nightshades,2.88,Cogitation,2023-04-28,2023,night
5S6NoXoCBpkpQkglAQYb41,Night Changes,3.8,Shania Yan,2023-04-28,2023,night
3Z5oc9adRE5HVPomAr3Vuq,If I Should Die Tonight,3.11,Marvin Gaye,2023-08-25,2023,night
2skldahxBKFGhiWI94BbeF,Night And Day,3.98,Frank Sinatra,2023-10-27,2023,night
6HusxhZMI7yixRbNR5tibd,In The Stars - Live Version,4.25,Benson Boone,2023-09-01,2023,night
1O9mQSjYRhDEkztzXdLMtI,If I Should Die Tonight - Unedited Version,4.02,Marvin Gaye,2023-08-25,2023,night
6xsQt0Es1UYvswZydh1K8V,poisonous scarlet night,1.93,Bloody Mercury,2023-12-01,2023,night
1uhbd4sWOAaplom86NLMYI,Nights And Days,3.22,Moy-ya,2023-01-20,2023,night
10lPY0ww3L72oBs7NVvNVJ,Nightmare,2.0,Deniro Farrar,2023-10-27,2023,night
7mG8qo8zFPOwca9oVnsd5U,Balmy Night,1.73,SEAVO,2023-06-16,2023,night
7hi1l4p5m1U5lMU44QSYk3,Lost in the Wind,2.47,"Late Night Tones, LUQĘT",2023-12-21,2023,night
63mfuLcmuEQbaXXCgjL3gs,The Lost Soul Down - Speed Up,2.81,NBSPLV,2023-05-12,2023,night
4ARRBkagdwvAzDZKgbu7Po,Lost,4.13,Ephraim Lovelace,2023-06-20,2023,night
76tMM00UgpWDUVs2sIbstY,No Water No Wine,3.84,"Lost in Blues, Sime Tunes, Blues Whiskey, Night Tunes",2023-09-28,2023,night
6bu2NjeqIQU17AkbKNCXW9,Got No More Time,3.38,"Lost in Blues, Sime Tunes, Blues Whiskey, Night Tunes",2023-09-28,2023,night
4iL4ZZoVq8Rvgtdh12xry9,Lost Souls,2.62,ChewieCatt,2023-04-01,2023,night
51ssJqkShnX4QZrXEXRjAq,Lost in the Night,1.61,HXPETRAIN,2023-09-22,2023,night
4WZuju2jkjW9J84IU94RbN,All Night,3.24,Bleach Lab,2023-09-22,2023,night
0aD9MLos6vRKdDPelP0TnT,Nightmare Hills BLVD,2.26,Trick James,2023-01-13,2023,night
7xtx1F5zfJe7QG9TpcQ3X2,Lost Nightmares,3.14,I Luca,2023-02-06,2023,night
05H1kAy0dGJk0hfsOy5isp,night owl,1.75,luvwn,2023-03-31,2023,night
0s6ignlBgub951THQz0Ej1,Take Me Home,3.36,"Lost in Blues, Sime Tunes, Blues Whiskey, Night Tunes",2023-09-08,2023,night
5bAt7j3tW2juuTiMP13e3t,Hurting Now but Won't Be Hurting Long,3.69,"Lost in Blues, Sime Tunes, Blues Whiskey, Night Tunes",2023-09-28,2023,night
5FG5hKOx8yqXjQlnUnPQes,Two Lonely Souls,4.04,"Lost in Blues, Sime Tunes, Blues Whiskey, Night Tunes",2023-09-28,2023,night
5Ip4BQAhCgP57MWdDEE4tI,Lost City,2.32,Progfox,2023-01-27,2023,night
6CuISNgSkIsZYU1H1COjqw,Lost Your Love,3.39,"Rammor, Lonely Night",2023-03-31,2023,night
7bD8ZwzJJKYvdn5vufbN4q,Lost Lovers,2.6,"TAPI, bayme",2023-05-05,2023,night
5cAP5CWS4kkJabKF119OZj,The Shining Night,3.34,"Girl From Nowhere, Boy From Nowhere",2023-10-19,2023,night
6xTAQ0RG1wlecIc0csvfJx,Lost In A Midnight,4.04,Moody Joody,2023-03-03,2023,night
01nkExDDiwGRCdCRKGORiB,Frigid Night Freestyle,2.31,"Relaxing Jazz Barcelona, Coffee Shop Music Supreme, Hotel Lobby Music",2023-10-30,2023,night
6Vspoh8Bh1MHuzGJ3mQb6X,Nightwalker,4.24,Free Whenever,2023-05-16,2023,night
2TtVCybm9lNXZkCHzMtNLk,Friday Night Freestyle (Remix),2.04,"Confz, Is0kenny",2023-01-16,2023,night
3JYvVwhDR6uZIIm5UhpHSt,Harbor Night on the 4th of July Freestyle,5.27,"Kapo Di'kaprio, Ruthless, TBMG Rose",2023-12-22,2023,night
29xN2h4Cmzmt7lo5Ws1PlZ,It's Called: Freefall (Rainbow Kitten Surprise) - Sped Up Version,2.14,sped up nightcore,2023-03-03,2023,night
6rVomZSCiNuuJmVlpgfZkt,Through The Night (feat. Free Nationals),4.3,"Maeta, Free Nationals",2023-05-19,2023,night
31MpPAFo0bZwohlURv7fxg,Clocked In,3.45,"Larry June, Cardo Got Wings",2023-11-10,2023,night
7hTki3inf7NsQKT81ZWpci,Pop Out (feat. ScHoolboy Q),2.98,"Larry June, Cardo Got Wings, ScHoolboy Q",2023-11-10,2023,night
47zI4tTgTyxzbmnnj0RhGH,Feeling Free,2.14,Orion The Owl,2023-03-31,2023,night
1QJTY1QnVnYZaWJzPYb4hH,Friday Night Freestyle,2.53,Confz,2023-10-25,2023,night
29AcDTNuzsnBQOFvheDumK,nightmare freestyle (feat. The Crane),4.04,"puppiebelly, The Crane",2023-12-24,2023,night
32yAMZJwkhcahritG332CI,The Good Kind,3.17,"Larry June, Cardo Got Wings",2023-11-10,2023,night
0kgyVc8iP2bER2Smysc7b1,Without You (Blxst Interlude),2.74,"Larry June, Cardo Got Wings, Blxst",2023-11-10,2023,night
3U9sq0JLSC9sSZKOTLcXMn,Won't Wait,2.9,"Larry June, Cardo Got Wings, Jordan Ward",2023-11-10,2023,night
4XNzXJ4zd4TD5G23drsP3z,Chops on the Blade,3.61,"Larry June, Cardo Got Wings",2023-11-10,2023,night
2hQw6llJDx3CkUMfiAPS3B,Made A Way,2.94,"Larry June, Cardo Got Wings, Payroll Giovanni",2023-11-10,2023,night
1LwlTQeBFs5N4rgPdEEYge,The Great Escape,2.75,"Larry June, Cardo Got Wings, The Alchemist",2023-11-10,2023,night
6jYwZmvOxQbYRcRtd2wJop,Ocean Cuisine,3.41,"Larry June, Cardo Got Wings, 2 Chainz",2023-11-10,2023,night
2kwn9g8ZPd1nW7TepYxAhl,Nightmare,5.84,KNOWER,2023-10-02,2023,night
41dA1g5HMbWO89XFj0Y6aR,By The End Of The Night,3.14,Ellie Goulding,2023-04-07,2023,night
0tYtfBFJLVn2ITE66FbaLT,By The End Of The Night,3.14,Ellie Goulding,2023-03-22,2023,night
4OD8kD78pxxP9G0zT1en88,Now I Kill You,5.24,The Newton Brothers,2023-10-27,2023,night
6WLHYByQ3ISetDywR1jaHT,Let Me Know,2.87,"Larry June, Cardo Got Wings",2023-11-10,2023,night
3YYIWnW0I3mmRJFBnLguL4,Now The Night Is Here,2.09,Hampus I Backen,2023-10-03,2023,night
2W2aGImXQxaPzXVAjxUhkj,Now it's gone,3.5,Brandon's Three,2023-12-05,2023,night
2hV0lV7zrk3EdqtnsUW2eS,LATE NIGHT,2.36,"B7DaHound, Ranvo",2023-09-16,2023,night
0KOf3cWYTYpDwnDZ5CfHBB,nowhere,2.32,nightiger,2023-09-09,2023,night
6fWx6MkpWSsPmp03ZsQjDS,november nights,2.23,no.way.out,2023-10-23,2023,night
7CiJx47aCPJouqxRSYUP8H,I Don't Wanna Know - Nightcore,2.42,"Nightcore To The Moon, Nightcore, Vinsmoker, Mike Watson",2023-02-03,2023,night
4FbR6eQh5u9mCI6xhglbRO,Apocalypse Now,3.11,"Ganja White Night, PAV4N",2023-04-28,2023,night
6pzvDtP2lyrqecJMhfUaGf,Nightfall Chronicles,5.64,Tomasz Bednarczyk,2023-07-01,2023,night
3feAyBO9Vnx4RiaoJXzIgS,Nightmare,5.8,OneFive,2023-12-15,2023,night
0wFLn7pknxixuLLXyY3Oae,Tracks to Nowhere,2.76,Purrple Cat,2023-04-02,2023,night
6jpyh09lweowP9KfBVybTE,All These Nights,2.57,Tom Grennan,2023-06-16,2023,night
3FLOH7gBLeeAYRVVfVh4M7,Nowadays (Feat. ASH ISLAND),3.11,"ZENE THE ZILLA, ASH ISLAND",2023-10-21,2023,night
2vDfJyFYhBSsxSvlAQd4Sw,night / gone (feat. Annabelle),2.01,"Billie Calvinn, Annabelle",2023-08-19,2023,night
2Cu7oL5fqpXiwqToQtkCsn,Good Nights Gone,6.34,The Paper Kites,2023-09-01,2023,night
1p5yH2f9H3c4dfir4gd7N7,Gone Too Soon,1.6,Rainy Nights,2023-10-08,2023,night
0SezeTfzkN3V9cWfPsKWY1,Goner,2.57,Seek's Music and Stuff,2023-04-12,2023,night
3ASXLXIafiAZxs5suEDfFB,NIGHTLIFE,2.92,"I61, Kill Eva, GONE.Fludd, CREAM SODA",2023-10-27,2023,night
1TtqJC65esTDmeV1xUDQ06,GONE IN THE DARK,4.03,Nightmares,2023-02-24,2023,night
7mUP1AAr3ZMoiIet1KaDUD,Gone Fishing,1.93,HomeAlone Drock,2023-02-25,2023,night
42CzMrStPAweqOAAE2kt1n,Mood NightTiks,2.73,Dylan Mathew,2023-04-10,2023,night
2nxFCCZFoOuMbElvZ7A3K8,Another Night Gone,3.06,Michael Buono,2023-09-01,2023,night
5kYaQozoA3m1qEUaI6O77s,(Will You Be) Gone By Christmas Night,2.93,Dennis van Aarssen,2023,2023,night
4bOwihsQZwCNoSxo7Filnn,Last Night Together,6.31,Simone Jackson,2023-02-23,2023,night
6uS2SRX9MY9wsITI4Are5M,Going's Gone,3.34,Ocie Elliott,2023-11-24,2023,night
1IrIpxNXBtzqZARh9uIYZY,Night Breaker,3.63,C.O.F.F.I.N,2023-09-15,2023,night
1waYHmEXR5mFJCfEYfa2BL,Back For More,2.48,"NGHTMRE, Big Gigantic, Olivia Sebastianelli",2023-06-23,2023,night
4zJpqEfFvig9z0yu2ODgQ4,Back Flippin (Fast) [feat. DJ Frisco954],2.04,"Luh Tyler, sped up nightcore, DJ Frisco954",2023-01-27,2023,night
1J4NfV9Ln0EpbMYAACkAMQ,Back To Back,2.3,Ibiza Players Lounge,2023-12-30,2023,night
4A7nLemoTnLgUwWX7Xz8Rn,Backspace,3.09,"AntXres, BONQ",2023-06-02,2023,night
5q3USw2pwJwgsUfxrVJmuf,Background Sleep Music,1.89,"Sleeping Music Experience, Sweet Dreams Universe, Deep Sleep Music Collective",2023-03-06,2023,night
63V2LU9M9pLkimultjujl5,Mountains At Midnight,3.1,Royal Blood,2023-09-01,2023,night
0i9wZ7gAcXe6b2jYBMAXWl,Back Flippin (Fast) [feat. DJ Frisco954],2.04,"Luh Tyler, sped up nightcore, DJ Frisco954",2023-04-03,2023,night
2q1ipaANsUhjp6fERbCzbO,Back For More,2.48,"NGHTMRE, Big Gigantic, Olivia Sebastianelli",2023-07-28,2023,night
6lW3fxeDrbS3ZO3YKyfPu5,Backstrap,3.52,"Badger, Writz",2023-03-03,2023,night
1xFxe6BV8LsC5YzcvQXDp4,Coming Back For More,3.15,"DHeusta, CG5",2023-09-22,2023,night
39MAU8JIcR7ojQA4hnoPDS,All the Good Times Never Die,3.15,"LEISURE, Night Tapes",2023-09-29,2023,night
4U9KX8mxONydIW66ID9Gya,Sweet Lady,4.33,"Larry June, Cardo Got Wings, DeJ Loaf",2023-11-10,2023,night
3vMpBINQtBeII77x5TAZOQ,SexyBack,2.61,Navagio,2023-03-09,2023,night
51S6o283z8jRU9qRzKJXZ9,Night & Day,2.98,Concepcion,2023-11-17,2023,night
4k1Cz57TANUezfQDZz5VmU,Back Seat,2.77,Alx Beats,2023-02-17,2023,night
3oCbmlvWLaQOEjhIo9jkCp,Background Piano Music,1.9,"Sleeping Music Experience, Sweet Dreams Universe, Deep Sleep Music Collective",2023-03-06,2023,night
5btJIKphes1IIIhiD25h78,Night Again,1.01,Cello Soul,2023-10-23,2023,night
2MuvBnR2ZFvs0bfH7OFrL5,At Night Again,2.8,Brandon's Three,2023-12-05,2023,night
10toxJwMm8jOrb9GczwJ4D,again,2.79,"Shiloh Dynasty, gsounds99",2023-12-19,2023,night
2wFGq8rFKLPX0dkAwUwY8s,Let You Break My Heart Again - Live at The Symphony,5.03,"Laufey, Iceland Symphony Orchestra",2023-03-02,2023,night
68eVhI2grjWWuaso350OT5,Nightmare,2.85,Quando Rondo,2023-03-24,2023,night
7n1uFjvFx1apfp6WomeoGX,Never Love You Again,3.19,"Cheat Codes, Little Big Town, Bryn Christopher",2023-01-27,2023,night
79MHi2TWATxB4f1mW6oWQl,Nightmare Paint,4.32,Oneohtrix Point Never,2023-09-29,2023,night
37atxFSzElVf0gLftX3nrp,Solitude Once Again Arr. For Violin,1.02,Poella,2023-01-26,2023,night
5XsCryB4jqiH96Hg6k0VDg,Solitude Once Again,1.03,Poella,2023-01-26,2023,night
3sHndrvrxlkykPI4Mq0q4C,Night Again,4.6,Marshall Harner,2023-08-04,2023,night
0vBc56ULFqse8cq6S1wwc2,Night Again,2.11,FXZEN,2023-05-14,2023,night
1uQsbSSVfAqPHr2dnSCZTr,Spin Again - Lil Uzi Vert Bass Boosted Version,1.6,"sped up nightcore, Lil Uzi Vert",2023-07-30,2023,night
40GRpC26uDbRm4jjezBl2q,Night Again,4.56,Marshall Harner,2023-08-04,2023,night
59Xctp27E19P3h3tdOQmWc,夜之變奏 Night Again,8.19,江佳蓁 Chia-Chen Chiang,2023-03-14,2023,night
0kdwop8EkfD4SgrxJ0WnfF,Cozy Nights,1.86,John Rain,2023-08-04,2023,night
2NsmLhdiXh9eR5N08pac0H,See You Again,2.0,"maeLstro, Chill Denis",2023-12-08,2023,night
4TGDSeSPvNW1t9lEApQOVE,"Moonbeam, Midnight, Howl",5.68,Kerala Dust,2023-02-17,2023,night
1ieKm868COMe1BfpzCkhb5,Dance Again - Sped up Version,2.2,Anthony Keyrouz,2023-05-11,2023,night
6OJGEBL3fRWYBZllx5qLbr,Night Forever - feat.ナナジュウハチ,2.72,"Organic Call, ナナジュウハチ",2023-05-31,2023,night
2kgVSmkEOsAuPNenI7w8kN,We've Got This Night for Forever,3.07,"Palmy Chiller, Caitlin Myers",2023-07-21,2023,night
5BRwON3cXLfyADGJQvrLx4,Forever Home,3.01,"Kristina Nichol, George Holliday",2023-12-08,2023,night
0wepCnKjSb87aqRTBuZ6aM,Night Forever - kai Remix,2.93,"Organic Call, ナナジュウハチ, kai",2023-01-25,2023,night
0u27y2KjqiQbcdYB8PxGn4,Night Hours,2.3,DJDley,2023,2023,night
311a8l2hhi0E3pIKvkkkQX,End of the Night,3.46,Hot Freaks,2023-09-15,2023,night
1T0vUd1CINze8xAbCn0h9E,"In the Heat of the Night, Pt. 2 (Ballin' Forever)",2.99,"Vince & The Valholla Empire, King Stoneyy, The Track Burnaz",2023-06-28,2023,night
39sPsBDrEGqN0lmT4HsDJA,Night Skies,2.48,Paper Planes,2023-03-24,2023,night
6Ri7kj9d8yZe5t52JnoS4f,Forever Here,3.6,JO1,2023-04-04,2023,night
1TP4HvKiuAwZsOjxhm908C,It's Night Forever,2.18,DipA,2023-11-17,2023,night
0BLn7RAwRpLVCZnUlalMS0,Forever Young - Nightcore Nation Hardcore Remix,2.38,"KLIO, Nightcore Nation",2023-03-17,2023,night
1w0XNpbrr1aTzETxEdpdg5,Death Battle: Forever Terror Night,3.48,"Therewolf Media, chicknamedd",2023-11-05,2023,night
04doh3DZehZz1npnUsScgs,Nightmarez,3.07,"Moneyboyzforever, RondoSp",2023-05-18,2023,night
4uLpL4zT59ybUcZV68ec6a,Nightvision,2.74,Forever United,2023-05-01,2023,night
7LWcBtMjuUWNLTo591xWC1,Forever a Go,2.88,Tommy O'Keeffe,2023-06-15,2023,night
6501nkYmbjiPPcTvP4Cp7V,ONE NIGHT FOREVER,3.17,"LJ ON THE TRAXK, Vaeo, Solderis",2023-04-14,2023,night
6rcz59uAJ37rbEGJza8Is8,ONE NIGHT IN PARIS/DEEP DOWN,3.29,reezy,2023-05-12,2023,night
60wZWKjUgejoi2tAzKQGUZ,Say what you say - Live,2.93,"Lawrence Kaiser III, Friday Night Forever",2023-07-20,2023,night
1UpHf2dkdMsiuyGkPFyd1d,Last Night - Live,3.03,Iron & Wine,2023-11-17,2023,night
202xr2TS6bbRyoK1nSiDuJ,Tonight,1.61,"Nightcore Berlin, Jan Chmelar, MikeBrandNew",2023-04-14,2023,night
47O4FvINpEneCDmTyGbR03,Tonights Gonna Be a Good Night,4.81,JW Velly,2023-03-10,2023,night
4aPiQTOqCCeSgfTgCh7SR5,On A Night Like Tonight,3.13,Niall Horan,2023-06-09,2023,night
0LDfQLsAR5j6B62JASHnNv,Lady (Hear Me Tonight) - Slowed,3.42,"Independent Lemon, life illustrated",2023-10-27,2023,night
3a6yAWWJuCinjbyXF0SWvQ,Tonight's The Night,2.16,Chilli Dragon,2023-05-05,2023,night
2I0SRZs3qoHZGPlUz48f2D,Tonight's the Night,4.74,Davici,2023-09-15,2023,night
0I2cqf43OcraA0PLTPWtVW,The Stars Are Out Tonight,2.58,"Sleepy Cat, Lonely Guy, Chilled Cat",2023-11-29,2023,night
0V8h8i9sTjl43KwzNNVWcz,Tonight Was A Good Night,2.04,MikeJack3200,2023-03-02,2023,night
6F8fU5SFNEuc92HuzxUtPe,Groove Tonight,2.87,"Mr. Belt & Wezol, Plastik Funk, Tim Morrison",2023-03-10,2023,night
1l6v4S4EGDtNSaoRvNZNng,Feeling Tonight,2.44,Jazzy,2023-10-20,2023,night
02CGX13jtSPcuyeeJLeTsU,Ask You Tonight,3.0,Big Time Rush,2023-11-10,2023,night
7KzSFn8eNBGEc6yDtR2A0q,i cant sleep 2nite,1.98,Erenzy,2023-12-09,2023,night
0DFrS6DTGOH3CEWFuPDKtk,Need U Tonite (with Genia),2.43,"Breez Kennedy, Genia",2023-10-27,2023,night
3147ndjVf8Tm2rCmS07gjN,I Wish Tonight,1.08,Lill Bosse,2023-05-17,2023,night
3PCIiSEPnILKO13qyatbjV,Night Dream,3.3,Bluhm,2023-04-14,2023,night
78IZ09qsSqLfXjwWvByNuU,Dreams & Nightmares,3.57,"Teddy, Lil Peep",2023-05-05,2023,night
10aVrNWWwLb9dtyqqrWlbK,Last Night's Dream,2.82,Ronja Mair,2023-02-06,2023,night
2vp7R84OmVjhqES3ShmxrM,Nightmares,3.86,"Teddy, Lil Peep",2023-05-05,2023,night
1jwBDaW8eKIARxYCHgd7V2,night walk,2.4,"ddc., fleece, sogni",2023-11-15,2023,night
6GQFff8DRvetinRekpgCW3,Peaceful Dreams,2.0,Calmly,2023-12-27,2023,night
6hv5B2U2riliSevpULbytq,night sky,2.49,"ddc., fleece, sogni",2023-11-15,2023,night
3z9CPAZYVZVoRnmZGT093u,Dreamy Nights Guitar Melodies,2.03,Sleepy Kitten,2023-04-19,2023,night
1kf319vSee8xiCsEwwSqx0,Night Dreams,3.89,"SOV, NMG",2023-12-22,2023,night
3rd1VEVJWO6SX3qnk2zQRf,Dreamy Nights,2.27,"Lofi Sleep Society, lofi dreamer",2023-04-21,2023,night
2uXMwr7JKHHlKqCJBj5P2P,Gentle Night,4.79,Dream Supplier,2023-12-22,2023,night
3vxWqWJazDyzWX3ERQi7ea,nightfall,2.75,"sogni, guleum, cloudoris",2023-03-13,2023,night
19dmUOqVq2CmgrGf4Itmk8,night sky,2.43,"cloudoris, nemui, ddc.",2023-07-19,2023,night
1hKL9vfXRRq9hGQRzjyB5d,Night Swirl,2.31,My Lucid Dreams,2023-07-14,2023,night
3w52MW0hc8tMhjI1JYeG6Q,Dreamy Piano Night Time Melodies,1.33,Serena Snugglepaws,2023-04-19,2023,night
7x6qK1GPSAM15EoWyglQSs,Brown Noise Desert Night,2.31,Dreamstatician,2023-06-22,2023,night
6M4RRuzhjHoKgOTQ1uUqht,Starlit Nights,1.7,Paul Ellier,2023-05-11,2023,night
7eODFTDYmIKXFjqXRIA23X,night light,2.69,castle hearts,2023-09-29,2023,night
4rxLOpwGBcfLUYV2R71wwX,nightfall,1.66,Øneheart,2023-11-24,2023,night
0b9Vdt5iMRwP0aUoYIyQDr,Heart Attack - Nightcore,2.91,"neko, Tazzy",2023-02-22,2023,night
4r9RxOUirxXfipfRlGNp8A,Heartbeat (Dance The Night Away),3.53,Prospa,2023-08-18,2023,night
483zAX1Wr9Eguhl28c1FUv,night drive,2.44,"Antent, Øneheart",2023-05-19,2023,night
25yowlDaeeLvEIA4jCzAS4,Night of Fate,2.13,Yoko Shimomura,2023-02-08,2023,night
7715WTMtSxKN63G7VMbn3Z,Boyfriend Breathing and Heartbeat Noise to Find Nighttime Peace,1.02,"Dream Soundscapes, Chill Music Matters",2023-09-30,2023,night
03WGFAYNk8I78oMbcffrgJ,Nights Like These,3.29,Jenna Raine,2023-08-25,2023,night
6Vacx6XtOsbwjLGpBa5oCK,Heartfelt,2.08,Orion The Owl,2023-03-31,2023,night
0FPkds29Yj5VKnwVLxLRwW,Heartbeat (Friday Night Funkin': Vs. Impostor V4),2.39,Saster,2023-01-04,2023,night
55pfOCkfiaglARt07bLZb6,Heartbreaker,3.14,NIGHTBREAKERS,2023-05-12,2023,night
1Kv8m6PoButMY2kWtrx10u,like i do,2.9,Nightly,2023-08-25,2023,night
0FZoGTWJNMUYCzcJRXe5ny,the feeling,3.19,Nightly,2023-08-25,2023,night
0Xp7Un5Y1JYA7wcfGOLVvV,Boyfriend Breathing and Heartbeat Noise to Make Nighttime Memories,1.02,"Dream Soundscapes, Chill Music Matters",2023-09-30,2023,night
0XKp8mR5ZZh5bWfiizjlWw,Late Night,2.85,Richie Allen,2023-09-01,2023,night
4njZsHyu8iHpZmT8sV4Mjn,pink starburst,2.93,Nightly,2023-08-25,2023,night
7A1LPuvPTreRQqdaNl111q,Nights of the Cursed,3.68,Yoko Shimomura,2023-02-08,2023,night
3povfYF3JScVpC4Ro1c6X4,Heart Like A Truck,2.83,Bossa Nova TBM,2023-05-22,2023,night
