Track_ID,Track_Name,Duration_Min,Artists,Release_Date,Year,Query
2DkKddV2e952EAteyuV0wP,Love For You,2.84,"LOVELI LORI, ovg!",2022-05-21,2022,love
5t8M1Ktl6TkrAAKVmYlc3E,Love Ain't,3.12,Eli Young Band,2022-06-03,2022,love
6WVdae8LbPfpOXAWuYdMnT,Love Lost,2.71,"Mac Miller, The Temper Trap",2022-07-22,2022,love
1cAupeTLZyhhtfmRc4qaYy,Love You Again,2.89,Chase Matthew,2022-12-09,2022,love
293mQGfVwgXIOdA1GpiwAt,Love & War,3.99,Kodak Black,2022-02-25,2022,love
3fcX3E9l1gVnfKeWaEzHHv,Love Galore (Alt Version),4.56,SZA,2022-06-09,2022,love
5XFoaqV1Z8XaLJidchVWhh,love.,5.48,Kid Cudi,2022-07-08,2022,love
1eIXYZWEfJO3Na2LCCnIJE,Love Language,3.06,SZA,2022-12-09,2022,love
4XJRpBOG0bU3Nxnvam3FnC,LOVE YOU BETTER,2.16,Future,2022-04-29,2022,love
1mw0RgNXIpYRyyCdBQbLgA,Love Of My Life,3.19,Harry Styles,2022-05-20,2022,love
4g7uE1BkN98EZq02UqPX7y,Love Song,2.72,Sticky Fingers,2022-04-20,2022,love
72TN6UlbEoszqyNLtnWnk6,情歌,5.03,Justin Lo,2022-08-05,2022,love
1FaFvYaqcgG2PpVSz4slue,Honey,4.61,The Lone Bellow,2022-11-04,2022,love
2qkb3hhx8iCBvYzX9SvVxj,Lovesong,4.09,beabadoobee,2022-07-15,2022,love
6O8ruguZUmWuDNXQirdLWh,Not Another Love Song,4.25,Ella Mai,2022-05-06,2022,love
5ZF6l3xKi3m6YK2dDXAsR5,Love Me Back (Fayahh Beat),3.23,"Trinidad Cardona, Robinson",2022-04-04,2022,love
5FwJ3Oevf84jNZE4kJ6mKh,Love Overdose,2.37,Rod Wave,2022-11-18,2022,love
6WHnRUP50lknLlJBD75SdV,Sweet Nothing - Piano Version,1.71,Laura Sullivan,2022-11-17,2022,love
1CKfCj9izL24zGTrO6QTFE,Love Is The Way,3.0,Thee Sacred Souls,2022-10-20,2022,love
7jlPfhpd0tVCeaqBtmwFOA,Love Me Back (Fayahh Beat) - Slowed + Reverb,3.04,"Trinidad Cardona, Robinson, xxtristanxo, Slowed Radio",2022-07-15,2022,love
16MQETUgqXwY4lZcyRafU3,Love Me More,3.18,Sam Smith,2022-04-28,2022,love
4PUT0cH2iggaje5hTJZeGe,Love Me More,3.54,Mitski,2022-02-04,2022,love
11Y4VVU6MTBtuSO116rsfG,Love Me Easy,2.83,"ANORA, Stick Figure, Walshy Fire",2022-03-04,2022,love
4qgMPzf9QOETWQFUcFkHD4,Love Me,3.46,RealestK,2022-02-18,2022,love
7naseusM9pguk5GYGzYQCn,Love Me,3.46,RealestK,2022-10-28,2022,love
3aoZg6tWk6oV6FdtQkyNmt,Love Me Now (feat. Zoe Wees),3.26,"Kygo, Zoe Wees",2022-11-11,2022,love
461uGnpHqAbSRC0SuNruAf,Love Me (When You're Gone),2.63,WHALES•TALK,2022-06-24,2022,love
0GJog3Qugb389yWsmfGGXO,Love Mercy - Instrumental,2.77,"Hillside Recording, Jared Humphers",2022-04-08,2022,love
0KGx2g8mPOxJQzBkbUNkds,Love Myself,2.38,Hunxho,2022-06-16,2022,love
7kUQTTXyfQehPumtGpQdLJ,Love Myself (feat. Kevin Gates),2.97,"DDG, Kevin Gates",2022-09-30,2022,love
383mONvu8xFnFUFRgUnmaa,Love my baby,2.03,Nic D,2022-10-28,2022,love
7ByxizhA4GgEf7Sxomxhze,All My Love,4.19,Noah Kahan,2022-10-14,2022,love
4NM4yFIdYMWhjlePUgIVur,I Love My Truck,2.28,Thomas Mac,2022-03-23,2022,love
7pEncOAMEOgRcaMrLTnf6a,I Love My Body,1.83,Mother Moon,2022-10-17,2022,love
6hXdDiZeoe2r6qspLCjMoZ,My Love,3.26,Shaboozey,2022-10-07,2022,love
1et7vATtyqLfNMjTTZIYk1,Love You Still (abcdefu romantic version),2.5,Tyler Shaw,2022-03-22,2022,love
3jc0jdopFsv3dYz5uo8OCr,love you more than me,2.35,Montell Fish,2022-07-01,2022,love
5XhMgAWzou6EjDmQtoyoZE,I Love You,5.1,Fontaines D.C.,2022-04-22,2022,love
31fMJwgrgNdk1IbWZEchX2,Love You Still (abcdefu romantic version),2.5,Tyler Shaw,2022-02-18,2022,love
7b2caacNgQW74qGvNyVQo1,I Love You,5.1,Fontaines D.C.,2022-02-17,2022,love
6EMux1k80n5b2pv1h5i1Mg,Love You More,4.23,Harvest,2022-10-07,2022,love
4nDEyuARhq837t7o8mFi4P,Love You Too,2.81,"Noah Hicks, Ashley Cooke",2022-04-15,2022,love
40zU9RnT0liuXMjornRlhn,LOVE YOU BETTER,2.16,Future,2022-05-02,2022,love
4eeM9BGztkTCtWDwEkCEUT,Love is...,3.83,Toosii,2022-11-11,2022,love
6lTwy0Ri81LRujvv5mEHTg,Love is...,3.83,Toosii,2022-07-15,2022,love
6HfZTdkheqDGQQwQGRV8et,Love Is Gone,4.24,"SLANDER, Dylan Matthew",2022-09-22,2022,love
6RB8DdrSlYmf3JPhySyXvI,LOVE IS A COWBOY,2.73,Kelsea Ballerini,2022-09-23,2022,love
2KsdwPnKxMBJ6kDj6HuLGF,Love Is Not Hard To Find - from the Amazon Original Movie Hotel Transylvania: Transformania,2.47,YEИDRY,2022-01-14,2022,love
5mbLTFP3GSGp1NH1ah2KG9,Labrinth - Love Is Complicated (The Angels Sing),3.33,Labrinth,2022-04-22,2022,love
1PbA1Gr99W0oNvKkqjB1mM,Love Is the Medicine,3.34,"Lukis Mac, Londrelle",2022-12-12,2022,love
68AbMyNw2OCXU7gg0KOfmA,Love Is Letting Go (feat. Diane Keaton),2.58,"Ashe, Diane Keaton",2022-10-14,2022,love
4U4oj8fW0f8N78FZtu3n9w,Love Is Banned,2.17,Gemini,2022-12-13,2022,love
5dkXkf3wLp5hcqCiGtkDI6,Our Love Was Beautiful - Instrumental Version,3.9,Straight White Teeth,2022-05-27,2022,love
7GBarLRR6GNQT8EmRxtPWb,Our Love Was Beautiful,3.9,Straight White Teeth,2022-05-27,2022,love
06JvOZ39sK8D8SqiqfaxDU,True Love,2.48,"Kanye West, XXXTENTACION",2022-05-27,2022,love
5c0q2QLMlzDwQllyx3fdQn,THE LOVE WAS REAL,3.49,Michael Cimino,2022-05-20,2022,love
1cYyZ1N98GyRS3cMcccFHd,Wasted Love (feat. Lagique),2.33,"Ofenbach, Lagique",2022-09-02,2022,love
5takjWX7gifWVETauANWkP,Love That Never Was,3.0,Dylan Wolfe,2022-02-17,2022,love
24CcvMOaNniXXcxA8HjUw1,I Was Born To Love You,4.43,"Ray LaMontagne, Sierra Ferrell",2022-08-04,2022,love
3Rjfx3cTfQbp0CmmHvZIEY,THE LOVE WAS REAL,3.49,Michael Cimino,2022-11-10,2022,love
2ZowBjrBKqgvAM7l7qrGaG,Your Love Was My Drug Too,3.1,Dallas Rodin,2022-10-13,2022,love
75FrhLHWPTuRmobRoiCmrB,Too Painful Love Was Not Love,2.96,KIM KI TAE,2022-01-04,2022,love
4ELs0nhhK7TFSMwvLjvazp,Love Holy Spirit,10.96,Soaking Music of the Holy Spirit,2022-09-15,2022,love
6MKPbBUywLseeuv6O11bv1,Love Me Anyway,8.41,James Wilson,2022-02-11,2022,love
21fZjtuPNpoXr3Ooz7KHoi,If Love Was A Person,2.14,Goldenboy Countup,2022-01-01,2022,love
4C426PqeHP8XqHU5mQIAKS,Just the Two of Us,3.95,"Grover Washington, Jr., Bill Withers",2022-01-14,2022,love
4v5wIF908EDFp556SNDOfz,Your Love Was A Gift,4.34,"Mykki Blanco, Diana Gordon, Sam Buck",2022-10-14,2022,love
5Xs6V3FcbdU2xvCGAexpmn,your love was sick,3.99,cast heal,2022-08-01,2022,love
5oc5ZvJpEVHlxgOJYjnUr7,I Love You - From the Netflix Series “Bridgerton Season Two”,2.12,Kris Bowers,2022-03-25,2022,love
2pPfaASODyaNl5qDL9W5dx,Love Liquor,3.26,WillyRodriguezWasTaken,2022-05-24,2022,love
6rZOAhfTMDJlWI3w8AXKKQ,Love Hard,3.06,Andy Frasco & The U.N.,2022-04-08,2022,love
1dmi9lVthTKjuemmO8ucWm,Love Theory,3.33,"TAEYONG, Wonstein",2022-04-14,2022,love
48UKTR66uUOT9LaUvooTNx,The Kind of Love We Make,3.74,Luke Combs,2022-06-24,2022,love
2ZIb3X85hIyDl639erNbGV,Love The Way You Lie,3.8,<3BEAT,2022-05-13,2022,love
41P6Tnd8KIHqON0QIydx6a,the perfect pair,2.96,beabadoobee,2022-07-15,2022,love
5ERHRKoghUw2fAHqD9GrUQ,Love the Way You Lie - Remix,1.62,"fenekot, Seon",2022-05-20,2022,love
6bzuCE27mlZKc9xXljntD6,Love The Way You Lie (feat. Rihanna),4.39,"Eminem, Rihanna",2022-08-05,2022,love
1wMRTzRQf1E5QR78v9Hs08,Love the Subhuman Self,5.18,"AISHA, Epsilon Zero, Arc System Works",2022-05-27,2022,love
28n8z9IQKyjMPxmvYMBqZa,The Kind of Love We Make,3.74,Luke Combs,2022-06-17,2022,love
3YFHsrIJBPwoInrbdto7Q4,The Red Means I Love You,3.9,Madds Buckley,2022-04-22,2022,love
6EkLAii6YU3H0LqAWkhsOp,Promise to Love Her,3.29,Blane Howard,2022-02-25,2022,love
1MaDw1BQ797k8j7xXnH486,If You Love Her,2.73,Tokyo Tea Room,2022-11-09,2022,love
1Z8cNk1QZVciCIKoSsvx8c,I Love Her for Leaving,3.63,Wynn Williams,2022-08-12,2022,love
3sLTYBYs6lJsFK84t2X7wt,Bathroom,3.47,Montell Fish,2022-10-28,2022,love
2LtCEKs68u3RpNh4wybCF8,Hotel,3.29,Montell Fish,2022-10-28,2022,love
4DhGmDOiBbWSAP7ASRtokr,"SHE IS CRAZY, BUT I <3 HER!",1.22,Lumi Athena,2022-12-16,2022,love
0ZNlHHzYNN5xW4CrdIbrcw,i love her,2.27,BORNSTAR,2022-11-12,2022,love
5UyJQNlxfCpdieXea5OXfY,Mommy's Here,2.93,"CG5, Elsie Lovelock, Nola Klop",2022-05-27,2022,love
0OLqCV9SGogRDhZvcRZai4,Love Her With All You Have,4.22,Lathan Bryant,2022-04-15,2022,love
6OnRntr1jyKB50d61pg41J,If You Love Her - Sped Up Version,2.59,"sped up nightcore, Forest Blakk",2022-12-02,2022,love
2gwr9YwgoXhTWQ5gETJ9Hb,"I Love Her So Much, I Really Wish I Knew Who She Was",2.32,Greens On Toast,2022-01-26,2022,love
0cJTBlSiodwtdA5vdIbHhB,Pretend Lovers,3.23,Montell Fish,2022-10-28,2022,love
5OsHySqSwYLLfot5EswbON,Altitude,2.73,Montell Fish,2022-10-28,2022,love
0zckHMfaB6vT5o23ZVBLHJ,Here Ever After,3.84,Red Hot Chili Peppers,2022-04-01,2022,love
2JxPgHghyuG0SKNy8htBWg,Exscape,2.37,Montell Fish,2022-10-28,2022,love
4oLW2gWTH3SIlutGFKiDoS,Love Like That (Words from Her),2.91,Suriel Hess,2022-04-22,2022,love
30CFmcq641ILWwzWOnGIVj,Tell Victory I Love Him,2.64,Shaun Sloan,2022-07-29,2022,love
1Ag2treffJLTm8abmlQZEg,Love him anyway,3.86,Highasakite,2022-01-28,2022,love
5AxWWTgOOv8tkuFxrL0Paf,Him. (Not A Love Song Pt.1),3.72,DesignerDon,2022-08-27,2022,love
03AgMO71u7FXf2SV32oP76,Sl*t Him Out,2.87,Baby Tate,2022-02-18,2022,love
2SnSPeslFWItfBX0CFvUeV,I Don't Know How to Love Him,3.85,"Morgan James & Company, Cynthia Erivo",2022-04-29,2022,love
7h85Lwfj0m94CNQd84YVza,Love Him Right,2.9,Andrea von Kampen,2022-09-23,2022,love
0iIutLFcZEPNQdep2gGgDb,I Love Him I Serve Him,4.27,"Muzik House Productions, Gully Bop, Johnny Clarke",2022-01-14,2022,love
1nVCFJNOkVa90X2t3sLpZ8,Love Him Right,2.9,Andrea von Kampen,2022-10-21,2022,love
6viS3NquqC6pIZqAbaDhA9,Love Him Forever - Acoustic,3.04,Hannah May Allison,2022-08-12,2022,love
7oWQfApHJpYWfyFdhrdr9I,I Love You But I Love Him More,5.31,"Dwellwe Hser, Thae Thae",2022-08-02,2022,love
65nzFMAJcV1j2ezxAkQbV0,I Love Him Too Much To Fail Him Now,4.21,Lanny Wolfe Trio,2022-04-15,2022,love
47L3z5lEt1Ne5cpab31vYT,We Love Him Because He First Loved Us,3.99,Efisio Cross,2022-09-21,2022,love
0tk1IYzklktGKM5ViauTnp,That's Why I Love Him,5.08,NYCYPCD,2022-06-12,2022,love
0CKQw9V0AQjBiZ5jX0NSXp,I Love Him,4.37,The Group Fire,2022-06-03,2022,love
4kciXFHOQ9OqbmDUSgLofb,Daddy I Love Him,3.24,Saro,2022-05-13,2022,love
24oMQnBB7hFy5olWX7rVvT,In The Sun,3.41,"Shaun Sloan, G Herbo",2022-07-29,2022,love
2zypa4vesWLRT7jylp5SFl,ひまわり（愛のテーマ）,2.72,Shinya Kiyozuka,2022-11-30,2022,love
61TAzX2ZiZYpnpQ5sRBSJk,Agony (Interlude),1.07,Shaun Sloan,2022-07-29,2022,love
25x5ItNu7h94vD9MagqXRJ,What is Life,2.16,Shaun Sloan,2022-07-29,2022,love
2SzjYOicevluhLxKTfDbOy,In Love Baby,3.45,Løvdal,2022-07-01,2022,love
4TdcRMBOnA7DV8rqXxiYk5,No Love,1.8,MoneySign Suede,2022-09-22,2022,love
5Yee4GWzUPwCPG6F2En5p6,Baby I love your way,2.39,Felix Day,2022-09-28,2022,love
3KhynCCBuv7QY9uZLh9xVn,Little Love,2.28,Little Starflower,2022-07-08,2022,love
0PwwKVQNqzssoevP3oNW3r,Lovebirds,2.96,Baby Queenie,2022-12-02,2022,love
0AesYNtHpSB8ipazIeWL6d,Love Songs,2.13,Baby Maxx,2022-08-20,2022,love
6k0q56fjczdmOQiJW4kVaD,Temporary Love 2,3.25,Baby Maxx,2022-10-30,2022,love
6QCPC5ZtEpkAGFyQ0BLuK9,Pretend You Love Me,2.8,Baby Bugs,2022-02-18,2022,love
2OYFqslHF3y0JgNGrb9Prw,Baby,3.03,Music Travel Love,2022-09-20,2022,love
1AltdEchvnjoDSgkoC74aB,Pretend Love,2.72,Lul Bob,2022-11-18,2022,love
52pKApC5jFiPqdDG81SxqJ,Love in the Universe (With Ocean Sounds),2.73,Piano Peace,2022-08-09,2022,love
1wldp9yXuSGExePnd7Uw6t,I Love to be with My Family,1.11,Daniel Tiger’s Neighborhood,2022-09-30,2022,love
0fSuJsXB05mOHrk1YCtemD,Love Letter,2.8,J.I the Prince of N.Y,2022-06-24,2022,love
77RlDhoHjOj7b9RMdYIBhb,Baby Loves the Songbird,2.29,Invention of Light,2022-11-02,2022,love
3iTyPxqqEf8obSGfn9jvXZ,Love Is Far Away,1.08,Open Blue Sky,2022-02-23,2022,love
2p1qmpFg41n0XMBNGuMzoE,A New Kind Of Love - Demo,4.35,"Frou Frou, Imogen Heap, Guy Sigsworth",2022-06-03,2022,love
3fuyYaLhZ2RoP9eWpvfP1H,A New Kind Of Love - Demo,4.32,"Frou Frou, Imogen Heap, Guy Sigsworth",2022-04-08,2022,love
7CAsrtI5Df8ZOrKZ2ImrVO,New Love,4.27,"Le Youth, Sultan + Shepard, Panama",2022-05-27,2022,love
0ojbjct5B5T4z4EkOYUGAt,Love Love Love,4.23,Big Thief,2022-02-11,2022,love
5dyUCoAK5epLtg3sej6BSq,Love Brand New,3.31,Bob Moses,2022-03-04,2022,love
0RuWss3xFaECJGwPfl34kh,ILoveNewYork,2.88,BONES,2022-07-06,2022,love
6ZwNOYjJ06J77YF1ggXtaT,Love Again,2.58,"Alex Isley, Jack Dine",2022-03-30,2022,love
1rJgKcK3ilp4xg7WxTs4RG,Love Brand New,3.31,Bob Moses,2022-01-14,2022,love
65qe7OtZyKOxqVY39usDBw,Love Me Again - Radio Edit,3.49,John Newman,2022-09-19,2022,love
5SlibanFUJGpnzaT1htGBi,Love You Like That,2.41,New Rules,2022-08-05,2022,love
1ORJS3w16Z3bwNMzZpfULO,a new kind of love - Enkei Remix,2.99,"Frou Frou, Enkei",2022-04-08,2022,love
7HbyOxKUYsosCdb4nyT2Gb,Never Knew Love - Acoustic,3.57,Sasha Keable,2022-03-25,2022,love
6KZBYWtLf9MzG9Jn1EC901,Ain't No Love (feat. Thunder Bklu),1.72,"Kay Flock, Thunder Bklu",2022-12-09,2022,love
2K5CdJb1IkAlsT108wRxYP,Love (feat. Jazmine Sullivan),2.89,"John Legend, Jazmine Sullivan",2022-09-09,2022,love
6rWsyS59S7nMaxkaCfHRZ0,Always Loved,2.49,"Kristoffer Wallin, Simon Wester",2022-05-13,2022,love
57EzImH75KL4o1UD2JZvv9,A Whole New World,2.25,"Disney Ukulele, Disney",2022-04-29,2022,love
1j6BTNe9XwygYVxoNxAPu5,Loved By You,3.19,Samm Henshaw,2022-01-28,2022,love
0NjhFfeUcAQBc4iLaBdKjK,Love You Better,3.15,"Monophonics, Kelly Finnigan",2022-05-13,2022,love
3W4U7TEgILGpq0EmquurtH,Old Love,4.16,"yuji, putri dahlia",2022-08-19,2022,love
0W3AkAITCAqzCCzU3vjEoV,Old Love,3.51,"Bob Moses, BROODS",2022-10-28,2022,love
0yDghAfS3CT7Di30WoJE7h,Love Letter From The Sea to The Shore,3.2,Delaney Bailey,2022-12-16,2022,love
1xupkmvtlZxfId3wXo4vAq,Love Grows (Where My Rosemary Goes),2.23,Sonny Tennet,2022-01-28,2022,love
4YN1RQeDqVnQZnJuqTh2UO,Young Love & Old Money,3.58,Elizabeth Gerardi,2022-02-11,2022,love
1Aic3Xbzma3Nb0sSwqGCdf,Afterglow,4.5,"Bob Moses, Kasablanca",2022-10-28,2022,love
0YHH3qK8Ntqxcc2GFkRrPh,Thinking 'Bout Love,3.07,"Wild Rivers, WRABEL",2022-03-11,2022,love
698zM4fC45zI9Rb5XqJ6FS,Lover Boy,1.99,Sophie May,2022-08-05,2022,love
2m81oGZqVvO447uYPKrbhx,Old Love (Stripped),4.34,"yuji, putri dahlia",2022-10-20,2022,love
65uuVWavVgbsVitDxWQUpr,Love is in the Air - Bellestar Remix,3.22,"Urban Love, Bellestar",2022-02-25,2022,love
6s9uIGMkd43R48ssQKAhtH,Burning Love,2.95,Elvis Presley,2022-02-18,2022,love
1YPxUP9zcrvDQpX3ZCjKan,Love Me Tender,2.7,Elvis Presley,2022-02-18,2022,love
28cQ6woa2DeOICa4Qefaje,love is a black hole !,3.5,Martin Luke Brown,2022-11-24,2022,love
0TeKZAXAOC3dSL0jb27zcp,Love Letter,3.56,David Tolk,2022-02-25,2022,love
6FU64m12iYGoyhPcFddZCZ,Love!,3.08,Swingrowers,2022-06-17,2022,love
422o6ex3eHTXDc2DtOFh7R,The Lovers,3.41,"Blank & Jones, Cathy Battistessa",2022-07-29,2022,love
1MEeJoz0bLDxoPCdfzsUdx,Lovesong - Style Project Remix,2.4,"Roger Beck, Style Project",2022-04-15,2022,love
1x7NAvqHgCvhV549ls0FTE,Sunset Lovers,2.93,"Thierry Von Der Warth, Horizon Blue, Carston",2022-08-12,2022,love
1iFMkBFG0PTW6ys4I008ru,Love Lost,3.72,"Munna ikee, Booka600",2022-11-16,2022,love
792vULvZoDARTkKSf1oYSp,Love Lost,3.46,Ivoryghost,2022-04-22,2022,love
16b2qKvqd7QThUd60semv5,Love Lost,5.24,"Egofear, Cvmpliant",2022-12-12,2022,love
0MtnqdizjVcH6sEEb8QazP,Love Lost (feat. Joyband),2.8,"Kng Ego, Joyband",2022-12-31,2022,love
3ARJMviN4BHu7ZbNU0qqUC,Love/Lost,2.19,VANBLI,2022-07-22,2022,love
3clbcSxe6sdXr07kDHsEGY,Love Lost & Found,3.17,"The Astronomers, Molls",2022-11-04,2022,love
3WdzsAb3OzEBrQArVgrmSA,The Loved Are Never Lost,4.24,Trilucid,2022-07-15,2022,love
1axSh8e8I2eSYLBt4nrgYn,Love Lost,3.85,2AM,2022-08-25,2022,love
6iB3ple7qeaj6PyW4VanXh,A Love Lost,5.53,Brian Culbertson,2022-01-14,2022,love
5l5u3IbEJClrUusMaUaoxf,Lost Love,2.67,overrated,2022-06-25,2022,love
2NDA0bz9lJeeKeHouvDySq,Lost in Love,3.06,"Drew Baldridge, Harper Grace",2022-09-30,2022,love
5iCvtL9GYAh9DxAFmItUzJ,I Love It,3.26,YoungBoy Never Broke Again,2022-11-11,2022,love
5mNQCozgnloYsgTqGMkXTk,Lost,3.1,hkmori,2022-10-27,2022,love
2ayyzfxamdoNRDI0au3wva,Love We Lost (with R3HAB),2.27,"Armin van Buuren, R3HAB, Simon Ward",2022-03-11,2022,love
3NtLi62rkMTpAb86Lhephc,Lost Sol,3.33,"Rich P, Styles P",2022-12-10,2022,love
0koIalUEQsuhs30R8DuaDN,Love Me Like You Used To,3.68,Lord Huron,2022-05-25,2022,love
1NdUAKkhIqdCJE0m9lFTjL,Love Cloud Temple & Soft Rain,3.17,Josef Homola,2022-05-20,2022,love
3e10Ct9oFcIdgFjkDUBV2k,Beautiful Love - Free Fire,3.46,Justin Bieber,2022-08-30,2022,love
6RZj1kBuWGiE7tgOiZErWR,LOVE YOU BETTER,2.16,Future,2022-04-27,2022,love
6gvzDfAP6yb5WiPmSMlXPb,Lovely,3.81,Hot Freaks,2022-06-09,2022,love
0srHt7dvF0U5ReVRVS3fz0,Free Falling Love,2.58,"Lucas Estrada, Solar State",2022-06-03,2022,love
1rlVac9TRr4f3b7GKHdhRh,Love Island Freestyle,3.34,Niko B,2022-07-28,2022,love
0skzLN539GwyjZoLdcBkdH,LOVE DON'T COST A DIME (AFROBEATS INSTRUMENTAL),3.55,Tukie,2022-10-07,2022,love
4ZFmzCEuwlGTsSRa5hWLko,Girlfriend,3.51,Hot Freaks,2022-06-09,2022,love
642WfnSrWalCZvt7RexOi7,Freestyle session #13 “Rip [R]esentido”,3.78,Faraón Love Shady,2022-04-13,2022,love
3MK4YnWXuLWOeDqu93ZI9y,FREE YOUR MIND,2.33,Spark Rocket,2022-10-10,2022,love
0C4Y7jOIkQ7bjlDYqMc5Ff,LOVE YOU BETTER - Instrumental,2.16,Future,2022-04-26,2022,love
1wcXLwSp855OtblPgQhJcu,Lovestory,3.97,Katherine Ho,2022-02-14,2022,love
4T3YwiBwz2ng2IyLLmFpnE,Streets Don't Love You,2.44,June Freedom,2022-06-24,2022,love
7ppRDeUyGTKWuCUFX23dc1,Freedom Is Near,5.77,Laurasia Mattingly,2022-01-14,2022,love
7hmdDCVd5ZB29Qb5KcFmFG,Free From Toxic People and Partners Subliminal,1.23,Kinder Records,2022-01-22,2022,love
4Bc4gpOWn1LXpPZd6SxOaU,Good On Love (with Future),3.35,"Lil Double 0, Future",2022-11-04,2022,love
24zLE7HK32Ywemr4itnq9t,Freedom Lover,3.25,Rob Baird,2022-05-19,2022,love
6dwGMWRkShy7TcgbQ0Tfy6,collared freak,2.8,aWannabe,2022-10-27,2022,love
2DdZWzdx8FLcSTTSP9zSjB,Love Now,3.23,Steven Curtis Chapman,2022-10-14,2022,love
2roRyBtlHkiCdrEksPTeGs,Be Love Now,1.96,Larrek,2022-09-04,2022,love
6WAB3jnlYolBFpjpyZqlGp,Love Me Now (feat. FAST BOY) - LUM!X Remix,2.11,"Ofenbach, FAST BOY, LUM!X",2022-11-25,2022,love
7jQuTeWHCKKLc2QV6MPunK,My Love,3.86,Florence + The Machine,2022-05-13,2022,love
3leQLTAf9btWYR0bbIiHeZ,My Love,3.86,Florence + The Machine,2022-03-10,2022,love
03gnhFr8AaHV02mS4g48HF,Nowhere In Sight,2.53,Loverboyrando,2022-10-12,2022,love
7bS1QXYsMTJZp6Cu2FODQQ,Bring Your Love Now,2.97,"Jam in the Van, The Charities",2022-10-07,2022,love
4dGYytZBGnFHEzJUqMyxdn,Right Here,2.39,Larrek,2022-09-04,2022,love
6M2kJb648rcbe59nfsA30U,I love you now I love you never,4.27,Knumears,2022-02-22,2022,love
2roaRzXYbXDakP5sadaPBh,Love Me Now (feat. FAST BOY),2.54,"Ofenbach, FAST BOY",2022-09-02,2022,love
3qcUDGkYYQPvWEvLfpr9FD,恋愛脳,3.21,NANAOAKARI,2022-08-24,2022,love
02gFm3PqcKe3FofQyeK0tB,LoveLiveB,2.45,GmoneyDt,2022-12-03,2022,love
2KnhtuQKe9AUXO40gP3f7U,Love Me More,3.18,Sam Smith,2022-05-20,2022,love
2PKKGrBkNB8bV8Vv4hwB2j,would you love me now?,3.43,Joshua Bassett,2022-10-06,2022,love
1R8SagzGlbKs5tanpFmdP0,Got Love Now Waitin',2.65,Floyd Lee & His Mean Blues Band,2022-09-27,2022,love
3kYArhy9qrIKs5oErWIkbd,"i don't wanna fall in love, it's too late now",0.92,Chase Shakur,2022-06-24,2022,love
6io0nI9BpClEiOqvkg3X8A,Love You All The Way,3.1,Claudia Campagnol,2022-11-18,2022,love
3MbU1OCJsKAh1omjHm483q,Now I Know,2.08,Josef Homola,2022-07-29,2022,love
27WUBAHBFvyrryuIKu2NLg,Love Gone,2.68,"OMB Jay Dee, 917 Rackz",2022-12-09,2022,love
13YF85tcO7tABHpidBnpgG,Love Gone,2.58,Reflejitos,2022-12-09,2022,love
00oFUyt6YzOf3qZUuaxVjt,The Love Is Gone - Instrumental version,2.14,Roman Perepichka,2022-02-10,2022,love
5FWyfbOZ25bSOLBImIXumb,Love Is Gone - Exhale Remix,2.89,"Neptunica, Matthew Clanton, Exhale",2022-12-09,2022,love
54liA2Xwyb7ZCrh9sDGQ3B,Love You When You’re Gone,3.07,Daya,2022-06-29,2022,love
68zU8O7daET5TZ46bZfWZL,A Love Gone Away,3.75,Duke Saturday,2022-07-01,2022,love
2bYvLoAE1ivbw3Pq8YTs6i,Love Is Gone,3.0,Will Armex,2022-04-01,2022,love
6YGhFVlVJEbfev5LXZ7vFF,Love Gone Wild,4.65,Chez Kane,2022-10-21,2022,love
0TwMFkpFPF1N6yGLhieD1Q,Love Is Gone,1.9,fenekot,2022-08-12,2022,love
3754c9nU2xGQ1Hx4WKv4NR,love is gone - slowed + reverb,3.67,"slō, twilight, Tazzy",2022-01-14,2022,love
6y6XffMyyGIl0snViNWizn,Love Is Gone - Slowed + Reverb,2.09,fenekot,2022-08-12,2022,love
2NVrfPqig6RoO7ximi1XUz,Love Is Gone - Nightcore,2.52,neko,2022-03-18,2022,love
0ow0OPJOJKhvFvWyLqcHFJ,Walk On Water - Love Is Gone pt. 2,6.39,"SLANDER, RØRY, Dylan Matthew",2022-04-22,2022,love
0hqfhVBgDyTlzEq9M41nHq,Love Me When I'm Gone,6.41,Montana of 300,2022-01-06,2022,love
45XXsEEDnqPQnVKwTdBFHF,Love Is Gone (Mixed) - Armin van Buuren Remix,2.3,"SLANDER, Dylan Matthew, Armin van Buuren",2022-03-29,2022,love
3f92Tmq6OHbiu8uJkuOjPE,Love's Gone Behind - Extended Mix,5.26,Disco Gurls,2022-08-12,2022,love
5j2ZsG5P4h0ffRcZH5eO2t,What We Loved Is Gone,2.97,Moonfall,2022-05-27,2022,love
6pZgwLByPOSqOHO4XQkQ77,Only Gone and Fallen in Love,3.45,Ben Simmons,2022-06-09,2022,love
3rfTFA4AGu8r2BXqpjKbcf,Loved You A Little (with Taking Back Sunday and Charlotte Sands),3.45,"The Maine, Taking Back Sunday, Charlotte Sands",2022-01-20,2022,love
2Eb52yvmy4yZRJkGVgSstE,Backstairs Breathing,1.95,Fleshwater,2022-11-04,2022,love
43GuU2ue9KOqVecgBKZ6be,Love You Back,3.57,Madeon,2022-04-27,2022,love
6p95Fy7WYNpxeAaId7WLGk,Love Me Back,2.47,Bebe Stockwell,2022-07-15,2022,love
61YExUHK0yyvH7nR3e4xIC,Love Back,3.1,Why Don't We,2022-03-25,2022,love
2cchY5dEYErRDF56JlMb7Q,Love Me Back (Fayahh Beat) - Sped Up,2.67,"Trinidad Cardona, Robinson, Esteve, Speed Radio",2022-07-08,2022,love
34nYWTBYOKfTFYKIhVrqdT,Words I Used,5.39,The Backseat Lovers,2022-10-28,2022,love
3SsGrCb1eaSpGhRDqPaTln,Snowbank Blues,3.3,The Backseat Lovers,2022-10-28,2022,love
5zMxLq47V3Gr0LlFvxiFXS,Growing/Dying,3.53,The Backseat Lovers,2022-10-28,2022,love
2VZFlunJX12zxbSrzMiDp2,Close Your Eyes,5.08,The Backseat Lovers,2022-10-28,2022,love
6mWlah5Cxz8qTcW17pbj7h,Morning in the Aves,4.04,The Backseat Lovers,2022-10-28,2022,love
0jaQVsTsv3rm4xCrBHzQL5,Smoothe Q Brown Noise,3.36,Lovey Dovey Brown,2022-12-10,2022,love
6WarP4oMloYg0Z8H8IHeDq,Love Again,3.18,"CHANEY, Nu-La",2022-01-21,2022,love
2595s7oCDH6QeCBn6whFPg,Love Again,3.84,"Elephante, SABAI",2022-05-06,2022,love
3pxplvRVhnOXT7H7C4JkAH,Love Again,2.58,"Alex Isley, Jack Dine",2022-02-14,2022,love
4lqFiuMXlUwUgwDuvt4igC,Love Again,3.19,Kidz Bop Kids,2022-01-21,2022,love
2uQTkpNFf5EQ4rQJ2glxkK,Fell In Love Again,3.67,Kyle Coulahan,2022-07-08,2022,love
6kfS8QLA2ZQZxGP4FN3TH2,Love Again - Piano Version,4.42,Purple Lions,2022-04-15,2022,love
3vPoLMF0d42Dn0NMQSBAwT,Love Again,4.25,"Dj Ray, Panamami",2022-04-08,2022,love
3ND3aWZNjJm3IK2ll7gmBv,Love Again,2.5,Latrell De'Sean,2022-08-21,2022,love
1eLsJwOUtuRauEyenrZFbd,Love Again,3.67,D-Vision,2022-10-15,2022,love
32Dy5jN09LwrjhPcLIRAxe,Love Again,2.34,ANTONIO SANDERS,2022-08-28,2022,love
7q8RaCEBRvtDpmf7qR3FXQ,Love Again,4.27,Beach for Tiger,2022-08-04,2022,love
6cz2y7t6bDJcktGp6IVM5w,In Love Again,2.35,Lonely in the Rain,2022-11-25,2022,love
2b0RhgCNG1jIU8gc5HoGRM,No Love Again,3.24,TAEYEON,2022-02-14,2022,love
1A1iuGGFynBWvkUUzKuour,Love Again - Extended Mix,5.21,"CHANEY, Nu-La",2022-01-21,2022,love
6oPuYVsYLkSAViy8v8tUJl,Love Again - HVLO,2.88,"Elephante, SABAI, HVLO",2022-09-09,2022,love
1EKjDeUXndIlfI3eWqtkDF,I Fell in Love Again,3.63,Kid Bloom,2022-06-03,2022,love
26UdrHpIqMwuEpNGQRuDqY,Love Forever,2.25,Phillips Downey,2022-11-09,2022,love
0widsekq0eRIkeXzXRtn9r,Love Forever,1.04,Limelight Glow,2022-07-17,2022,love
00SGfOEGPFBTOGBta5DccJ,Love Forever Arr. For Violin,1.03,Harmony Night,2022-07-17,2022,love
1MoMPoLAGNn1HQw4BDxB5x,Love Forever Stands,6.08,Henrik Villard,2022-12-09,2022,love
6TYuTMfBTU4hpXrhLsjIiV,Forever My Love,3.18,"J Balvin, Ed Sheeran",2022-03-25,2022,love
4AD1k4MTpo10jR0kNIwqoK,I Could Sing Of Your Love Forever - Instrumental,3.61,Abundant Life Piano,2022-04-27,2022,love
6g5ToBz8mGURaauPqfyYvU,lovebomb,3.15,Nessa Barrett,2022-10-14,2022,love
3AqqDd9zm7ZG8AFaveWYIm,Love Will Last Forever,3.6,Michael Stylez & Co,2022-08-19,2022,love
6Z3kueX10NVQb8Ed5tTpcO,Music Means Love Forever (Mixed),2.13,"Steve Aoki, Armin van Buuren",2022-03-29,2022,love
1KpApS8lCUujvkWIwzBaXp,Love Me Forever,3.96,Pinkshift,2022-10-21,2022,love
5szNOJk0g6GyL3gKSN0GLJ,Love Forever - Live,5.56,Babe Rainbow,2022-04-15,2022,love
5x2CGDIAwP5jrEpiCHjwgJ,I Love You Forever,3.56,StarGlow Piano,2022-12-26,2022,love
1wdlT9t6JcYUtwADKQoDiI,forever love,5.65,"Jazzy Coffee, Cozy Coffee Shop",2022-01-03,2022,love
0uXLCWhlJnwPNccIezaaRK,Best Lover,2.55,"88rising, BIBI",2022-04-16,2022,love
6KsDoI8iySmXQ6UaSPuAx4,Love & Loyalty (Believe),6.33,"DBN Gogo, Sino Msolo, Kamo Mphela, Young Stunna, Busiswa",2022-11-11,2022,love
7gFImxKVIFuthLghDpVnhA,lovebomb,3.15,Nessa Barrett,2022-11-18,2022,love
1atUX5yDsZpz82R6B55UEP,"from hell, with love",1.83,Savage Ga$p,2022-10-14,2022,love
7iGCPgtU0Q7rX73u9rFdX9,Why Can't Love Be The Reason (feat. Garzon),3.15,"Shaboozey, Garzon",2022-10-07,2022,love
4qqCasI2AJ1hMRo2MOh6mA,Love Tonight,2.56,"Mecdoux, Yaelle Maessen",2022-12-23,2022,love
3ZO8evy6UnRuZa7Dom2dtd,Love Tonight,2.56,"Mecdoux, Yaelle Maessen",2022-10-07,2022,love
2lXvKjcICC8r6P2gAFUHdt,Love Tonight,2.62,Mister Pluck,2022-11-19,2022,love
095Hx2Savl5T0weU2nMpub,Love Tonight,2.24,"Owen Norton, Molly Morgan",2022-01-27,2022,love
61Y23Iye0DT6fUTJKSb6B2,Love tonight,3.29,Yann Muller,2022-01-14,2022,love
61pkgNGabOREZY6VRGmV5g,LOVE TONIGHT - HARDSTYLE,2.2,Crual,2022-12-09,2022,love
6kyf2TTzftzNKFbG28RPPi,Can You Feel the Love Tonight - Piano Version,3.83,Henry Smith,2022-02-18,2022,love
6fgvIG0R1xTmYVdJGHS9S7,"Can You Feel The Love Tonight From ""The Lion King""",3.79,Jartisto,2022-07-08,2022,love
6URF4E3yKBStbZoou3J9Ol,Lover For Tonight,2.46,.com,2022-09-18,2022,love
7ui5ob8U5KZYXk50sMYCw3,"Can You Feel The Love Tonight (From ""The Lion King"")",3.14,David Healer,2022-01-15,2022,love
5UQy5DUVSmMaU0sl55sZG0,Can You Feel the Love Tonight,0.52,Our Last Night,2022-11-15,2022,love
0TOzOHQoppEE3i1ooHMdUe,Sweet Love Tonight,2.67,THYPONYX,2022-12-16,2022,love
4qbQzkoG9w07uzSQwyxq27,Can You Feel the Love Tonight,3.23,Richard Clayderman,2022-02-25,2022,love
4EeLJMAhdXNoiHJ0BK1PyB,Love Tonight,2.36,"Kløn, Amanda Yang, Keny Grey",2022-04-29,2022,love
5hPrUUjYZAJ7JMZGDIyzGT,Can You Love Me Tonight?,3.25,KAIRO,2022-05-25,2022,love
6WMjU9HbYcbvdUExpIYjD3,Can You Feel The Love Tonight,2.36,Peace and Guitar,2022-04-05,2022,love
5Xef2VIPCHT6UOpF508Ail,Can You Love Me Tonight? - Stripped,4.12,KAIRO,2022-07-13,2022,love
280XDihByK3OMm4FwWUsqn,Can You Feel the Love Tonight - Acoustic,3.31,Tiffany Alvord,2022-05-27,2022,love
44RL8xqwVQOvLgQ23QgRnD,Can You Feel The Love Tonight,4.43,Lullaby Rock Stars,2022-11-18,2022,love
3gQJPVREZXvWCN2KclANX1,"Can You Feel the Love Tonight (From ""The Lion King"")",1.55,Leyla Luna,2022-12-02,2022,love
3atUDoCzMF6GQqaM9lFw1G,Lovedream,2.47,Cho Eun Young,2022-01-18,2022,love
5HYjLrLvLM0q0XG1yIu0EE,Love Dream (lofi Liszt),2.48,"Crazy Monkey, Classical Music But",2022-09-01,2022,love
4ubg38wkWizzLsQwLuE6rM,In My Dreams,3.41,Red Velvet,2022-03-21,2022,love
1IxeJLsubGTboNN9K5XNfL,Wildest Dreams (Taylor's Version),3.67,Taylor Swift,2022-05-06,2022,love
5fxLDu6ZpG9TPZYWLSkNet,No Love In LA,3.37,Palaye Royale,2022-10-28,2022,love
4OSq3SdsA8gdWifORPf3YE,Wild Dreams (feat. Khalid),3.1,"Burna Boy, Khalid",2022-07-06,2022,love
3W2reBya7FkjHCP1B2nmQr,Peace and Love,4.05,Red Hot Chili Peppers,2022-10-14,2022,love
7ejdFfqkwoYcYaElC1HLjm,Muchas Flores/ I Feel Good/ I Like To Move It/ Sweet Dreams/ Crazy In Love/ Bailando/ Clavado en un Bar,5.25,Los Zagales del Gállego,2022-12-16,2022,love
0zgdicvLKTd2UPrbwZe8LR,Love Unites,2.38,Luna & Stella,2022-05-13,2022,love
0upllbKPY8iblcZvcPCSnL,Love,2.75,KUR,2022-08-30,2022,love
2cgamRofJ1iWxAHD801DNu,Wild Dreams (feat. Khalid),3.1,"Burna Boy, Khalid",2022-07-07,2022,love
3vsUUCApaN8Pt2lUNGIA7d,Temporary Love (feat. CG5),2.41,"The Living Tombstone, CG5",2022-01-28,2022,love
7CQINprP3p9BboXnlK9CJX,Dream Girl,2.21,"Grioten, Jelex",2022-05-13,2022,love
6AERdVEE99GtWpBQznR5Ad,Love You Like That,4.23,"Taylor Kade, KATT",2022-03-25,2022,love
4tDebDUNdbvtZvtqL4Udpr,Love Vibes,3.1,Leith,2022-05-13,2022,love
40j1g78vr4poopRzoVWbAq,Love Can’t Hold Me,4.36,Mapache,2022-06-10,2022,love
13CQ0rCW0gUiudDUn4vCOB,Dreamer,4.29,Pinkshift,2022-10-21,2022,love
07FVrAmSsMY47qZzsUCW1o,Love In The Light,1.06,Eternal Spring,2022-01-31,2022,love
6anZcx8kwyMGDWGsQTvmYe,Dreamy Vibe,1.24,"loonight, c l a v a, Kazuna",2022-03-18,2022,love
3dp1BVLe6gIuQ1B45T2PJf,Love Hurt,2.52,sswampbabyy,2022-05-13,2022,love
5o3zeb6JhEP7x2jGYZj7oa,LOVE//HEARTBREAK,2.57,"oc, 静的 Static, heylog",2022-03-25,2022,love
6vXceKic4ACImU0bC3oecd,Darkness At The Heart Of My Love,4.98,Ghost,2022-03-11,2022,love
2LgmOV0Stq52Y25zJBhnd9,Carrying Your Love,2.59,David Morris,2022-06-24,2022,love
4B5n8HRIzsLUqXIiRfLYXK,Love & Heartbreaks (feat. Fredo Bang),2.56,"Trapland Pat, Fredo Bang",2022-06-09,2022,love
2ZWDn8NePlKSC8ikB4sNUe,Love And Heartbreak,3.83,Yellow Days,2022-04-29,2022,love
49O0Vmej9gamTk0KWZAwDH,Love We Make,4.51,The Head And The Heart,2022-04-29,2022,love
6DzYr1IGXoogMUmDfF3FOh,Heartbeat Love,3.65,Sound Effects Music Set,2022-03-23,2022,love
6GHVJMaqmAHieoJRYkbmrF,Heart of Worship / I Love You Lord,5.97,"REVERE, Jessica Hitte",2022-01-14,2022,love
284gVwWINlWvGWA5TfXuUZ,Tell Me Why,3.97,Caden Gillard,2022-10-14,2022,love
4kOCrZEzt3QeM5PLwQkxAm,Love In My Heart,3.83,Sean Mathews,2022-05-02,2022,love
0Z2yprt7ds70fo1Ca1ksCt,Love Lesson (feat. Tennessee Grizzly),3.0,"Kng Ego, Tennessee Grizzly",2022-12-31,2022,love
3yDQrsiOuUBGOlCUS7rBW6,LOVE AND WAR,2.68,AViVA,2022-11-25,2022,love
56ciHBiFTYcfJP2anTr6NW,HEARTLESS (feat. Drakeo the Ruler),3.03,"Bino Rideaux, Drakeo the Ruler",2022-07-01,2022,love
0xuEaOnWsmiDZrduTi14bf,HeartBreakerz,2.5,WillyRodriguezWasTaken Archive,2022-12-13,2022,love
0u7ZVaLMy0oozuRIZfFUJe,Heartbeats,3.17,Pieter Savenberg,2022-07-22,2022,love
5Uhr87fTMOrVBhc8gNU7Z8,Lady Love,3.04,Thee Sacred Souls,2022-08-26,2022,love
3W4xqKFMKBauuU517t8NIb,Weak for Your Love,4.36,Thee Sacred Souls,2022-08-26,2022,love
4xVXe1VS5zlQyECVk6GRrL,Sweet Love,4.37,Anita Baker,2022-02-14,2022,love
0BCCNCHg7w7RV0JczNwzyP,Love Comes Easy,3.21,Thee Sacred Souls,2022-08-26,2022,love
3kedYiw0PflZpyQcDzBLKK,Future Lover,3.53,Thee Sacred Souls,2022-08-26,2022,love
0LCkj8JSa3pahuphDXiOwZ,Only Love Can Hurt Like This (feat. Teddy Swims) - Remix,3.87,"Paloma Faith, Teddy Swims",2022-09-23,2022,love
4iLmOHt1rLfZ5MFqYhirEs,Love U Later,3.18,Aiyana-Lee,2022-02-11,2022,love
5R7IjINHBAGiNBPEC8L1Z1,Love Yourself,3.46,Selah Soul,2022-08-10,2022,love
5DzUuP6tUU9dZ7npCwFCzA,Make You Love Me,3.17,Aiyana-Lee,2022-02-11,2022,love
5tPwHmwrwVcdosAvMzzQ2z,Good Love,5.56,Anita Baker,2022-02-14,2022,love
2OcTokSU4FnEaIMpNSAh9F,Dear Soulmate,4.33,Laufey,2022-08-26,2022,love
3Eym5PlkORwwwmxxQtLfJC,is this love - acoustic,3.18,Luke Burr,2022-06-24,2022,love
1yDvme1TNme1B9qWArp6c1,Dear Soulmate,4.33,Laufey,2022-10-14,2022,love
7rSqBHmI1I6f8GPj9axe9o,Lover Of My Soul,3.37,Dan Bremnes,2022-06-17,2022,love
144wciVMFV19YTkmZ50g4z,Someone Who Loved You,2.97,Teddy Swims,2022-11-04,2022,love
2RqgvzJAzu0Lt7noDCz4GX,Love Letter From A Red Roof Inn,3.81,St. Paul & The Broken Bones,2022-01-28,2022,love
5Ra3wJLBQKxJiYEpWe3Pjf,911,2.78,Teddy Swims,2022-01-21,2022,love
3WMj8moIAXJhHsyLaqIIHI,Something in the Orange,3.8,Zach Bryan,2022-04-22,2022,sad
0BU7UCDxV2AxK11swhJ9aJ,Sad Disco,3.79,flipturn,2022-08-19,2022,sad
0OWhKvvsHptt6vnnNUSM9a,Oklahoma Smokeshow,3.53,Zach Bryan,2022-07-15,2022,sad
1DbZAffh8GGwW41Q3AU8iC,Flower Shops (feat. Morgan Wallen),3.57,"ERNEST, Morgan Wallen",2022-03-11,2022,sad
3WEhUtfxXaoRrpSIZ1XzQY,Loud Noise Sound,2.42,Misa Bee,2022-01-18,2022,sad
1r04a90d5sggiNbr6w4oGO,Sweet Rose,3.9,"Lincoln Swanzy, Maddie Rose",2022-06-10,2022,sad
24teIhDYO2RocTA2v5dY0r,Extssy Model,4.01,Junior H,2022-02-11,2022,sad
2mlNgAeIBnL78ZriXgrRHz,Glimpse of Us,3.89,Joji,2022-11-04,2022,sad
5DqjEVkM7PA3bMaEhkrUdb,Quantum White,2.98,Aileron,2022-02-17,2022,sad
2COPUH8f4mlt1vzZG83zqU,Gentle White Noise - Seamless,2.89,Natura Ferox,2022-04-18,2022,sad
7tb92lJ6tid87CEoIy43Wj,play date - slowed + reverb,3.61,"slō, twilight, Tazzy",2022-04-22,2022,sad
5SHpuW2qjkQtFRpE6P9Nks,The 30th,3.61,Billie Eilish,2022-07-21,2022,sad
1hzCnvA7F9UdR6ila1qSSq,diamonds - slowed + reverb,4.58,"slō, twilight, Tazzy",2022-01-21,2022,sad
1PtK13UaoYOiaTDypMpJKy,harleys in hawaii - slowed + reverb,3.49,"slō, twilight, Tazzy",2022-04-29,2022,sad
5wbRbdyi3F7AsFWr0o3Jj0,harleys in hawaii - slowed + reverb,3.49,"slō, twilight, Tazzy",2022-01-07,2022,sad
1Y0d3ndY8pKstb5fUar4Mz,lovely - slowed + reverb,3.71,"slō, twilight, Tazzy",2022-07-27,2022,sad
2Mk0g0ZAmzHOrJUz2m3KvF,take you dancing - slowed + reverb,3.8,"slō, twilight, Tazzy",2022-01-28,2022,sad
3qAJAUr7yc9bPDx4ESt6ND,HASTA LA MUERTE,3.5,"Eslabon Armado, Ivan Cornejo",2022-05-06,2022,sad
6k07Z7rd9og1FvRJD2n9E8,From Austin,3.46,Zach Bryan,2022-05-20,2022,sad
5UXJzLFdBn6u9FJTCnoHrH,Memories,4.15,Conan Gray,2022-06-24,2022,sad
28dxorPKmQwv2KOm7jwtuR,Me Convertí,3.98,Peso Pluma,2022-04-20,2022,sad
3jRZg6U0m9Ir115Wt66ebU,Mentiras,3.91,"Grupo Los de la O, Ivan Cornejo",2022-11-04,2022,sad
7AYP21Q4qnxw2WxETEvSRb,Memories,4.15,Conan Gray,2022-04-15,2022,sad
0iade05WRF2AsjkRHDXz0v,Me Hiciste un Loco,3.45,Ivan Cornejo,2022-06-02,2022,sad
3dfU4Gby9MXckEQVa68TDC,Me Gusta,3.64,Natanael Cano,2022-04-08,2022,sad
7wpU2N8zoAmcLbEkpj5OM5,Mi Despedida,3.27,Los Del Limit,2022-04-29,2022,sad
2TktkzfozZifbQhXjT6I33,Evergreen (You Didn’t Deserve Me At All),3.61,Omar Apollo,2022-04-08,2022,sad
6d3rOaVzZshI2YRBl7WjQb,Memory to Drown,3.58,Bryan Martin,2022-04-29,2022,sad
1SjsVdSXpwm1kTdYEHoPIT,Sun to Me,2.72,Zach Bryan,2022-05-20,2022,sad
6Svlf7ToRwf8VFaHWpdN9O,Mi Despedida,3.27,Los Del Limit,2022-01-28,2022,sad
0KQRhak4Irr2CKxgQ9U6ay,MEAN!,2.4,Madeline The Person,2022-04-29,2022,sad
6Ln7dIucQFcVGmh1NrvIva,"Me, Myself & I",2.28,"fenekot, Seon, Drex Carter",2022-12-16,2022,sad
1hB3M3POeKMLxcEFEvPeqU,Already Dead,3.85,Juice WRLD,2022-03-18,2022,sad
6CiJ17C9SMHQLQGy2W7zOU,Me Hiciste un Loco - Deluxe,3.45,Ivan Cornejo,2022-12-02,2022,sad
4JdYapRlYv67LnjrkDhZVX,"Think Of Me Once In A While, Take Care",1.73,Take Care,2022-09-10,2022,sad
2JltnZUDzrxKuwNjkK5N6Q,No Me Quise Ir,3.51,Ivan Cornejo,2022-06-02,2022,sad
6BjtaWm1T4kDWAqHrf8vEi,Legends,3.2,Juice WRLD,2022-03-18,2022,sad
4WWotQCVQIU944v4HNbudw,Do Me Wrong,4.25,The Red Clay Strays,2022-04-29,2022,sad
6l9VlJgElboeOE5A9P2rBc,Βροχερές μέρες,2.39,Cove De Tranquilo,2022-03-06,2022,sad
40Fmr4mXhz4PtrMAPTnoXB,Destroy Myself Just For You,2.43,Montell Fish,2022-07-22,2022,sad
2iSQmITHUdCBQGDgvwEzkY,My Life In A Nutshell,3.16,Juice WRLD,2022-03-18,2022,sad
6b8LUVmacXlMUl4wRtCD2S,Mine Again,3.74,Zach Bryan,2022-05-20,2022,sad
7CiDwKE62N6ey3LyG6s7xc,In My Room,2.96,Chance Peña,2022-05-06,2022,sad
6ak7dK1uhAyJe8WKxcdsxR,Calming White Noise on my Mind,4.07,Likko Sol,2022-06-12,2022,sad
0XymKofC03Psmdmjj8PnY3,Noise Waterfalls,2.28,Misa Bee,2022-01-18,2022,sad
37kQO8DV0E8kPdLNbnA5tI,Merlin,3.21,SadBoyProlific,2022-10-07,2022,sad
2RJAKIw6nIkgZVsAIKhmqz,In My Head,3.2,Juice WRLD,2022-10-28,2022,sad
1r8ZCjfrQxoy2wVaBUbpwg,THOUSAND MILES,2.75,The Kid LAROI,2022-04-22,2022,sad
50Emgupm363qIrYBe20FR3,Quittin' Time,3.68,Zach Bryan,2022-07-15,2022,sad
1fgeb3eEwjdFDOa5OmeEUH,Your White Noise,2.45,BCCF,2022-01-18,2022,sad
7dHnVfXljNwvlLGlr6lMlc,Heart of Stone,4.43,Whiskey Myers,2022-07-29,2022,sad
1TsiwVwHhLgVK8sxBchINM,Tishomingo,3.15,Zach Bryan,2022-05-20,2022,sad
5Qi3qYv6cgRIwBAGhzleKU,My Sweet Rain,2.5,Neo Si,2022-05-17,2022,sad
4IVDh6C2OyXzn6PiT9rW9R,Deep relief brown noise,2.64,Mind & Ears,2022-05-24,2022,sad
1AIt0r0YN6pdW9QHmECLvr,You Here Tonight,3.58,Josh Meloy,2022-08-26,2022,sad
00WLowvlN5cjkYpQV6pjo4,Die For You,3.53,Joji,2022-11-04,2022,sad
3rPVtXLBfJz59U1LgrGHhb,Yours,3.42,Conan Gray,2022-06-24,2022,sad
6OGfJ3y59rboNCNbYRl4sQ,Your Love Is My Drug 8 Bit - Bass Boosted,2.33,just valery,2022-06-12,2022,sad
5gUiTylvifZnUrynE4FFPu,By Your Side,3.23,Rod Wave,2022-08-12,2022,sad
1IqZi1kWPnE5RyQ7c6rm86,Giving You Up,3.87,Kameron Marlowe,2022-08-26,2022,sad
0BqWEdlRUTCsYlLO5jMItB,You Might Not Like Her,3.38,Maddie Zahm,2022-06-15,2022,sad
7B1J53ECCbVKukD19Wyy5K,I Know,2.51,YoungBoy Never Broke Again,2022-08-05,2022,sad
0oPpchtgx4hZ2J246g5mqn,Home Ain't Home (feat. Rod Wave),2.35,"YoungBoy Never Broke Again, Rod Wave",2022-08-05,2022,sad
4kJT7Yj6Za01KfKHjb7mZE,Fall in Love with You.,2.2,Montell Fish,2022-07-22,2022,sad
6SJgUfi1rBiYF8b3mC4Y7p,Your Love Is My Drug 8 Bit - Slowed + Bass + Reverb Far,2.34,just valery,2022-06-12,2022,sad
6EbVuwU7EnKeF2hdpViXCH,Die Young (feat. 347aidan),2.48,"Sleepy Hallow, 347aidan",2022-05-25,2022,sad
17U5KQwbq7xMR2tVc97uZj,Your Call,3.59,Dylan Wheeler,2022-02-03,2022,sad
006nnWonryJaAktux75zAs,Close Your Eyes and Listen,2.06,Naturelle,2022-02-08,2022,sad
1zKUJivfBXl4t8DeFC2058,Get Ur Rain On,2.53,Hydrometry,2022-02-21,2022,sad
66Ae3p10Em3KdTaM787Ptx,this is what heartbreak feels like,2.63,JVKE,2022-10-04,2022,sad
4RxdAzEmkPXTiIU6ULLoXh,this is what heartbreak feels like,2.63,JVKE,2022-09-23,2022,sad
7kjcdiknoCUe0OeE3BIw9J,Is It Really You?,4.66,"Sleep Token, Loathe",2022-01-04,2022,sad
5Cc0Pe8p7c2OJxMj07ywvc,Strangers,5.74,Ethel Cain,2022-05-12,2022,sad
5GpYt1p4z2EPVKv5t7XDof,this is what sadness feels like,3.2,JVKE,2022-09-23,2022,sad
2776oSNMyB8oEKMezUIZfs,Isolation,2.6,3Breezy,2022-06-22,2022,sad
1lv7ri6yvwi2cLWTWuim0g,Sad Is Love,3.91,Indigo Sparke,2022-10-07,2022,sad
6fKIyDJHZ9m84jRhSmpuwS,Sun Bleached Flies,7.6,Ethel Cain,2022-05-12,2022,sad
0SSu4wiFjCPcRE5Sx3ni0A,Trust Issues,2.35,Emei,2022-08-17,2022,sad
0oBQwWwE7ZpVdXII5wBedw,Sad Island,3.22,Violin Relax,2022-02-24,2022,sad
4I1gz5UNK32Lth3dRMoQvJ,School Song,3.36,"Meesha Garbett, Sadie Victoria Lim, The Cast of Roald Dahl's Matilda The Musical",2022-11-18,2022,sad
7qHPpmIEa0YRnMf1d0XoWj,QUE DIABLOS HICE (INTERLUDE),1.79,Eslabon Armado,2022-05-06,2022,sad
6iJDhOaOzDYDyGhrI7S5qV,this is what sadness feels like,3.2,JVKE,2022-10-05,2022,sad
4vuVzf7BIZhDAFm3TB0Tzy,Enough,3.09,charlieonnafriday,2022-08-05,2022,sad
5tsGxMYPWQZVZJ9qwOzSSb,MALDITO AMOR!,2.97,Eslabon Armado,2022-05-06,2022,sad
7EAQfy8KYXbx2UqNF4envA,1AM FREESTYLE,1.88,Joji,2022-11-04,2022,sad
3Vm3HO7EgE2CFJryk5L2WA,is it you,2.85,iann dior,2022-01-21,2022,sad
6uyOYLLHKfhl8Vp0oPg4Fv,lonely isn't the word for this,2.78,Zach Hood,2022-05-27,2022,sad
2hZb0DuHOlqka9VYhHlTpM,Wasa3 Wasa3,3.97,Ahmed Saad,2022-07-06,2022,sad
72XhVH8vlREICt6NmT623Q,WASTE - Sped Up Version,1.68,KXLLSWXTCH,2022-11-11,2022,sad
5mYFNE8rWy9yrkEJcPNiAl,Wasting My Time,2.93,Dylan Wolfe,2022-07-07,2022,sad
2At18rPHOuTEjGEppwGV0A,Peter Pan Was Right,3.21,Anson Seabra,2022-04-29,2022,sad
3gr1pMLpDJGqErHhhl7dEO,thought it was,2.88,"iann dior, Travis Barker, mgk",2022-01-20,2022,sad
11qxqMIREbh5gZ5Iw1y3JA,WASTE,2.01,KXLLSWXTCH,2022-11-11,2022,sad
5vtyi1yKehULIL0Rq6NFdm,Waste My Life,2.03,Luna,2022-07-01,2022,sad
60hInhgu2rENboNLsvnyx7,washing off the blood,2.91,Powfu,2022-12-02,2022,sad
7lbOSEzB4oaEUKhXZ81m4K,Heem Wasn't There,2.61,Hot Mulligan,2022-09-23,2022,sad
3goBE7zXPoHScNY3Xbos7V,wasted - slowed + reverb,5.2,"slō, twilight, Tazzy",2022-02-11,2022,sad
2J4ttDRyA8SfsO4dUOmIBG,Waste Time,2.67,Fatboy SSE,2022-02-25,2022,sad
0M0hiWwyF25IK0IOZzHEp2,Up in Smoke,2.42,Sueco,2022-09-16,2022,sad
5JSma63K8as2QGJZcWP8Zs,I wish I was the same,2.83,Parker Jack,2022-02-04,2022,sad
1xbIki13HuFhWBeDN9cJAH,Today,2.19,Sueco,2022-03-04,2022,sad
3BFOZt5LkXJsLRGUxh8Niv,when she was mine,2.43,Zach Hood,2022-09-30,2022,sad
0UtHD3hSKIglnfYtnaXE1L,Sad Boys Don't Fold,2.67,Black Sherif,2022-10-05,2022,sad
00nSg6SIvNxjfhsrzbGSOI,It Wasn't Me at All,3.1,Caleb Hearn,2022-09-23,2022,sad
18Y7OxruInxpmQ2OYgPKZO,Wasted,2.02,Ollie,2022-07-08,2022,sad
4T2I34r3gQZFCI7IxJYCeL,Wasserentspannung,2.05,The Slumbering One,2022-01-14,2022,sad
6PDWMQJ55ZYrGrSx3EZzl4,The Exit,3.68,Conan Gray,2022-06-24,2022,sad
1SkzK37qLSi7Sp6PwYTC0A,The Prayer,3.65,Kid Cudi,2022-07-15,2022,sad
53zCCom4uEoIBaOAEJtjUL,The Good I'll Do,3.52,Zach Bryan,2022-05-20,2022,sad
5cDNzcok72q3HC0Lw6FyAR,The Beach (Instrumental),3.83,mxpheebz,2022-09-15,2022,sad
1ei3hzQmrgealgRKFxIcWn,In The Stars,3.61,Benson Boone,2022-04-29,2022,sad
2leovgVrJjIhnm85tKTemI,The Greatest Day of My Life,3.98,Zach Bryan,2022-11-11,2022,sad
6pamafD9p0K7FHfJPz6TYF,Open the Gate,3.91,Zach Bryan,2022-05-20,2022,sad
1ldUPmqrCvk6thNYe0oUen,All the Time,3.33,Zach Bryan,2022-07-15,2022,sad
5ePiRipYivQM29vGNr3S1a,The Outskirts,3.3,Zach Bryan,2022-05-20,2022,sad
7ciuALfxne17Z0YjGPwaBN,Wrapped in Soothing White Noise,4.78,The Clear Mind,2022-06-26,2022,sad
4tI1u9uQXYLnswRzcysxDo,"life, i'm over you",3.39,Zevia,2022-02-11,2022,sad
3BONaN9ZGSecM2fJX8CVds,Lo Que Pudo Ser,3.55,Herencia de Patrones,2022-08-05,2022,sad
2ha6TmK7Q3mejlvZNQuEBu,if depression gets the best of me,3.0,Zevia,2022-02-11,2022,sad
3ArvrXVP9QRUmKWRqzNYjO,till death frees me,2.77,Zevia,2022-02-11,2022,sad
3XnUVmYSrEloTMQDFux5FG,Her Body Is Bible,2.96,FLETCHER,2022-09-16,2022,sad
1qMMRXrcyfjbik6Mh1XRDz,Her Body Is Bible,2.96,FLETCHER,2022-06-24,2022,sad
6epj9ikSeuV6MMvyGjhYlZ,Everybody Loves Her,3.46,Vincent Mason,2022-02-11,2022,sad
6flGfLyx8vaTjB2t0qSOdE,Relaxation & Sleep With The Brown Noise,2.22,Herbird,2022-10-12,2022,sad
1WWWRzovrMoWWFbcLULarn,HER,3.87,Eddie And The Getaway,2022-08-05,2022,sad
5G3xEYsPbC4JZNkiDBuGjH,Her Last Words,4.07,Katherina Evans,2022-10-16,2022,sad
0gBImi8U4Ut1DOG5hZmmRz,Corazón Cromado,3.71,Herencia de Patrones,2022-08-05,2022,sad
0ifDCJKO7grUtZLQCFM2v6,Tuve Hermano (En Vivo),3.27,Los Gemelos De Sinaloa,2022-12-23,2022,sad
4YdJ3WFfs6R3MhbkLqVSj2,Sin Tu Amor,3.31,Herencia de Patrones,2022-08-05,2022,sad
7D4FzztA0zBvK4N3aCF0xx,why do i exist,2.57,Zevia,2022-02-11,2022,sad
1kypWGZmkoauBecnHL9stV,Hermosa,3.29,Diego Ismael,2022-05-05,2022,sad
2XFbYvY2KwsXNTAxgXRHR5,manipulation,3.85,Zevia,2022-02-11,2022,sad
6E1TO8kUYph2JFdA6ye6aG,Here to Stay,2.94,State Champs,2022-05-13,2022,sad
3tc1bDM9DFWZdLFnAz25ns,Here Come the Birds,2.68,Oh so Tired,2022-10-09,2022,sad
5ES7fcbFk24H67XUk82YGc,he's mine (you may have had him once but i got him all the time) - slowed + reverb,4.66,"slō, twilight, Tazzy",2022-07-27,2022,sad
4BcNht5dAevAmWHl4yikD0,he's mine (you may have had him once but i got him all the time) - slowed + reverb,4.66,"slō, twilight, Tazzy",2022-07-18,2022,sad
6nuOYIRmlyQIBZZ11Zmmr0,I'm Not Him,3.26,Braxton Keith,2022-06-10,2022,sad
6kQTef6YSzeGXRTHcnsbIW,Him,2.97,Isak Danielson,2022-04-08,2022,sad
5iQXa2h2nbw79Dnu5HD4O3,Him,2.97,Isak Danielson,2022-06-10,2022,sad
4pndUwQeoA5BeakhTTKBWT,Seeing Him,3.11,David Morris,2022-06-24,2022,sad
4vGOOxw6otkG2hgNyGvT9h,Don't Blame Him,2.8,Scorey,2022-12-09,2022,sad
4iaqSNOsWpegNk1oQyR1OV,Der Himmel Weint Tränen der Freude,2.05,Soft Soundscapes,2022-06-29,2022,sad
4l8fn2ZoNnc3vBBDFWXD7b,"Dard Dilo Ke (From ""The Xpose"")",5.07,Mohammed Irfan,2022-07-23,2022,sad
1FHDMYb9UWfw9TcVjlsEdp,A Sadness Runs Through Him,3.29,The Hoosiers,2022-11-25,2022,sad
29Nikr0CaKMrLzTroKX92Z,Texas,3.8,"Shaun Sloan, Landstrip Chip",2022-07-29,2022,sad
30hutwjA6GTQYmXKMVtzWI,Hoodie You Stole,2.83,Vinny Marchi,2022-11-11,2022,sad
6rQA0ztGyBlU5RRzdceo5G,Three Pieces from Schindler's List: I. Theme,4.41,"John Williams, Yo-Yo Ma, New York Philharmonic",2022-09-16,2022,sad
0MKL9N4iH6SSiuQnJFCI0s,Gulabo Meri,3.42,Himmat Singh,2022-05-06,2022,sad
0j2OKBdPVQv4VDQa9ENga3,i luv him.,3.76,Catie Turner,2022-12-16,2022,sad
7onLbJEZjADTmezCnSWND5,Soothing Deep,3.12,Focus Noise,2022-10-07,2022,sad
32jLpAriwqWXQu7uRFQPDF,Brown Noise Baby,2.37,Science Noise,2022-11-13,2022,sad
6OB7ui86XKzFm5TqvZkBR9,Baby Sleep Brown Noise 7,2.38,Exodar,2022-07-15,2022,sad
0sb1fCD9OSi43f1mMFbdsc,Sleeping Like a Baby with White Noise,2.4,Atmosphere of Calm,2022-08-07,2022,sad
1ZQy8egxYPNOwVVQmnpAjW,BABY NO,3.02,"Junior H, Tyan G",2022-11-23,2022,sad
6OFCzD4d8kjBOJHxz41gqA,Clean Baby Sleep White Noise (Loopable),2.37,Dream Supplier,2022-02-15,2022,sad
2InYISGssmeLsVXzLCC6iw,Hugging White Noise,4.5,Klangspiel,2022-07-17,2022,sad
7kqyhhEzhkR4aULBDV80dI,White Noise Vibrations,4.2,Scientists of Noise,2022-04-24,2022,sad
2JVO6M02HMNuW4lbWE8ocT,White Noise in the Cabin,4.42,Dream Fuzz,2022-07-24,2022,sad
1tK5k6HSQDKd46LpreI55I,Bright Sound,2.2,Only Noise Machine,2022-03-22,2022,sad
1mZrMMxn7NiWOHMOnbpJ3r,In Somnio,3.05,Zendium,2022-09-16,2022,sad
5uM7vIssqMbDXsUsHh49js,Calming White Noise Frequencies,4.05,Crystal Slowdown,2022-04-24,2022,sad
6C1WVY1WE6wXNXVAAZsb0x,White Noise for Relaxation,3.73,Nylana,2022-05-23,2022,sad
0EF1EE8zusg3Y869e56JFd,Nothing's New,3.52,Rio Romeo,2022-09-23,2022,sad
6XDBohkvajOwoqr8jHPjzQ,Those Eyes - Sped Up,2.79,New West,2022-07-20,2022,sad
0fvq2IsTx5ZZoQOb3eubSS,Sad News,6.22,"Kim Simmonds, Savoy Brown",2022-11-04,2022,sad
06A4xhv1svksI4XNoLeI1S,SOMEONE NEW,2.32,Phix,2022-10-14,2022,sad
0lmRKkc33g1N9fWW9nZPVc,"New Recording 12, Jan 3, 2020",1.55,Post Malone,2022-06-03,2022,sad
6EoK8dbBMZ4Kacz4SIYUlq,Relaxing Rain with Fireplace (Rustic Nook),2.25,New Bliss,2022-08-21,2022,sad
3KZxVGMNNzlEdZ2sGcqWze,"New Recording 12, Jan 3, 2020",1.55,Post Malone,2022-06-07,2022,sad
2ezY94QlqbDG0aYgKnpy9C,News At 9,3.23,Peter McPoland,2022-05-13,2022,sad
5qyVKhCoCHxZQymTWmxg9S,New Girl,2.24,Third Eye Blind,2022-04-15,2022,sad
2ePQwG2O6scTpHWaY5fpCb,Brown Noise Slumber,3.87,New Lab,2022-10-07,2022,sad
3BIGHuZmxYDq6F3lZAJlwW,"Sadie, Sadie",4.15,"Lea Michele, Ramin Karimloo, New Broadway Cast of Funny Girl",2022-11-18,2022,sad
0AyM0IFatgsJ9JGC0i8tVc,Too High To the Clouds,2.79,Chini,2022-01-20,2022,sad
3XzKuDoEmqQTjRREbtJLvI,New York Drops,3.13,Microdynamic Recordings,2022-05-02,2022,sad
7DKfeeL50a00yLuxIzPez1,Ex Last Night,2.59,Chini,2022-06-23,2022,sad
2NDOEKyrXaLACmtIL3h6Oq,Something New,2.93,"408, SadBois",2022-12-09,2022,sad
1srg1kxVsxeAP82V3CgIOj,Baby Womb Sounds With Heartbeat,2.57,Ultrasounds,2022-10-03,2022,sad
4owEuoiT7fwrqocNmarZZZ,The Saddest Melody,3.89,Chris Wonderful,2022-02-24,2022,sad
0pZ0FfXOUDdf28TNn4VDMQ,SOMETHING NEW,3.53,DUSTY,2022-09-16,2022,sad
7w2sr7OjFozyml1uxfJtuV,Act Like That,3.06,"State Champs, Mitchell Tenpenny",2022-05-13,2022,sad
5fLutr5oYFbDXjT1Fhgjy2,Shhh Shusher with Relaxing Beach Waves For Newborn Baby (Loopable no fade),2.37,Dream Supplier,2022-10-21,2022,sad
5NqUNHSCMW7ikeHXGFVIbN,Old,4.19,Sam Opoku,2022-12-09,2022,sad
3c26grDQqFpNlhclOxE6ol,Sad Old Saddle Songs,4.06,Cody Widner,2022-10-07,2022,sad
2vtOnpgqtpNhJe7TcmhUn6,Sad Old West Harmonica Story,1.27,TunePocket Music Library,2022-06-05,2022,sad
5cv2zmknjQEjHxDtr8UJjt,Old Rumbling AC,2.37,Back 2 Sleep,2022-10-27,2022,sad
7CMH45riW7cDwNUR8IskU1,Used To,2.36,KB Mike,2022-06-17,2022,sad
3sSHTLTTzaWxtVuABkbT7Z,Old Friend,3.45,Logan Michael,2022-10-21,2022,sad
2w9nvs1ByWUGkED4M0ug34,Unloving You,2.56,Anson Seabra,2022-03-22,2022,sad
2jBht07e0UE7kROyswZ0dp,Old Friends Like Lost Teeth,3.25,The Wonder Years,2022-09-23,2022,sad
6AAi8tL7pqRG5YGorPyKxU,Summertime Sadness,2.69,"LexMorris, HALUNA, Deep Mage",2022-10-14,2022,sad
6GN5Z7Hxupdf9ByRTB3NMh,Old Oscillating Fan on High,2.25,"White Noise Alternative, Fans & White Noise, Sounds of Fan Noises for Sleeping, White Noise Alternatives, White Noise - Baby Sleep Specialists, Restful Noises, Fan Sounds For Sleep",2022-06-05,2022,sad
17VUQ1ggId3hcWGVgoR1G3,Older,3.18,Sasha Alex Sloan,2022-03-23,2022,sad
5Alwl2gUFmRJOQ5gneCcEl,Insecure,2.38,KB Mike,2022-06-17,2022,sad
1KMEDSIl2j1NwYa9mgvMyg,Memory Lane,2.57,Haley Joelle,2022-01-13,2022,sad
5140RR7f2TJ8jqzA9uz81T,Keep Yo Head Up,2.52,KB Mike,2022-06-17,2022,sad
2iUvZcEgM3ikT6fj4n67oj,Sad,2.42,Bellestar,2022-05-27,2022,sad
4cSrS7Xl5NL8wnzN8mUR49,Thru Worse N Thru Better,3.09,KB Mike,2022-06-17,2022,sad
7AWuaR9svCWitTc7Qp9hLP,Beautiful Sadness,2.19,Denys Rybkin,2022-06-14,2022,sad
1sJn3yEremKSk4cKwRSLVl,deleting old pictures,2.6,Helve,2022-11-18,2022,sad
1agzAN03kBYjwhA4pDIG9o,Wooden Fire,4.03,Ray Karma,2022-03-18,2022,sad
6iFZEmLDKvoVp1AwFweH9L,Old Letters (OurVinyl Sessions),3.93,"Dylan Smucker, OurVinyl",2022-11-15,2022,sad
4u7441grXaQjT5EXqPGtBV,LOST,2.95,Thesanity,2022-06-18,2022,sad
5uBxWyHmRbUCzJ87E34MP8,Lost,3.03,Hayd,2022-09-09,2022,sad
5XqP42eeDnqBxpgRPs9n5s,Lost,2.81,Nathan,2022-01-06,2022,sad
3UjJBsZyUKofzHja2zaGY1,Lost Right Now,2.87,Trea Landon,2022-08-19,2022,sad
5dKAN40CfHqXP7hHDXtMtl,Lost In Noise,2.22,Libronics,2022-03-22,2022,sad
1eOX2sUPrmMAm0QJaglWiR,Lost Her,2.9,Spud and Cam,2022-06-10,2022,sad
4yod7y0TsugkHWYHJadxGW,Lost Files,1.73,DaDa1k,2022-09-30,2022,sad
0SkAhwaQTzxKE4luHN0H4m,Lost Kids,2.84,Josh A,2022-06-17,2022,sad
76FgezG42TX2HZlJrpbfEw,The Saddest Noise,4.52,"Christopher Tin, VOCES8, Royal Philharmonic Orchestra, Barnaby Smith",2022-09-30,2022,sad
0RC5JnfVC7XEcbMYMXGVpi,Lost In Da Wind,1.17,"JGRXXN, Lil XAV",2022-05-13,2022,sad
3JdtF8R9Jkj3NKECwUZ0xG,lost in the fire - slowed + reverb,3.81,"slō, twilight, Tazzy",2022-11-16,2022,sad
6txz9XxntwRsXu77vvVeki,Lost,2.9,"DempseyRollBoy, Shiloh Dynasty",2022-03-22,2022,sad
4DCQBSeQKI38vhT6yaiQO9,Lost in Paradise (Jujutsu Kaisen lofi),1.75,"Sad Gatomon, Lionel Vera",2022-05-09,2022,sad
05UM6ti6htSvEMBDymCCtV,Lost My Mind,2.11,"ZRobb, Shiloh Dynasty",2022-03-04,2022,sad
0h55heB6xDNh4hpWmtH71v,Lesson Learned,3.49,Vory,2022-06-03,2022,sad
6Zfbau8D22iN1fszkDootx,bruises,2.85,shamlo,2022-12-16,2022,sad
0hIY2JsmTNYn2bUq3RUmwJ,LOST IN LA,2.46,CASPIAN,2022-10-21,2022,sad
2rTTpXCsOkakJbVyO0anMz,Sad Birthday,3.26,"Simone Valentina, Leslie Johnson, Josh Goode",2022-10-12,2022,sad
1QgQaFGLSKrAHpGTPJhRCP,2HIGH2TELL,2.68,Dro Kenji,2022-08-05,2022,sad
6cATYcvsckD4senLxOylhf,Free Fall (Sad mood),1.98,Slot Machine,2022-09-16,2022,sad
7xKzjU5mvfUCv1yLkArOGG,SADIO RIYAD,3.21,"Freeze corleone, ASHE 22",2022-03-04,2022,sad
6VkFzWWbfS7MzrYBXd0vLF,Attack on Titan Rap (Genocidal Thoughts),5.04,"None Like Joshua, Tyler Clark, Sailorurlove, Sadzilla, Sl!ck, Johnald, Tre Watson, Freesoul, Callon B, Knight of Breath",2022-03-05,2022,sad
40A0f4gSfEgUtIxdrngA9c,Free and Clean - DBPC,3.03,J.R. Carroll,2022-07-01,2022,sad
0etRsfsZrWoOLhsHCfIYJ4,1AM FREESTYLE,1.88,Joji,2022-11-04,2022,sad
4c6vD6teZK61HgU78PlK5K,"Corrupted Files, Pt . 2",2.09,AMG Dolo,2022-11-10,2022,sad
1JkxV1x0JGvEZbJ6zFnoxv,Hey Now! (Car Freestyle),1.87,Toosii,2022-11-11,2022,sad
0XqQHl3RTK3wsvV48XxxJN,SET YOU FREE,2.05,DUSTY,2022-02-11,2022,sad
3aSvPPh6exlmU4vLRVcb9R,Old Freezer,2.11,"Help Sleep, My Sleep Sounds, My Background Sampler, My Background Sounds, My Sleep Aid, Home Sounds, White Noise Therapy",2022-06-28,2022,sad
4I5We3zm0o8WCeydM98xBO,CARTIER,3.13,"Freeze corleone, ASHE 22",2022-03-04,2022,sad
2HBZxjZDpqKgbmGx3gTZXt,Free Tiny Skull Intro,1.53,Big Sad 1900,2022-06-03,2022,sad
0WznoXt8wIyFRKUERFZA3C,Jungle Freestyle,1.27,Maliek,2022-01-05,2022,sad
2kfMweIMnXNJpb0DnEbGfO,free from missing us,2.22,"Ely Waves, Valera, 静的 Static",2022-11-11,2022,sad
4xurcIMFzsEQg47zgZYJyd,Same Slums,2.05,Rot Ken,2022-05-06,2022,sad
2T80KurdUSAljDdtAfRaUu,set me free (december),2.99,Ezra,2022-06-03,2022,sad
1FnFcGL3FqldmV3fnriZjO,Sad Song,3.36,Guap Tarantino,2022-04-01,2022,sad
0nxRxGU2aU4QACKWTUmDnN,Summer Sad Freestyle,3.78,"Mariah Reymundo, reymundo",2022-06-25,2022,sad
7LSoepUSYzI8GEYxkGKu1D,Free Throw,3.41,"Hxzz, Crxmson",2022-06-29,2022,sad
1U1uRmwu5zi8zcwEPoJrZI,WYD Now? [Feat. Zai1k & Zakhar],3.2,"Sadie Jean, Zakhar, Zai1k",2022-05-27,2022,sad
3rRKu7N2zRgb0pF9DLrrBI,by now,2.74,CKay,2022-09-23,2022,sad
2JxBHISFV4ISAE8VMngqWS,Over Now,3.7,Kameron Marlowe,2022-08-26,2022,sad
36QoWkqEaNWU5QC6w6jlx0,Your Bar Now,3.57,"Tyler Halverson, Kylie Frey",2022-05-06,2022,sad
0VfSrlmhPnrTvyd3IbKJlB,The End,2.98,Thomas Day,2022-11-18,2022,sad
3ioJCrux4SRbUtLOboCIdX,Now We’re Even,2.35,Brennan Savage,2022-07-29,2022,sad
7qpDY56Q1TaByNCFEC352t,Now We're Even,2.35,Brennan Savage,2022-03-25,2022,sad
1mjSUDQo1L1VwJ7mffO3JP,Adam's Ribs,3.24,Jensen McRae,2022-03-22,2022,sad
7xaA9kLM2NIlhPknpSdZSF,I Hope You’re Happy,3.0,Games We Play,2022-10-28,2022,sad
2vLw5OWVnptVEB4XDgKLHr,I Hate You Now,2.48,Lexnour,2022-07-12,2022,sad
5eBL4nPwEnlQSmjX6zCeOu,sad girls always finish first,3.26,Alaina Castillo,2022-05-06,2022,sad
1kFrfg16usCeiNl0OewQVs,Now What,2.73,thom.ko,2022-06-10,2022,sad
7mpKnAi7h49P4ZLZmKmgMO,Show Me Now Which Way To Go,3.99,Flatland Cavalry,2022-10-28,2022,sad
5MIhfLpd1fVmIUrTHNSP4E,Sledgehammer,2.4,"nothing,nowhere.",2022-02-04,2022,sad
61xEk8m8T6ezLbZs6yuxfc,Nobody Knows,3.72,Rayne Johnson,2022-03-11,2022,sad
0NTERlIxRBXKqEsr2zyK9Q,see me now,1.7,dyl dion,2022-02-17,2022,sad
6CbthPubOOC3AGzD3sjujk,City of Angels,2.23,gavn!,2022-07-29,2022,sad
62t0c4Em8wb5schUIwqlbM,Gone Break,2.29,"Big Sad 1900, Philthy Rich, WLA Stevo",2022-12-16,2022,sad
7LKVnFH8N84MuQ7RIOygru,Gone,3.75,Christian & Chloe,2022-06-10,2022,sad
4ObFZEXHQJcc8WQtqbCupZ,When Im Gone,2.18,LECADE,2022-05-27,2022,sad
565VkYvqOmtu7zNvj9Znm8,GONE,2.77,Boslen,2022-06-24,2022,sad
3yniO1zybRPbqBCXRExgrc,Gone Until September,2.72,"Big Sad 1900, 22nd Jim, Cypress Moreno",2022-12-16,2022,sad
7r5LPOSD61hU7cxmtQCQaN,Gone Gone,1.91,Reno,2022-08-02,2022,sad
1ynN7dkkujotC2rL31qX48,First Taste of Gone,2.88,Josh Ross,2022-02-11,2022,sad
2jiHsgUhzUGaAfTqc7Dqgg,Too Far Gone,3.3,Ryan Jesse,2022-09-30,2022,sad
31TRokpfafCscZwykk36VZ,dead the day ur gone,3.42,Matt Hansen,2022-11-11,2022,sad
1NC2vN3TJjQBmEYWB8aOhc,gone so long,2.07,"sorrow, Valera",2022-07-22,2022,sad
0NTNd6TFnyfdbrn1vELlbs,Gone (feat. Maisy Stella),2.23,"BC Fog, Maisy Stella",2022-01-28,2022,sad
4OdhgKh4HQO4LbdSOSg9AP,Gone,2.69,Sky McCreery,2022-11-11,2022,sad
0swDFB5jqSFUvzCz0ThwcW,Until You're Gone,3.99,Eddie And The Getaway,2022-02-04,2022,sad
52EGJl7FKR0S6hS6YFlXwG,Forever Gone,2.67,Nevv,2022-09-23,2022,sad
1qOUVa2f5Nymzhex0MH1sH,GONE,2.78,Landon Cube,2022-05-19,2022,sad
6HZn43u3KXalzTMTbrMMxq,too far gone,1.87,sorrow,2022-06-24,2022,sad
3Wa3kF2uEHWrJULSJpsJDz,2Far Gone (feat. Yatta Bandz),2.49,"3Breezy, Yatta Bandz",2022-11-04,2022,sad
4npD4az4oI41e9jTFbM14V,When it's gone,2.44,"Kyle Beats Collective, Matt Corman, Vwillz",2022-11-04,2022,sad
0W2rpqkyMHtQMSauY0G9at,Gone From Here,3.18,Burose,2022-11-18,2022,sad
545aY7x7OjFTd1WLqamqqi,Dead Inside (feat. gone 'til monday & ZillaKami),3.35,"Apel8, Gone 'Til Monday, ZillaKami",2022-06-15,2022,sad
62n4QxE0wLSDJnYYhsAVPd,Sad Acoustic Ballad Backing Track In A Minor - Remastered,2.97,Tom Bailey Backing Tracks,2022-03-24,2022,sad
673tAIKhHAuFmlLvM97cGF,Backroad Therapy,3.65,Alexandra Kay,2022-10-28,2022,sad
4Hq3ZYml7RLPYKcm8AA3Bn,'68 Fastback,3.22,Zach Bryan,2022-05-20,2022,sad
2G48x4jtg4uBSBAeawKmxQ,Sad Background Music BGM Lofi - Sad Songs Background,1.35,"Gaming Music, Chill Music Beats, BGM Beats Channel",2022-11-18,2022,sad
2qvVKtsYoKlRhzgIzJwu7b,Backfired (Remix),3.13,"408, Taylor Acorn, VNDETTA, SadBois",2022-09-09,2022,sad
0Tzwe4DT6IZpfIxxzUAnoq,backwards,2.31,ChrispyD,2022-04-01,2022,sad
4R5FQg7iVGBelBAOWnF1Dk,Back Home,1.8,"Beautiful Beats, Zach Smith",2022-11-25,2022,sad
1H4M2UAdhioNcjXUxvz4Df,Sad Music Background - Sad Background BGM,1.44,"Gaming Music, Chill Music Beats, BGM Beats Channel",2022-11-18,2022,sad
5d7oceAsE6R7IoHoB23qyW,Backseat,2.47,Sik World,2022-03-30,2022,sad
3KWR8SEGBcxMklHWsLHU42,Back Words,3.32,Jon Langston,2022-02-25,2022,sad
1iVBNnJwhjkqfNs24hH6YT,Sad Mood Sleep Background - BGM Sad Background Music,1.7,"Gaming Music, Chill Music Beats, BGM Beats Channel",2022-11-18,2022,sad
1VEBHl13HTNQX82pkSivoB,Back to You,3.38,Flower Face,2022-05-27,2022,sad
4a1BeAIF3COAK52u6xwO55,back to you,2.83,Alexander Stewart,2022-09-16,2022,sad
7edQuK93CnG7RVNG5utNzE,Backseat (All I Got),2.56,Sam MacPherson,2022-12-02,2022,sad
75N7bVRevFfnoG57hRQkaQ,forefathers - Stripped Back,2.73,Liam St. John,2022-06-17,2022,sad
20AY1MvQ1GuFIZUafDxG8q,Again,4.07,Aaron Lewis,2022-01-28,2022,sad
1DhfZOshsyvFAtfBsRJCmH,Again,4.07,Aaron Lewis,2022-01-28,2022,sad
3ZkWzx0DgUZOpM0ZSEluNW,Over Again,2.74,Hotboii,2022-12-23,2022,sad
6oOOI69XbmvAjPHziVMLYS,We'll Meet Again,2.95,maruwhat,2022-04-01,2022,sad
12U117TSsECDI6T2NNm3pn,never see a lonely night again,2.24,Sadboienola,2022-11-09,2022,sad
0ZXaq99U6V94nG0hTF4uN2,I'll Never Be Sad Again,4.36,Philip Labes,2022-04-22,2022,sad
2WsyOUBFIzE9ZihfXqtq1D,Little Rumbles,4.4,Nature Therapy,2022-06-22,2022,sad
3yduGwa7yRO12EtXVgenJS,again n again,2.66,Papi Flaco,2022-02-18,2022,sad
7gr8FKqezwQslxZ0uYG7X0,Emo Love,3.03,YoungBoy Never Broke Again,2022-01-28,2022,sad
7zyLSEUIg51USsOeNahzbu,Over Again,2.74,Hotboii,2022-09-30,2022,sad
6ISAU3gVAfvPjCOM16rnN5,Fool Me Again,3.55,Kameron Marlowe,2022-08-26,2022,sad
37gWIKIh2dSibcMD8TkaCS,strangers again,2.27,"sorrow, Valera",2022-11-25,2022,sad
2xW0Mvi5sTxyEnvcSWtIeR,never see you again,2.64,shamlo,2022-12-16,2022,sad
7i486TulfhsAzMItM2zChQ,i don't wanna lose again,2.73,Munn,2022-04-21,2022,sad
7EnUIoStv7mgTP9l2LNzOu,Sadness,5.02,Sorry...,2022-12-17,2022,sad
5ZqOroHhjSEfplIWQd9h84,Muscle Memory,3.43,Arm's Length,2022-10-28,2022,sad
3vqncwFkp7HynTUnsLxqWw,Family And Friends,2.96,Arm's Length,2022-10-28,2022,sad
4mChXwwU4xbiYIP7QQeLFP,Forever,3.57,Rod Wave,2022-08-12,2022,sad
2CXTSgSBlcPMOmCvm4U9Is,Around Forever,3.75,Randall King,2022-03-18,2022,sad
0Z2jM1r9jxusbMcwKOUIFZ,Forever In Your Eyes,3.3,Austin Williams,2022-09-09,2022,sad
3ORZLssvpQyXvlH9wKqa60,U WON'T BE SAD FOREVER,3.56,Imani Graham,2022-06-14,2022,sad
3TfDUStpnEVIlsNlgcKQgJ,die first,2.95,Nessa Barrett,2022-10-14,2022,sad
15yhaEBl6O9zCDwJHyCX5x,"nineteen, forever",2.45,DELIRIUM,2022-09-01,2022,sad
0TV4S8SieEbvL30hPu2Rjj,Low Tide,3.62,The Wonder Years,2022-09-23,2022,sad
39HJJEgUFZcnhH4ziSqomg,dear god,2.2,Nessa Barrett,2022-10-14,2022,sad
2dYkkmjE2RjNUm4OvPKFIc,It's Forever Live Jack,4.46,Big Sad 1900,2022-11-04,2022,sad
2lSQ0nE4J9p4WyacgJqzxm,Young Forever,3.48,Ryan Waters Band,2022-11-11,2022,sad
5dJ6HlXlZw4MvIkH9293M5,FOREVER 1 - Matisse & Sadko Remix,3.55,"Girls' Generation, Matisse & Sadko",2022-11-17,2022,sad
4EI0UptFrNzZEbktrFiy1n,forever stuck inside this mess i made,2.55,"Henry AZ, Beowülf",2022-10-21,2022,sad
4p3TRUoyOnojWImKatXTW8,dear god,2.2,Nessa Barrett,2022-11-18,2022,sad
1ObObvyjmHRZGGqRuXeWa2,Doors I Painted Shut,3.02,The Wonder Years,2022-09-23,2022,sad
72Qoc82gQa7p9r19LcSyJh,promise forever,2.49,Leo IV,2022-04-07,2022,sad
0QptSP5QrOcrXlLxEPlVLv,Get to Choose,2.97,Ryan Caraveo,2022-08-25,2022,sad
7m059kV1WgO9czlih2hDrI,forgive the world,2.48,Nessa Barrett,2022-10-14,2022,sad
7w8hDQenP6Q6etA4PGNbz2,SAD TONIGHT,3.09,WurlD,2022-02-25,2022,sad
5i7zzjyC4vCqFxPsyrjCpL,SAD TONIGHT,3.09,WurlD,2022-03-11,2022,sad
41jBiFco5MJMkmj2POzFA4,Hold Me Close Tonight,2.89,Sean Millis,2022-03-17,2022,sad
1kkgsgcU1b9ujqNvWb5scy,if i died tonight,2.51,Unicity,2022-07-08,2022,sad
73GgZnHZr3MPydIk0sN5Ma,Drinkin' Tonight - Sad Version,3.2,SixForty1,2022-11-04,2022,sad
7iHQHSwJO6ToV1BvS2Nl3K,Tonight I'm in Love on my Own,4.06,"Wicca Phase Springs Eternal, 8485",2022-11-11,2022,sad
2FEdAC3ZeNybfLdodh9a66,trouble / tonight,4.04,Ouse,2022-01-28,2022,sad
2fyKam9u9FyANwpchuEVV1,trouble / tonight,4.04,Ouse,2022-02-14,2022,sad
3HmR8UiSF9GOpcaqbnuIaU,a sky full of stars tonight,2.3,Leo IV,2022-03-21,2022,sad
14XbfDOctYgPcboGeSGrgC,Let's Leave Tonight,1.45,dyslm,2022-04-11,2022,sad
1MJ59jj6Pst3dvegIjqeK5,Sad Tonight,2.26,Joxic the Kidd,2022-07-22,2022,sad
2VugfgDD9KH3DST8x07FSh,If I Die Tonight,3.16,DaVinChi,2022-12-28,2022,sad
0YtAsGLmR3yhssZI18Ul1Q,Sad Tonight,2.26,Joxic the Kidd,2022-07-15,2022,sad
6E4DJsHFQXHTex4Muse9tl,Erase My Sadness 2K22 - Reloaded Extended Mix,6.77,"Dj-Elven, D-Myo",2022-11-04,2022,sad
309pC65DXIVp55yzEMRwAp,Dance with Me Tonight,3.38,Olly Murs,2022-03-23,2022,sad
1ujVQcYy4YbHg0mteFk630,Sad Tonight,3.25,HY'GON,2022-12-31,2022,sad
3pbdCCrSy9wSVQuJfK6y3F,SO SAD TONIGHT,4.1,Markos Morin,2022-06-20,2022,sad
4N7CHrzn1xnid5K09vofXk,I won't be sad tonight,2.69,Michel Bouchard,2022-04-22,2022,sad
1J8xbpJb9dRtWULcy7fXYX,sad songs,2.88,Hairu Tokyo,2022-08-09,2022,sad
32TQpydapcCkHdy1umyw0r,Dreaming of Thunderstorms,3.45,Sleepy Cow,2022-08-13,2022,sad
439jFoWzTGu7YiUfc3f33X,Dreamer,3.22,Drayton Farley,2022-09-02,2022,sad
5u7BfGhAyEdDOuE7SwKmPn,Dreamy Noise,2.38,Peaceful Me,2022-03-08,2022,sad
1OZbKo3py4dMsLDjc6CveI,dreaming,4.99,Lil Darkie,2022-06-06,2022,sad
1Gz2xbs16H1ZddHIpmQbxg,Dreamy Green Noise Waves,2.32,Noise Sleep Machine,2022-11-12,2022,sad
3XQcmUXD9q6RcF6CHCoYXc,White Noise Dreaming,3.73,Nylana,2022-05-23,2022,sad
52BYh1ck3NbzTBQVwZUaVv,Brown Noise Schlafhilfe,3.7,A Dreaming Machine,2022-08-07,2022,sad
7E4gPOFOQEsVCbZKP1THNl,When we first met,2.94,Lee Yerin,2022-12-04,2022,sad
3M214U0mwSm041GsQR3nrO,Toxic,2.8,BoyWithUke,2022-05-06,2022,sad
4ZUpTMKPYFTfJqamWFU9Zv,IDGAF (with blackbear),2.34,"BoyWithUke, blackbear",2022-05-06,2022,sad
3BiWvG9j7UqmyOvMdC0DgO,Scared of the Dark,2.9,BoyWithUke,2022-05-06,2022,sad
0Y2AiBpOVTg69UDxGozu4w,Drops During Dream,2.33,Alois,2022-02-04,2022,sad
7s5bkyULE2gi9UXNWOippx,Noise Dream,3.17,Zone Out,2022-10-06,2022,sad
1OkghYOWla3NByB6Lic9Y8,Dreamy Sleep,2.12,Latium,2022-08-27,2022,sad
1VQSPfjIMTtJ3PwTdUzJXP,Dreamy Creek,2.03,The Slumbering One,2022-01-10,2022,sad
1l651JzwUbe5RBw10qwS8i,Brown Static,3.27,Dreamstatic,2022-11-10,2022,sad
3cXrRnasvWajplyyPvKgmM,Raining Dreams and Slumber,2.08,The Slumbering One,2022-07-08,2022,sad
0N0h5lXc4HOiLgGb9EZi8m,Rocking A Cardigan in Atlanta,1.61,lil Shordie Scott,2022-01-29,2022,rock
2aaUTdC6YQqEZiQEk8wPxK,Rockstar In His Prime,3.01,Juice WRLD,2022-03-18,2022,rock
0O6u0VJ46W86TxN9wgyqDj,I Like You (A Happier Song) (with Doja Cat),3.21,"Post Malone, Doja Cat",2022-06-03,2022,rock
7l9IqDtVWJurTvkQHq1BGh,she's all i wanna be,3.45,Tate McRae,2022-05-27,2022,rock
5lGbPQlAf985dbQwKs3SeU,Rock-a-bye Baby,1.84,Adam Hart,2022-11-25,2022,rock
00VdDbvqER2wOQ1teWk3PD,Rock-A-Bye Your Bear,1.36,The Wiggles,2022-06-17,2022,rock
4FyesJzVpA39hbYvcseO2d,Just Wanna Rock,2.06,Lil Uzi Vert,2022-10-17,2022,rock
54ipXppHLA8U4yqpOFTUhr,Bones,2.75,Imagine Dragons,2022-07-01,2022,rock
2B664ulJSVBd6B8SAY3Wux,Oysters In My Pocket,2.71,Royel Otis,2022-03-10,2022,rock
3c9kVsKF68xMzlS0NikVn3,Masterpiece,3.44,Motionless In White,2022-06-10,2022,rock
62tpqwiCIzmavloVspkAnc,Hibachi,2.05,AK The Menace,2022-02-25,2022,rock
3BlBgTuUlGKFO9EhhnJZhA,Rock the Casbah (Ranking Roger),4.35,The Clash,2022-04-06,2022,rock
7xOB82ELg70RoIM3mMTkt4,A Symptom Of Being Human,4.14,Shinedown,2022-07-01,2022,rock
3CIyK1V4JEJkg02E4EJnDl,Enemy (with JID) - from the series Arcane League of Legends,2.89,"Imagine Dragons, JID, Arcane, League of Legends",2022-07-01,2022,rock
0kYMwaQWABTkFff8AZjmYI,Hayloft II,3.58,Mother Mother,2022-01-28,2022,rock
5Jpj3lCgX06bu6STIjUYKN,cough drops,2.73,almost monday,2022-10-05,2022,rock
3dvXRk7TZ929m21p49RR5P,Mariella,5.18,"Khruangbin, Leon Bridges",2022-02-18,2022,rock
4R6Rh75hGceh7bymGlL81D,The Grey,4.11,Bad Omens,2022-02-25,2022,rock
73QoCfWJJWbRYmm5nCH5Y2,Sign Of Life,3.67,Motionless In White,2022-06-10,2022,rock
4TimPYqOYhADswKpOzfNTw,Rockabye Baby,3.63,Nursery Rhymes ABC,2022-01-07,2022,rock
0Dj5In1Q2j4SrzrI4R9p7G,Rock Me Amadeus - Full Length Gold Mix,3.77,Falco,2022-07-01,2022,rock
3B7ww7BtZcb2MD46JiQuqt,Rock Mi Nice,3.29,"L'Entourloop, Kabaka Pyramid",2022-06-10,2022,rock
0Tkgl0sQyr6QO0IGmS8aa5,Scoring The End Of The World (feat. Mick Gordon),3.81,"Motionless In White, Mick Gordon",2022-06-10,2022,rock
25wdC7CJmCJPgnKw9rYquJ,maybe (feat. Bring Me The Horizon),2.84,"mgk, Bring Me The Horizon",2022-03-25,2022,rock
7sA2SKTo1QbTSSYn5YvJC4,Sharks,3.18,Imagine Dragons,2022-07-01,2022,rock
7JJshKQ0Wlu6bZwqamulCE,"Me, Myself & I",2.96,5 Seconds of Summer,2022-09-23,2022,rock
4otwFzkVBdVNTBu7gxJA4A,THE DEATH OF PEACE OF MIND,4.02,Bad Omens,2022-02-25,2022,rock
50eJOxJiGmJ7PBZaTKpje1,make up sex (feat. blackbear),2.04,"mgk, blackbear",2022-03-25,2022,rock
7h2EZbGSzzIGgAFzJXHz99,Like A Villain,3.51,Bad Omens,2022-02-25,2022,rock
4xAmbn7xiy6wGOs4oaxv70,Call Me Little Sunshine,4.74,Ghost,2022-03-11,2022,rock
3381KgaT7kBV2Cuno9scbe,Medicine,4.24,Momma,2022-07-01,2022,rock
6AOtbyvDC715zR8yG75juD,Rock My Kiss (From the Amazon Original Series The Boys Season 3),2.43,Miles Gaston Villanueva,2022-06-03,2022,rock
4Xkxm69Er43JCtFAl6vBUR,Rock My Kiss,2.43,Miles Gaston Villanueva,2022-07-08,2022,rock
1nPtZ8OtmKeyYZhbMAYbQP,Rock and A Hard Place,3.46,Bailey Zimmerman,2022-10-14,2022,rock
1QLMOpJ9hjifk5pEiJdXMN,Rock and A Hard Place - Acoustic,3.46,Bailey Zimmerman,2022-07-15,2022,rock
6gfUOprNMeD8amncMOSFl0,Misery,3.2,Memphis May Fire,2022-06-03,2022,rock
0E0kxko3i9b5JxxMoGH3At,My Life,3.74,Imagine Dragons,2022-07-01,2022,rock
2ah5gOCogw00A62XBoepmc,Miracle,4.07,A Day To Remember,2022-07-21,2022,rock
6W9CY1yt4FoAi2vKiqQLz0,Misfits,2.97,"Magnolia Park, Taylor Acorn",2022-11-04,2022,rock
7JEnT0uFWcwZqNZWv7hC9N,Mil Horas,2.81,Los Abuelos De La Nada,2022-05-06,2022,rock
3PfKcvxiL8J9SQpJTEkiYV,Rock And Roll Cowboy,3.21,Jason Aldean,2022-04-22,2022,rock
7vRvhermc7V6bb9AY7Uiuk,Midwest City,2.3,TRSH,2022-10-07,2022,rock
5XUuldRjPXcP5QxyEN4IXT,Voices In My Head,3.19,Falling In Reverse,2022-05-31,2022,rock
04rzwxnFGsFYeP3rqE1s3U,My Mother Wants Me Dead,1.76,carolesdaughter,2022-04-08,2022,rock
4ZwvTeIpKafwcNxQEsUm4D,Make Believe,3.82,Memphis May Fire,2022-06-03,2022,rock
26vtFc2QpDI4yZ69B3qC1i,cut my hair,2.94,MICO,2022-11-21,2022,rock
2xnIV4DQp2D0qVHCQYRIn9,Twin Flames,1.73,Midrift,2022-12-09,2022,rock
6ZKf5iI8w7QW0GsmPr3Egp,Mirror Twin,3.72,Harsh Symmetry,2022-08-10,2022,rock
26Q52oBMmeWXhlqPoId7WD,rock your hips tanging cypher (I Hear),1.06,MikeOnaBeat,2022-04-06,2022,rock
6HXiIgm02ihGmIb9KkZhsa,rock ur body jersey - instrumental,1.46,ProdByAbnormal,2022-12-30,2022,rock
6GYjvYvtISBM4N0HhU52BV,rock ur body jersey - slowed instrumental,1.72,ProdByAbnormal,2022-12-30,2022,rock
3T5ooC2DyJxxcIg6Owu1rK,Rock Your Hips - Radio Edit,2.73,"Jake Shore, Mike & Me",2022-04-28,2022,rock
55jIx6U51Y9lplQtYeAKb9,Rock Your Body,4.45,Justin Timberlake,2022-05-26,2022,rock
3O3Cd9CKiqj4XJBftGhbEI,Rock You,1.62,OWEEK,2022-08-24,2022,rock
3vMZvXjkzFvjnS7pj1efgF,Rock Your World - Handsome Tiger Remix,3.51,"Chubby Cree, Handsome Tiger",2022-06-17,2022,rock
3jcZhY8ncLIr112Hb4jTYi,Toad Sings We Will Rock You,2.08,Toad,2022-06-03,2022,rock
5NL4Z4UexKu7BDdilyhzQZ,You Got the Love,3.22,Rockin Moroccin,2022-12-16,2022,rock
5hnna0Vg6GedBn6qLVZ8X1,Rock Your World,2.47,Chubby Cree,2022-06-03,2022,rock
2i1f0InmBvFfY7ATnLnzSe,You're Part of It,2.95,Ben Quad,2022-11-09,2022,rock
7skjp6YGT0NV2FZfSodNS2,You Don’t Go To Parties,3.26,5 Seconds of Summer,2022-09-23,2022,rock
6JU4seYQ2nAMCsgktdau0Q,Wish You the Worst,2.39,Ryan Mack,2022-05-18,2022,rock
3P050MLfwv3VOVS7uTSqlJ,Rock Is Dead And You Killed It.,2.6,Aberdeen is Dead,2022-04-24,2022,rock
4iwjEJYExvmBM5w75RTuLv,Dangerous State of Mind,1.93,Chri$tian Gate$,2022-07-08,2022,rock
3UxXEGw1UDAL4KBooq2VxY,Therapy,3.36,VOILÀ,2022-10-07,2022,rock
2VMs3LPD0pKKD3z55ZmnVH,Kryptonite (Reloaded),2.63,Jeris Johnson,2022-10-28,2022,rock
5HzzX50DHXyoIQD8YKF1pA,Just A Dream,3.91,Spring Fever,2022-11-04,2022,rock
6rdga62e70bV9Mll0X8UJ5,Drinking with Cupid,2.88,VOILÀ,2022-10-07,2022,rock
7l4mdOTSYwOayDaHc3s0PV,Paralyzed,2.72,Sueco,2022-03-04,2022,rock
2vu1nIRJXcVrx5yLClJIYX,Soda Pop Rock,3.13,Black Pontiac,2022-09-09,2022,rock
2GU6Bs3fT1Z2PtvS39LeC5,Rock Island,3.83,"Eddie Korbich, Nick Alvino, Jordan Beall, Ronnie S. Bowman jr., Phillip Boykin, Curtis Holland, Drew Minard, Sean Montgomery, Lance Roberts, Daniel Torres",2022-09-23,2022,rock
3AgbJ34SBBqsSXSnAS7CgU,Monster Made of Memories,3.09,Citizen Soldier,2022-12-14,2022,rock
21ENNo8kFmOyrQiFfRibSS,Island Glow,3.63,Dirty Heads,2022-08-26,2022,rock
6JhVAGSbmo5rJ1mx6uZieV,Mind Of Mine,2.74,Lø Spirit,2022-05-13,2022,rock
63L4Sbljg41yzh48WfBSlL,Lolita,2.6,VIOLENT VIRA,2022-09-30,2022,rock
7b58a2CBQMMNjSX0aYfvCc,3days,2.86,MYTCH,2022-03-24,2022,rock
3gYO93VokPAW9XME9rThTQ,Pull the Plug,2.53,VOILÀ,2022-10-07,2022,rock
4yhW733bxqWZuzGcq5yO0w,Drop Dead Gorgeous,2.7,VOILÀ,2022-10-07,2022,rock
1kpJJ0gDlq74CbeRBTy7Pa,I'll Save Myself This Time,2.68,VIOLENT VIRA,2022-08-21,2022,rock
09gwNkeuRJhS1Ryb3sNp6V,Going Ghost,2.82,Jeris Johnson,2022-02-03,2022,rock
5ISHFvPLUqKz2JfDRtwnb2,忘れてやらない,3.72,結束バンド,2022-12-25,2022,rock
6EQc49wgMiNE8BiJ6XrFUu,wasting time,3.96,HOAX,2022-08-31,2022,rock
47xVHFTtByhvrYFZCi0Fgh,忘れてやらない,3.72,結束バンド,2022-12-25,2022,rock
01VbCa15MmvNg3KMOfoHa2,Loser,2.23,Sueco,2022-03-04,2022,rock
26qigRagi9CRNhbGYajKOS,Petals on the Moon,4.28,Wasia Project,2022-12-09,2022,rock
0eLXdwrMjL7kHzpob9zXli,Life Was Easier When I Only Cared About Me,3.85,Bad Suns,2022-01-28,2022,rock
65w3ZocHL5lQgo3B2HYghM,WASTED,3.06,Demi Lovato,2022-08-19,2022,rock
6FDzlEOK29XWew1qfnGhaU,impossible,4.49,Wasia Project,2022-05-10,2022,rock
26LC5cEC5qPsZJ2B7A2Jcp,Sober/Hungover (feat. Arizona Zervas),2.82,"Sueco, Arizona Zervas",2022-03-04,2022,rock
0JqBIJufACvUQrJwRJWyAh,American Badass,3.22,Chris Hosier,2022-09-23,2022,rock
79w5oc04QaB15czB3qO95w,Stranger,2.21,Stellar,2022-09-02,2022,rock
6jhXKtGJ3pTyr466mX8AE3,what a waste,2.22,"Ciscaux, 1nonly, Shady Moon, Wassup Rocker",2022-06-22,2022,rock
4PXjrpBSAXim7Zm0W3yVjQ,I Was Neon,4.05,Julia Jacklin,2022-08-26,2022,rock
171ocfR3MbBvlNCQgVRrs4,Wasting Your Time,3.86,Rum Jungle,2022-05-31,2022,rock
3oWcFWnxGzbcJSrQxZOdBZ,Wasted Days (feat. Bruce Springsteen),4.52,"John Mellencamp, Bruce Springsteen",2022-01-21,2022,rock
3k41ZHvuyTv2xCcJMv6O4R,Wasted,2.48,Haiden Henderson,2022-10-21,2022,rock
6k0X05danQOXSBTVek5DU1,The Rumbling,3.68,SiM,2022-02-07,2022,rock
1HVYQj4liQb1QOygBfjZqV,The Boat I Row,3.97,Tame Impala,2022-02-18,2022,rock
1UcyzhmBDfdw07DiuT7DEG,The Perfect Girl - The Motion Retrowave Remix,3.02,"Mareux, The Motion",2022-05-16,2022,rock
2OYtcqflvzQwh3cMPmTHs4,There’s Fear In Letting Go,3.92,I Prevail,2022-08-19,2022,rock
0NHivL340G84GxbGZs95rS,The Wolf,5.62,Whiskey Myers,2022-07-29,2022,rock
3k2kIiJqUiIP49iUcOLpWT,The Place Where He Inserted the Blade,7.22,"Black Country, New Road",2022-02-04,2022,rock
3vpExnwLTZAtpZnNXGjdG8,She's Your Baby (Now Rock Her),4.26,Kid Rock,2022-03-21,2022,rock
3SsJ17EnPIu1B4GZshqjIS,Feel The Fiyaaaah (with A$AP Rocky & feat. Takeoff),3.16,"Metro Boomin, A$AP Rocky, Takeoff",2022-12-02,2022,rock
1kF9vY7s9DlcPtJFCMyA3k,her smile,3.93,Keanu Bicol,2022-04-06,2022,rock
7Cva2EgJougx6O6M5xgWAq,Here to Forever,3.77,Death Cab for Cutie,2022-09-16,2022,rock
6eu5juAZhsE7gNzcdf1mdA,why are you here,2.93,mgk,2022-06-24,2022,rock
3L9A9wurlV4eFYaVU1jcNl,Here I Am (Classic Version),4.61,Bryan Adams,2022-04-01,2022,rock
2ekuCVeLxqg1LOp06pMNoY,Here Comes the Sound,3.42,Stick Figure,2022-09-09,2022,rock
5CGHz1NooL6B261FcBxQJR,Hero,3.07,TARUKI,2022-08-26,2022,rock
1Eytlq1Q4PkDT8cK8apihP,rock n' roll,1.94,lil hero,2022-02-17,2022,rock
1YrCvM2AO0L9EAB50MVQmC,I’m Here,4.14,"SEGA SOUND TEAM, Tomoya Ohtani, Merry Kirk-Holmes",2022-12-07,2022,rock
27jhnberlYbjEgL3oFL4BA,Rockin' Around the Christmas Tree - Re-Recorded Version,2.1,Brenda Lee,2022-09-30,2022,rock
2xG2IpH5h0cOTdNq6rHjju,Rock and Roll Is Here to Stay,2.46,Danny & The Juniors,2022-07-08,2022,rock
57rogdHqscSQZKsiV1eEW1,The Hero,4.72,Nathan Wagner,2022-08-19,2022,rock
2ESPygSIxttGwCUUxlp5ex,Heroin(e),3.32,Eva Under Fire,2022-09-23,2022,rock
10nd0tq8g3fFpCM4hkgHFR,Woohoo,3.74,Fleshwater,2022-11-04,2022,rock
7sS9l7KI8S0hh984RdtTTh,Baldpate Driver,4.23,Fleshwater,2022-11-04,2022,rock
5bePmQwfdtOt8COXwhgnLE,Here Comes The Sun - Lullaby,4.19,Lullaby Rock Stars,2022-12-02,2022,rock
6SfE7sBuwFe2RdQ4EvlukB,HIM,3.58,Tokio Hotel,2022-11-18,2022,rock
6P0RocRd21jJxs3E9vQoNH,ひみつ基地,3.87,結束バンド,2022-12-25,2022,rock
0E1aGd78m6l0qPwrjTjSpn,"Human Nature 7""",3.79,Michael Jackson,2022-11-18,2022,rock
4tpMu9x5sD25gtzSpSoVe6,HIM,3.58,Tokio Hotel,2022-04-08,2022,rock
2mnre2md1XMUiu74bLAd9A,DUMP HIM,2.58,Haiden Henderson,2022-10-21,2022,rock
4hzl9q72gHXEW40ftHWX6i,Himawari,4.47,deadman,2022-01-21,2022,rock
5akM0LFkz4hestrMBLbfxC,Richer Than Him,2.13,Kankan,2022-09-30,2022,rock
14js1KdzK6dBLb9iW9Kd7x,Hope Has Come (Behold Him),4.69,Red Rocks Worship,2022-11-04,2022,rock
6Pk9SrYcNROzVANFESonWh,Doppel G,2.05,Pashanim,2022-09-28,2022,rock
1O8Z5URYRvYs8O8Qo1Uuja,犬姫,3.09,QUEEN BEE,2022-02-16,2022,rock
1zlR97Oe4pHi8CIX2T0JAK,Rock-A-Bye,3.64,Thomas Newman,2022-12-30,2022,rock
43SgbfsWPm8aqBAQngA1vv,21,2.33,Pashanim,2022-09-28,2022,rock
01pemiis9ttYA9ZxMaZVg7,Ferragamo,1.63,Pashanim,2022-09-28,2022,rock
4wXJldkJcvxENCYs5ghbNj,Milano,1.69,Pashanim,2022-09-28,2022,rock
3uCz1ghL2RM8rDWDKSbH0Z,DUMP HIM,2.58,Haiden Henderson,2022-09-16,2022,rock
1mmQbL1wui3LYQVAcxNN5w,Praise Him,4.57,The Sweet Mercy Band,2022-04-27,2022,rock
56MDdzieU2dTT3YLpCdpcA,BMW,2.02,Pashanim,2022-09-28,2022,rock
1uurlpdGz6HHLhrWfwsfTa,Himno de Mi Corazón,3.47,"Lucho Sellan, Gaby Echevarria",2022-01-02,2022,rock
3hs2bm3LZA5WjV74nGixIN,Himalaya,3.2,"La Familia Torelli, Don Cosmic",2022-03-18,2022,rock
62hcyKokmeCaAS56X7Z99R,Rock & Roll Baby,5.96,"Yelawolf, Shooter Jennings",2022-03-11,2022,rock
4FNgpuBFIkAvv5n4uQ5qxc,Baby K,2.37,AK The Menace,2022-02-25,2022,rock
0ZeFBtxHonIwxDYMu1JgiA,Baby Boy (feat. Beyoncé ),4.11,"Sean Paul, Beyoncé",2022-11-11,2022,rock
5a6WZ0IfVbLjkKX8v4mlG8,Rock a Bye Baby,1.43,"Baby Fruits Music, Lullaby Baby Fruits, Nursery Rhymes Fruits",2022-02-10,2022,rock
6BKAVdhhqFJHjP0AW083Nq,Rock a Bye Baby,2.22,Tanya Damer,2022-03-29,2022,rock
6DIMM15oo3kxnCuVypaYGy,Give Up Baby Go,4.28,Peach Pit,2022-03-04,2022,rock
3I31ZqTMemYn9LqnZf5cJt,Rock A Bye Baby,1.59,Bianca Fuentes,2022-10-14,2022,rock
0KHh3vd9nHv8k4D1o8wpjq,Rockabye Baby Lullaby,5.48,Leigha Marina,2022-10-28,2022,rock
0Bpbq5AO6D5rdXTZuGzksX,Rock N Roll,1.98,BabyFaceWood,2022-05-24,2022,rock
3jQEZmqZr00oX3iL56ecSY,Cannibal Girlfriend,2.88,Baby Bugs,2022-09-09,2022,rock
0rvbAyNaRgIZOuoyOCKi3H,Rock-a-Bye-Baby,1.68,Sleepy Moon,2022-12-23,2022,rock
5WHmemwtslEpxXkIb6mfRq,Baby Vendetta,2.96,RØRY,2022-09-17,2022,rock
1MHGgjXOt1Mz9sRlH6ExJu,"Baby, Let's Play House",2.23,Austin Butler,2022-06-24,2022,rock
4s063dTrg9T3nSvgddqBHX,"Rock and Roll, Hoochie Koo - Single Version",2.9,Rick Derringer,2022-07-01,2022,rock
4g877axrVC8aXyxF9TSphL,Baby's Breath,4.21,Trophy Wife,2022-11-15,2022,rock
52CwDGRLe2wwKQGy7VC7Zu,Baby I'm Coming Home,3.15,The Black Keys,2022-05-13,2022,rock
1X7GzJJjbscnRv3fSK5S0D,Rock-A-Bye-Baby,2.38,Dybvik Guitar Trio,2022-06-24,2022,rock
26Oe28YZ5hHqi2sV0S7DpD,Rockstar,2.51,570JV,2022-02-28,2022,rock
64dLd6rVqDLtkXFYrEUHIU,New Gold (feat. Tame Impala and Bootie Brown),3.59,"Gorillaz, Tame Impala, Bootie Brown",2022-08-31,2022,rock
00dy6TraGvfpGy9TbCkRO6,Rockabye,4.17,"Clean Bandit, Sean Paul, Anne-Marie",2022-12-02,2022,rock
62h8709cQe3S3nOWvFExpN,New God Flow.1,5.96,"Kanye West, Pusha T, Ghostface Killah",2022-04-01,2022,rock
7MeUIqIult5UcrbW9Eutso,New Year's Resolution,3.32,Tutankhamun,2022-11-25,2022,rock
5FKKjiUjOXu9Kinlkc1VzA,Hungersite,7.11,Goose,2022-06-24,2022,rock
7flN6MxB2SlRgnu9AhiLxz,Change In The Weather,3.71,The Beths,2022-09-16,2022,rock
2coR1XqZU7hudxPST5KbGL,New Fascination,3.34,Drugdealer,2022-10-28,2022,rock
4eniDccFw5yQ1eckEM32Ex,I Speak Jesus,3.89,Newsboys,2022-09-02,2022,rock
4CMX86HeqhcmP1ou1szGKN,New Gold (feat. Tame Impala and Bootie Brown),3.59,"Gorillaz, Tame Impala, Bootie Brown",2022-11-18,2022,rock
1QrUVQTmRV2gOmg8tby37B,New York,3.25,Geskle,2022-07-12,2022,rock
5novzAU1DcU1A3XpNYgpeE,Borne,5.01,Goose,2022-06-24,2022,rock
5SGCyY6IbNSyGx6nm637mV,Sierra,3.4,54 Ultra,2022-04-08,2022,rock
4qtRBRNDFVbZ2kk3BEaRf3,pg.4 a picture of three hedges,4.16,julie,2022-08-10,2022,rock
2DyDyOW1hRYFFaMhBCAHJ9,Kill The Noise,3.14,Papa Roach,2022-04-08,2022,rock
5biymVSAEyTOTG06L38AfX,New Song 5,4.29,SWEET SPINE,2022-07-23,2022,rock
3L7cBON6ECoOcgVDFutAf2,Paranoia,1.96,KENTENSHI,2022-01-21,2022,rock
3IZVcI4XBomuSZTF6CBd28,Old Sunrise,5.38,Stick Figure,2022-09-09,2022,rock
56m8Wv3qRBfwLuO08GtfHs,Like Glue,3.88,Sean Paul,2022-11-11,2022,rock
56LNNaTpa4fNuduLV6S0zs,Old Man,3.47,Beck,2022-09-25,2022,rock
5WavgurgGX48eZv1q1E3on,Gimme the Light,3.8,Sean Paul,2022-11-11,2022,rock
5WdMBJD7V5CVBTBdE2at2D,All I Need To Hear,3.51,The 1975,2022-10-14,2022,rock
5nWsaKPbHG8UpBqkaBJGrE,Beer With My Friends,3.02,"Kenny Chesney, Old Dominion",2022-08-26,2022,rock
27SREUJRjW5r55ALQzCQbM,Whole Lotta Shakin’ Going On,2.86,Jerry Lee Lewis,2022-08-05,2022,rock
3YYnFEXCLNbaWuC0hIEnIS,Patient Number 9 (feat. Jeff Beck),7.36,"Ozzy Osbourne, Jeff Beck",2022-09-09,2022,rock
3bLuiLSi7aYHTSABCQxdbb,Jailhouse Rock,2.59,Elvis Presley,2022-02-18,2022,rock
6pyv2vYzOA2qlyWBIXRiVK,Live And Let Die - 2022 Remaster,3.06,Guns N' Roses,2022-11-11,2022,rock
4l9rJRwlaMnPYD5DJtIIFo,Hound Dog,2.22,Elvis Presley,2022-02-18,2022,rock
4DeIpRG54zDGRyhU03kx7B,Jump Around (Pete Rock Remix) - 30 Years Remaster,3.94,House Of Pain,2022-07-22,2022,rock
2YgjwTiG85B2tvqmdRNpba,La Grange,4.69,ZZ Top,2022-07-22,2022,rock
6kAOsnRUgp21bPiUoVZeuJ,Patient Number 9 (feat. Jeff Beck),7.36,"Ozzy Osbourne, Jeff Beck",2022-06-24,2022,rock
2XvVueul226rT8g4DQuKSK,Killed by Death,4.64,Motörhead,2022-04-15,2022,rock
74dJdWzKwtxV5s77GOsa8w,OLDER,3.37,Alexander Pappas,2022-05-20,2022,rock
2MRT1DuYnhrmgEJiYAFwXS,Getting Old Sucks (But Everybody's Doing It),3.74,Bowling For Soup,2022-04-22,2022,rock
590kPnL271V85NVSui784W,Lost and Found Freestyle 2019,2.91,"A$AP Rocky, Tyler, The Creator, Nigo",2022-03-25,2022,rock
4frc8rYiPP7oHmxEMh3LHR,Lost In The Grandeur,3.83,Korn,2022-02-04,2022,rock
0BpRdpbGMQ18OLpU0r0kPb,LOST IT,2.77,"Layto, P!X!E",2022-06-17,2022,rock
3d1rPXAFydkR2nU8IaN8uz,Lost Grace,2.64,Earthists.,2022-06-22,2022,rock
0HoONlhPVyEh5xD47apcWa,Lost,2.56,Charlotte Sands,2022-03-04,2022,rock
44hWGHo30hbaZsGN319k56,Lost Dawg,2.23,Scarlet Demore,2022-09-09,2022,rock
6c3evn4QmcAuigTxBRoqq8,Lost It,3.48,Talking Points,2022-12-02,2022,rock
68Xzn8inCgRs7AEMZoKYPq,Lost Honor,3.99,Surf Curse,2022-10-07,2022,rock
0oTelkAghhQaETjlp6QXt3,Devils in the Canyon,3.43,The Strike,2022-10-14,2022,rock
3IXBvJvpUHNwwqnjzNg7Ih,Overtime,4.56,The Strike,2022-10-14,2022,rock
6p02LF9DY2YP04qofdzWoz,FOURTH GEAR CYPHER!,3.73,"slayr, TheHxliday, Yung Fazo, osmkapo",2022-04-22,2022,rock
2mi1xbmtKoyL15m88Eh3yL,Hoodie,3.38,Lost Stars,2022-04-22,2022,rock
0VUnK5QjwA7t5r5B15S0K7,Lost In Doubt,2.62,Fame on Fire,2022-03-11,2022,rock
41BwZHot0x72eob0eQGmcO,Lost Honor,3.99,Surf Curse,2022-08-10,2022,rock
6HQyMcS7Er5V4yOMxsYy2n,Lost In Doubt,2.62,Fame on Fire,2022-07-22,2022,rock
2S4CpQrVL5ATJIZ543lrcH,Self-Made Black Hole,4.25,"LANDMVRKS, Resolve",2022-03-18,2022,rock
6ZkBrEp64oV6d3HTUvMDHp,Lost Cause,3.04,MYTCH,2022-09-02,2022,rock
49H04onjBEDXLBEEdqUMFw,Lost In The Moment,2.55,Blanks,2022-07-15,2022,rock
28Z4IeW9azaCyVMQpJtyp7,Lost Meaning,4.53,Cloakroom,2022-01-28,2022,rock
78j4ofmdczUKjv5DXSTqEi,OXOX,2.53,"Dutch Melrose, Lost Boy",2022-08-18,2022,rock
7ub59vgVaO2lr8aPLEyVcz,Free Bird - TOTEM Remix,2.77,"Lynyrd Skynyrd, TOTEM",2022-12-02,2022,rock
6yx0b2fX0JegQZFsYdLFwl,FREEDOM,3.1,Ado,2022-01-26,2022,rock
0kdIxHnIj3Tk9tcj1fOUaH,Free Them (feat. Teddy Swims),3.21,"ONE OK ROCK, Teddy Swims",2022-09-09,2022,rock
1kqDm9FgV3DHWVYPxJ2J4c,Free Your Mind (with Surfer Girl),3.15,"Tropidelic, Surfer Girl",2022-08-05,2022,rock
0Al3zC2W2OYmB8yoRS7Yen,Bretman Rock Freestyle (feat. THANKQ and Devin Cheff),1.82,"8RO8, Devin Cheff, THANKQ",2022-09-16,2022,rock
0p8esvsm33EFp9iABb8wH9,Free In The Knowledge,4.21,The Smile,2022-05-13,2022,rock
1MwVHo13HodmoqbUmyHDcz,Freezer Burn,2.77,T!LT,2022-03-15,2022,rock
3Ue2UFBc1XOZmwlUZ5y26y,Sodas in the Freezer,3.88,Flycatcher,2022-04-01,2022,rock
0VDtAHqzOjle2og98T9kuV,You Got The Best Of Me,5.55,Journey,2022-07-08,2022,rock
1QR4tzbWdBDIR7OMzVzUie,Freeman On The Land,3.64,Shanghai Treason,2022-01-14,2022,rock
5gYJEN5DQTJTJ9KNKS8Le1,Break Free,2.48,Kingdom Collapse,2022-07-08,2022,rock
60aoMGaYBzlNEJPX6w8oAA,All Men Die (Freestyle),2.56,Shaboozey,2022-10-07,2022,rock
5p9TzE0vSfsGdZr7M7ZoB7,"Free Fallin' - Live at the Fillmore, 1997",4.98,Tom Petty and the Heartbreakers,2022-11-25,2022,rock
0XMabJ3VKjRYPtDmEEH1fO,Free And Weightless,3.7,Billy Howerdel,2022-06-10,2022,rock
1qQSaX3rqvetQHTKdNWbQE,Free - Live At Madison Square Garden,4.54,Florence + The Machine,2022-10-14,2022,rock
3om48VBhMsLFgN4DnU92CZ,Freeway in Heaven,4.2,Emperor X,2022-09-09,2022,rock
5i7tMeZF3KMwjwb343rX7h,Come and Change My Body,4.21,Greg Freeman,2022-10-15,2022,rock
3dq7G1udhXV8UqzMgJwPjH,"Free Advice, No One's Buying",2.37,Jordan Dean,2022-08-19,2022,rock
7lTrxftzzPW4WX7VRh6Vxl,Freedom,3.01,The Gulls,2022-09-27,2022,rock
7ej4Q1Td6Fln5ottHyFbWm,Just Wanna Rock,2.06,Lil Uzi Vert,2022-10-16,2022,rock
1uIrEzzaygkxr6mntrf8jm,the now now and never,9.22,what is your name?,2022-07-16,2022,rock
64ONxwIC47bUY3eU0UmRbU,Nowhere Else To Go,4.05,Rohna,2022-05-25,2022,rock
6Amu3WpsHR99daQe8xCVsK,Now In Two,2.84,bēd,2022-02-14,2022,rock
7Fqde0zeCGZRhv5yHDN8i7,Nowhere To Run,3.73,Fozzy,2022-05-06,2022,rock
4Iy9irVQqjIbGKWtAGVbRf,Hush Now,3.02,VOILÀ,2022-10-07,2022,rock
5Oz15cyQP3TMDDXKWm4tYH,Irrelevant,3.87,P!nk,2022-07-14,2022,rock
0k8v4D655QaAyuRNvQ9d7K,Too Late Now,3.49,Wet Leg,2022-04-08,2022,rock
6vNt7uBevbbArGavr4PlME,Now I'm Blind,3.9,Loner Deer,2022-07-15,2022,rock
1eEK8eQETi8q8bU0lxRMlq,Bad Life,3.78,"Sigrid, Bring Me The Horizon",2022-04-21,2022,rock
1tWqn4VIZfesK28xC4wTsC,Blacked Out,3.47,Katie Noel,2022-02-18,2022,rock
2YlKXlo0BOsNbS9wYJn1y3,Take A Look At Us Now - From the “Lyle Lyle Crocodile” Original Motion Picture Soundtrack,3.29,"Javier Bardem, Shawn Mendes",2022-10-07,2022,rock
2vPCfNEGvFLLGON1nBVIIm,Nowhere Else I'd Rather Be,2.88,O.A.R.,2022-07-15,2022,rock
3hiNP3xA2GFwdN5TjpAK6q,No Wheres Home,3.4,Noah Shepherd,2022-06-19,2022,rock
5dXiKFepHXZktud7z5635H,London Is Lonely,3.91,Holly Humberstone,2022-01-20,2022,rock
2SeHKKU1oiBfU4xR9FUnS4,heartache st.,4.82,what is your name?,2022-07-16,2022,rock
14qw63GlR1HHYFrVRHoTMP,Kill Me Now,2.42,FKA Rayne,2022-10-28,2022,rock
5ZY9d2MKpbOQLUtWqgCE7E,Gone,2.99,Beach Bunny,2022-07-22,2022,rock
5eXuNpyVQR42zeV2nlGUpm,Gone With The Wind,2.62,Hueston,2022-08-01,2022,rock
0sTugmn7TmJ8hxB3qdhWBu,Too Far Gone,2.5,Fried By Fluoride,2022-05-06,2022,rock
07HfuzqrkPlqTF0gPg4oWM,Long Gone,4.03,Cole Barnhill,2022-06-17,2022,rock
2rIpGZJDtzuUmVdWAv1tJu,Already Gone,3.44,Jason Cross,2022-07-01,2022,rock
7Elu3PHN7FaN1LP0iZBgYl,Gone With The Wind (with The Elovaters),2.64,"Shwayze, The Elovaters",2022-09-02,2022,rock
51bRxlpqEw0tRmWUHN294D,Whole World Gone Crazy,3.08,Whiskey Myers,2022-07-29,2022,rock
7JRilUgbKXtbhkVvE4O7VB,Dead & Gone,1.8,GHOSTWOMAN,2022-07-01,2022,rock
1Gwwh7r2kfoRUja11QsJGk,So Far Gone,3.59,ONE OK ROCK,2022-09-09,2022,rock
5rwvEUteKPuWVcHR2UHj1I,Gone In The Wind,2.28,Jace!,2022-08-21,2022,rock
4qWVxcjKQHdS860tuZ8EuI,GONE,2.79,Poe the Passenger,2022-08-29,2022,rock
5FcoPwAN6Jsu7wh731Kwhp,Gone,3.61,Casket Cassette,2022-07-15,2022,rock
2dqmi2wSiiaK1UnWjT95Jm,Where Has Everyone Gone?,3.61,James Marriott,2022-06-24,2022,rock
3E2EunUjYexHUG2MkgQxHq,When it's Gone,4.31,Vaguess,2022-02-14,2022,rock
0xN9fsmeVPu43Ze90hfUy7,When You're Gone (Classic Version),3.35,"Bryan Adams, Melanie C",2022-04-01,2022,rock
5VjIsRLBAX7RHyRhOeQ4Zh,Long Gone,3.49,Small-Town Strip Club,2022-10-07,2022,rock
46hZz8nnkvR4YxXx2o2fCA,"He's Gone (Live at the Concertgebouw, Amsterdam, The Netherlands) - 2022 Remaster",7.03,Grateful Dead,2022-07-29,2022,rock
6hiwexXB1hCnpPfx8AdBun,Good and Gone,3.35,Marcus King,2022-08-26,2022,rock
3khEEPRyBeOUabbmOPJzAG,KICK BACK,3.22,Kenshi Yonezu,2022-10-12,2022,rock
3WY0iazRPHOlIq6CdbKLZ6,Backlight,3.96,Ado,2022-08-10,2022,rock
5GXYKnnzBlHvrzBQ5WoxME,逆光 - ウタ from ONE PIECE FILM RED,3.96,Ado,2022-07-05,2022,rock
6XFtHhrlPKL4qEVDVMOcd6,Backtrack,2.65,Emei,2022-11-29,2022,rock
2fDy68BuFDTa7UGVicym4Z,San Quentin,3.52,Nickelback,2022-11-18,2022,rock
2kxp6iR7nCNGYTx0eNYp2C,Back From The Dead,3.51,Halestorm,2022-05-06,2022,rock
2i6j4kdRKZV4Y62I2bD1QC,Back To The Future,2.89,Bastille,2022-02-04,2022,rock
1mYeQ6tnO7YRZwMBpa6xWH,Never Look Back - 717 Tapes,2.85,Warren Zeiders,2022-09-30,2022,rock
1Tw75csfof4bFQOyL7HMvp,back in rehab,2.64,blackbear,2022-08-26,2022,rock
3o1ah1V2PJDtsCyDCpwXe4,Slowing Down,5.34,The Backseat Lovers,2022-10-28,2022,rock
1oe6uW8Gm88UGeq4hEJsi9,Viciously Lonely,5.56,The Backseat Lovers,2022-10-28,2022,rock
2FEZf5JDtGyXfQk7mPzRGX,Back To You,2.03,THE DRIVER ERA,2022-09-16,2022,rock
7wy5HXSJXiXBfBRwZtF2uN,Emo Rockstar,3.2,YoungBoy Never Broke Again,2022-01-28,2022,rock
6ZJ3b7fMlumZHSAsquncXR,Single Again,3.23,Trey Lewis,2022-01-14,2022,rock
596IkZP89HvFYdgOb3lNvP,smile again,3.92,she's green,2022-04-29,2022,rock
2yHmIxXi48DFl6zQlIhEaj,Wildfire,2.78,Against The Current,2022-01-10,2022,rock
4VFkGznsfnDSPGrLhb7msW,Ask Me Again,3.57,Tutankhamun,2022-11-25,2022,rock
3Pq0BdzERNRm8gWlsxc2rm,Rock Bottom Again,5.39,Ellis Bullard,2022-04-29,2022,rock
3gDRZkL8YfzpZg1N1YsW5x,Frankenstein (feat. A$AP Rocky),3.46,"Swedish House Mafia, A$AP Rocky",2022-04-15,2022,rock
2yH6eL6f1Ada5MnmNpiPbr,blindfolded,3.32,Against The Current,2022-12-02,2022,rock
3UKYTljIXlBUdcg0rPS98X,Troublemaker,3.41,Black Pontiac,2022-09-09,2022,rock
6jXaJ37W4yKIBOEMpjGlli,Luv Me Again,2.13,PnB Rock,2022-09-02,2022,rock
0eZ1pMETxwZnrsHmZ0t6bl,Again,2.0,Konsui Kira,2022-08-26,2022,rock
4wyS2txo8MeK9OyOZeEnjV,stuck,2.53,again&again,2022-12-09,2022,rock
4zPhO1rHngIA6kd0BznHx3,Fine Again,4.06,Seether,2022-12-16,2022,rock
5SvVmZZLoL3WwxrOPGT8Lh,The Rock,4.06,"Bizzle, God Over Money, Datin, A.I. The Anomaly",2022-04-29,2022,rock
6uVtifDr3T99wNXvTYtABv,eat your heart,2.35,again&again,2022-03-18,2022,rock
7ecM81lsWZkHyRHSWfVtZZ,Crummy,3.15,Black Pontiac,2022-09-09,2022,rock
4pqhtwu9WaeSYwEsLeEsTz,Island Honey,4.17,Black Pontiac,2022-09-09,2022,rock
4qfORrGsU7zr4h4egVk7ag,The Streets Are Hot Tonight,3.62,Black Pontiac,2022-09-09,2022,rock
7wFC7k4K12wUuoo74xFrA3,Forever or the End,3.54,Skillet,2022-01-14,2022,rock
5OMembL2MKOhYLBd5o5tGj,Together Forever,1.6,h4rtbrkr,2022-08-13,2022,rock
7ofb8SMiE4pDit5ewXNArn,Forever In Sunset,4.37,Ezra Furman,2022-08-26,2022,rock
4Mn0ZD8Pb4xAZgHLtRLM9I,4 EVER 4 ME,3.77,Demi Lovato,2022-08-19,2022,rock
1lmoWn1hTSu3Hh8NskZutL,Forever Endeavor,3.57,Moxy The Band,2022-11-11,2022,rock
2KUl5KfFf1eISxtQ3xxxlQ,Forever's Enough,3.05,BRKN LOVE,2022-04-11,2022,rock
5gG1tBzjqPWXTevct5kaLX,Shotgun,4.17,Soccer Mommy,2022-06-24,2022,rock
0dTKnWdgw7VO9Idj5lgffL,Forever and Ever,1.75,"Allen Simpson, Kai Morrison-White, Katie Morrison-White",2022-12-16,2022,rock
1HbVuTva4QOYMatx11qyKt,Familiar Faces,2.66,Forever Grey,2022-04-01,2022,rock
4yZ4DV1oDyRePrFbIPIpnM,Flying Forever,6.09,"Mike Ault, Morgan Perry",2022-06-08,2022,rock
7iQM3uHalxTDWF9yfnLWUY,Lucid Dreaming,2.59,Forever Grey,2022-04-01,2022,rock
4x6ispIaSC0kKXpw2q9Kqw,505,3.0,Nessa Barrett,2022-11-18,2022,rock
0PcMCiLNeg5M4PsHugAMBn,Friends Forever,4.15,Palace,2022-01-21,2022,rock
45LVUBgYaJVBNCjp31wfTH,Jean of Arc,3.48,Gap Girls,2022-03-11,2022,rock
00ywQboFSFLvnErbEOstIC,People Will Always Love You,4.01,Gap Girls,2022-03-11,2022,rock
6StBF4KlguCK46wGdGSEqA,Forever Young,3.27,Life On Venus,2022-12-02,2022,rock
2Zd9RpkzMbWXhYhjIJQlqL,nothing (in my head),3.09,Pinkshift,2022-10-21,2022,rock
03aXoiwsFCXxgYuoStgwJj,Tonight,3.51,Peter McPoland,2022-08-19,2022,rock
4n82AVSg6y0mSPw9PY06Gf,In The Air Tonight,5.01,State of Mine,2022-02-11,2022,rock
4JvFNFTjEtZyEzh8w0YzHF,Tonight (feat. Ezra Koenig),4.11,"Phoenix, Ezra Koenig",2022-09-07,2022,rock
22GLCjvje7tSDK7D52iZVi,Tonight,3.98,Young the Giant,2022-11-16,2022,rock
0nifVdzF4R6WT2qITFJKeu,ELECTRIFY TONIGHT,2.58,Tommy Richman,2022-10-28,2022,rock
2gbtpMbUBLlm4VwFcEmPRa,No Sleep Tonight,2.51,Shinedown,2022-07-01,2022,rock
7bCk3epmePt4yJH3xkpOAe,LONDON TONIGHT FREESTYLE,2.5,"Dean Blunt, Skepta, Novelist, A$AP Rocky",2022-11-21,2022,rock
49H2wZwh69vek45Twbr8X5,leaving tonight,2.34,Midrift,2022-12-30,2022,rock
64acqzCpw8Fvi1aiGbuMUN,Drunk Tonight,3.7,Seth Anthony,2022-08-22,2022,rock
49uaFiZPOQvEPB4IJBfUDg,"Tonight, Tonight",3.54,MAN WITH A MISSION,2022-05-25,2022,rock
66zYqIxScD1xrgNTBBk5yQ,Tonight (feat. Ezra Koenig) [Ariel Rechtshaid Remix],4.38,"Phoenix, Ezra Koenig, Ariel Rechtshaid",2022-10-13,2022,rock
7AiHG76Zns2EfWuDGswsAJ,Tonight - Twenty Version,4.98,Kutless,2022-07-20,2022,rock
1PdOcXPyD3o9uLcyG19dT8,Tonight We Will Live Forever - Live,3.67,Chucky Trading Co,2022-02-14,2022,rock
14vExHBkh1prEAN94wZug8,"Tonight, Not Again",4.82,Jason Mraz,2022-10-14,2022,rock
2i2k3GtTxn5RhJiLVnbKrd,get out of la,3.38,zzzahara,2022-08-30,2022,rock
4QdZiXr719EoYFppijejrX,they don't know,3.24,zzzahara,2022-08-30,2022,rock
6PFa3m9SMVG86tbNFXdIvC,bulletproof,4.2,"zzzahara, Mareux",2022-08-30,2022,rock
1BECZPXBXzobsfmlzj0g3I,"Tonight, Not Again - Live",4.4,Jason Mraz,2022-10-14,2022,rock
260Ub1Yuj4CobdISTOBvM9,Wet Dream,2.33,Wet Leg,2022-04-08,2022,rock
1ZM8toCOlnfBKJdvR8GqUq,Rock N Roll (feat. Kanye West & Kid Cudi),3.9,"Pusha T, Kanye West, Kid Cudi",2022-04-22,2022,rock
4zadidtzo1hvuBgYfdIwPb,Dreams,3.41,Rain City Drive,2022-07-15,2022,rock
7ALzPLHwlOaPOhsDaVqWFQ,DREAM WITH ME,4.49,NOTHING MORE,2022-10-14,2022,rock
3i4ColsuZEvjeLz63m0jPt,U&ME,3.31,alt-J,2022-02-11,2022,rock
2JE60bG37E2hJA0pAuQ9wo,i haunt ur dreams,3.61,"hey, nothing",2022-10-12,2022,rock
6RAlemH3wuNmuIT07DlMOa,Rocking Waves,2.67,Seas of Dreams,2022-05-24,2022,rock
7AmIqdoO8FSAJo7Wjg5Ogk,Dream Seller,3.07,Schur,2022-11-05,2022,rock
3PyWBHnx6G5uUpeSjbmp6m,DREAM LIKE ME,4.69,"Crowd Lu, The Black Skirts",2022-06-01,2022,rock
48Ru6aDUcrcjXCmFFGvlbG,21,2.81,Makeout City,2022-02-25,2022,rock
6QfEgGi3Q3PISezNNRGNqM,DREAMS,2.02,Baby Storme,2022-12-02,2022,rock
6jEqBrapfygeEbxdVqMlvl,Alley Cat,2.38,all under heaven,2022-05-27,2022,rock
7I2gQrpRqyBCMQ3LQOh4vO,Machina,2.24,Midrift,2022-12-09,2022,rock
6U5ybRirfbSs5G8a2OyiuA,Rocket,2.08,TiaCorine,2022-09-09,2022,rock
56wuObgFv1Oh6WJYEL2Esl,DREAMS DO,2.56,Watt White,2022-03-11,2022,rock
4UiPTfFuP4SLo59Q9KC8Yp,Rockstar Heart,2.3,Rod Wave,2022-08-12,2022,rock
66BkOoaDO9TId61r6xglH8,Broken Heart,3.61,"Rocksolid Teezy, Rod Wave",2022-05-05,2022,rock
4vHX1SAx2UG3dpfjIwuA1g,"Hearts On Fire - From the film, ""Rocky IV""",4.23,John Cafferty,2022-09-30,2022,rock
6roE0mXv30oCP4m7jbBIkN,HEARTSICK,3.55,YMIR,2022-03-04,2022,rock
2TBDweMyj3Wen6bu9gYwrn,Heartache,3.77,From Ashes to New,2022-06-17,2022,rock
2Ckd8hGYJ9T05qJGWddhAN,心臓,3.76,TOOBOE,2022-04-20,2022,rock
1iUgrte2PxLxQ6Te95RnAV,Heartbreak Hotel,2.13,Elvis Presley,2022-02-18,2022,rock
4ZD9T2LzLZ5fpAPEPlisLi,Heartless,2.86,As The Structure Fails,2022-06-24,2022,rock
4hfA3mKxMHm7cOdFHMcfen,Plastic Heart,3.06,Fame on Fire,2022-01-28,2022,rock
7KS0JsF7PZkJqBHMxjMWXX,Heart-Shaped Box,4.54,Tommy Vext,2022-12-23,2022,rock
3RflU6XdclibViyZ50ZQts,Plastic Heart,3.07,Fame on Fire,2022-07-22,2022,rock
0arQnBaXHbR3biO0kuGLz9,Cold Hearted,5.58,Jacoozy,2022-03-18,2022,rock
6MOxVSR91hsELyBKwJPvPB,Hearteater,3.62,"Whales, Qoiet",2022-03-03,2022,rock
1Pbu4tX4D7H9zCNuXuynp8,"American Girl - Live at the Fillmore, 1997",2.53,Tom Petty and the Heartbreakers,2022-11-25,2022,rock
3J9VlC6Hi3OoQFNtHjyCYu,Heart Of Glass,3.56,The Surfrajettes,2022-04-22,2022,rock
66QvmLq9I5Q5N05wMEqAgD,Choices,2.52,Ear Ringers,2022-10-07,2022,rock
0AbczP0ngrZ4NOiFWEQGmt,heart shaped hickey,2.36,brb.,2022,2022,rock
3JONrI8RQQPqqLyXXjdCx2,HEART OF TATTERED SCARS,1.68,SHADESOFBLUE,2022-10-28,2022,rock
65MqlYPOWReasKWcuCaOCW,REMIX,2.73,Daddy Yankee,2022-03-25,2022,remix
17I27VXKtqXJHL6ReaG0eS,Hola - Remix,4.16,"Dalex, Lenny Tavárez, Chencho Corleone, Juhn, Dímelo Flow",2022-02-09,2022,remix
5kCoykriGdZhWMlm9vrtQI,Toda - Remix,6.14,"Alex Rose, Rauw Alejandro, Lenny Tavárez, Cazzu, Lyanno",2022-06-09,2022,remix
2VuzBUB5V9AlpniCUhaszP,Fake ID (Coke & Rum Remix),2.11,"Riton, Kah-Lo, GEE LEE",2022-12-15,2022,remix
0vp1sk3FzuDBeLMLcRhQdL,HANDSOMER (Remix),2.39,"Russ, Ktlyn",2022-03-09,2022,remix
5cx7vkF8BQ0iOsVpfvZbnz,Sleazy Flow (with Lil Baby) - Remix,2.69,"SleazyWorld Go, Lil Baby",2022-05-26,2022,remix
4Gasn91fsCefnN8zM5GjA8,Finesse,2.59,"Pheelz, BNXN",2022-03-03,2022,remix
63iwhg49U6FgWtTDzkEVnL,Pacific Coast Highway (with Trevor Hall) - Reggae Remix,3.95,"The Hip Abduction, Trevor Hall, Johnny Cosmic",2022-07-29,2022,remix
3HD2dcCVCMIUgq3ZiSExpD,Sleazy Flow (feat. Lil Baby) - Remix,2.69,"SleazyWorld Go, Lil Baby",2022-11-11,2022,remix
51a3PbfoqGIQsqZXKd2YWf,Alive - Anyma Remix,5.19,"RÜFÜS DU SOL, Anyma",2022-08-12,2022,remix
6OtIKdgAJfgxpbXy19ExHu,Hundreds (feat. Luar La L & YOVNGCHIMI) - Remix,6.16,"Hozwal, De La Ghetto, Arcángel, Luar La L, YOVNGCHIMI",2022-05-27,2022,remix
5TdBtiuqJnFEcmjbXVObDd,Orinoco Flow (Remix),5.28,"Arisael Guzman, Roma Ryan",2022-09-17,2022,remix
0rDVs3jHbwW18vuN5irjkk,Back to the 80's - Remix,3.39,Trinix Remix,2022-01-21,2022,remix
7fBjmNClYc43cjjG0q7DTo,Milkshake - Remix,1.92,lockedinkee,2022-06-24,2022,remix
32xoZkAaszWisZ2SzTJSSf,Lizzo Remix,2.95,"Moone Walker, Kevin Gates",2022-11-18,2022,remix
4zNSOLPpbr92au4vHrC1sH,Easy - Remix,2.59,"Meloboyz, Seyi Vibez",2022-09-29,2022,remix
6UfvrgAnHLuN3f7JIbCyDK,Lucky (I'm So Lucky Lucky) - Remix,3.01,"Lucky Twice, Tik Tok Trends, sped up + slowed",2022-05-12,2022,remix
5tGitvnHZ8lgqRbW0CElcn,NO SNITCHING,2.67,"Lil Mabu, DUSTY LOCANE",2022-09-17,2022,remix
4dVejqq0Jn4pSyD7WcQ0nw,Little Bit (feat. Autoerotique) - Remix,3.91,"Lykke Li, Autoerotique",2022-09-23,2022,remix
6ufIbiVL85qZw6q4QmuQ8I,Maya (Remix),3.62,"De La Rose, Mora, SHARIF RAFAEL",2022-07-28,2022,remix
7jrMFjEq0t09f7m3HnnWXl,Tell Me Why - MEDUZA Remix,2.86,"Supermode, MEDUZA",2022-09-02,2022,remix
1yJP6YuY6n4dhItZuIJRDJ,Звездолёт (Mercury Beats Remix),2.6,"NLO, Mercury beats",2022-01-28,2022,remix
7vMusXp03B9ydnQl3LGtk7,MEAN! (with Noah Kahan) - Remix,2.4,"Madeline The Person, Noah Kahan",2022-06-24,2022,remix
3tGq7hWDCtrnL83y5OGual,Message In A Bottle (Fat Max G Remix) (Taylor’s Version),3.74,"Taylor Swift, Fat Max Gsus",2022-01-21,2022,remix
1JbPJvuGVjXDgbaSmwgkb4,memories (Slowed + Reverb),1.95,leadwave,2022-11-18,2022,remix
04R4oiYD4NU6ZkdwlaJSep,Bad Memories - Felix Jaehn Remix,2.49,"MEDUZA, James Carter, Felix Jaehn, Elley Duhé, FAST BOY",2022-10-14,2022,remix
7hGXOM3wKjw98wyfriUzjN,Like That - MENTIS Remix,2.4,"Seamus D, MENTIS",2022-02-04,2022,remix
45GRXDjpg41oHCtnrzaAt7,Me Llamas (Remix),3.32,"Gilberto Daza, Jay Kalyl",2022-01-26,2022,remix
1XP1sEJKPduX5cBUOfMGJa,Merry Go Round of Life Distorted Remake,2.0,Speksyx,2022-01-11,2022,remix
5Y5Ygo55Uafu1K2KOqnTt4,My Love - Dave Glass Animals Remix,3.51,"Florence + The Machine, Glass Animals",2022-04-01,2022,remix
2hLczPN5CH5qhc6J4WBJHs,My Feelings For You - Mark Knight Remix,3.74,"Avicii, Sebastien Drums, Mark Knight",2022-07-15,2022,remix
6geg6XWPAxmwlVl8ZNYns0,On My Mind - Purple Disco Machine Remix,4.39,"Diplo, SIDEPIECE, Purple Disco Machine",2022-08-05,2022,remix
0TaDQnUX1RjbCv3liKFqWP,Mind Dimension - Ben Sterling Remix,5.51,"Tiga, Ben Sterling",2022-05-13,2022,remix
0EMkluWuQ2hWvBeiQTBU1J,My Paradise - Vintage Culture Remix,2.84,"Jamie Jones, Vintage Culture",2022-09-02,2022,remix
5nat48w047RHjYalt6m2v1,Midnight & Angel (Slaev Remix),3.87,"Matte Blvck, Slaev",2022-10-14,2022,remix
1IwGilBIET6Axpg7Xx6Y4J,For my girl - remix,1.74,Sh0tty,2022-07-14,2022,remix
2UnPNMPlFC3x58IeirPKR3,Music Box - Remix,3.35,ApAngryPiggy,2022-10-23,2022,remix
5tW2NPmiGM0930x6ivTqUV,Dreamland - Mindchatter Remix,3.73,"Glass Animals, Mindchatter",2022-08-05,2022,remix
4DukzQv7lF6DXe6Un7lghr,BREAK MY SOUL - THE QUEENS REMIX,5.93,"Beyoncé, Madonna",2022-07-26,2022,remix
0oCNRAmwLo4zHDpCKpjQtI,Ferrari - Oliver Heldens Remix,3.14,"James Hype, Miggy Dela Rosa, Oliver Heldens",2022-08-19,2022,remix
29hYoHjI4ta2ZnG2s6uA1G,My Touch - Vegedream Remix,2.99,"Eugy Official, Vegedream, Chop Daily",2022-09-16,2022,remix
1yyQxEZcZBSTyI1sShNGKC,My Love - MEDUZA Remix,3.52,"Florence + The Machine, MEDUZA",2022-04-14,2022,remix
2iYN1eP5HyorQgf1snwXGb,My Universe,2.11,"Lofi Fruits Music, Chill Fruits Music",2022-08-12,2022,remix
5fVA5uH0SS3wJZjyC1JE5m,My Baby Just Cares For Me - HONNE Remix,3.85,"Nina Simone, HONNE",2022-01-28,2022,remix
7brRnnzMQtAPybNOwbmRms,My Feelings For You - Don Diablo Remix,3.43,"Avicii, Sebastien Drums, Don Diablo",2022-06-03,2022,remix
4iwiYqzoLImJraKQ9Pf2I2,Ameno Amapiano Remix (You Wanna Bamba),3.79,"Goya Menor, Nektunez",2022-01-07,2022,remix
70m0QxEfeSeeYlqDbZ1e6a,You Got The Love (Mark Knight Remix) / One,4.41,"Florence + The Machine, Swedish House Mafia, Mark Knight",2022-07-13,2022,remix
1Rv6Lfdcny3Avjmpm4W4YM,Your Voice - Adam Port Remix,4.34,"Caiiro, AWEN, Adam Port",2022-08-19,2022,remix
3KUtdymNzYk5yA1so29RRl,You Got It (Ryan Riback Remix),2.59,"Ryan Robinette, Ryan Riback",2022-03-25,2022,remix
7f0yWXUDcVTW7ztRmi53oQ,Love For You - Slowed Down,3.34,"LOVELI LORI, ovg!",2022-06-06,2022,remix
5iFBuCCmAKJ0snlwtdahB3,Youm Wara Youm - Remix 2022,2.85,"Hijazi, Elyanna",2022-07-18,2022,remix
6WHSNH8PhDHbpYxg4I181o,Sunroof,2.72,"Nicky Youre, hey daisy",2022-08-12,2022,remix
2eXBjkt4NlEI9430egVp1W,Move Your Body - RAIZHELL Remix,2.54,"Öwnboss, Sevek, RAIZHELL",2022-08-05,2022,remix
6hU70tGTAwCkS2muD8A7jF,Sweet Lady - Remix,2.67,"EBK HotBoiiz, EBK Young Joc, ebk juvie, ebk durki, EBK Jaaybo",2022-05-31,2022,remix
1E8i4Xq9tH2LVWC0b1Sptj,Sunroof - Loud Luxury Remix,2.89,"Nicky Youre, hey daisy, Loud Luxury",2022-08-12,2022,remix
6QvldZZ10eYgKamaWfG52b,Fuck Your Sunshine (Adventure Club Remix),3.74,"Łaszewo, Adventure Club",2022-10-07,2022,remix
6qKvPOJjG5ilpqbB6UH9hx,Your Loving Arms - ALPHA 9 Remix,4.57,"Karen Overton, ALPHA 9",2022-03-11,2022,remix
3bjM6KcvV1MwkAm7DJQb9O,Lay All Your Love On Me,2.58,"loafers, Badjack, Maxim Schunk",2022-06-30,2022,remix
3N50cZLMLohd9DcGA4LIMp,You Got The Love (feat. Jules Buckley & The Heritage Orchestra) - Tiësto Remix,3.1,"Pete Tong, Becky Hill, Tiësto, Jules Buckley, The Heritage Orchestra",2022-05-20,2022,remix
0EEonimA1oBVjuO8qu0LoA,You Shook Me All Night Long (Piano Instrumental),4.14,The Secret Pianist,2022-02-11,2022,remix
1wecjDqjR28ENc6G4oGIBh,murdah (ISOxo Remix),2.87,"Knock2, ISOxo",2022-10-28,2022,remix
2hf7qisR1NhP3MuedFyOkp,Isis - Remix,4.95,"Joyner Lucas, Starringo, Catra, Lex Bratcher, Kvng Moses",2022-07-01,2022,remix
3QdNlDA5ZYzg99r1eafrO8,Aarena (Knock2 Remix),3.46,"ISOxo, Knock2",2022-10-28,2022,remix
3ZdIrbFwrdN4xU2N8R4NhW,SAY (ISOxo Remix),2.65,"Knock2, ISOxo",2022-10-28,2022,remix
0T2zPVlS2Oyy0BXlmvYKTe,this is what falling in love feels like - Leon Leiden Remix,2.0,"JVKE, Leon Leiden",2022-05-06,2022,remix
3vJ7rZIXqzEmaX4DoA50Ba,Is This Love - 2022 Remix,5.05,"Whitesnake, Chris Collier, Michael McIntyre, Tom Gordon",2022-01-20,2022,remix
3jaMbQ6VgNmm5g6zJzTzy0,this is what heartbreak feels like (CG5 Remix),2.59,"JVKE, CG5",2022-04-01,2022,remix
0WdxhkZSlDS4HLA3Ly2oQ8,Beam (Knock2 Remix),4.89,"ISOxo, Knock2",2022-10-28,2022,remix
6S8oLA2FJ5AnR6XXMcOyZh,Click (Knock2 Remix),3.17,"ISOxo, Knock2",2022-10-28,2022,remix
7bdnshs2ebmVhyLQbj5924,Nightrealm (Knock2 Remix),2.83,"ISOxo, Knock2",2022-10-28,2022,remix
22MhBYZLNCiV6U8XjdnPuf,2HEARTs (ISOxo Remix),3.08,"Knock2, ISOxo",2022-10-28,2022,remix
32d8sQk2Q6zttnj80nBFMM,Soul (R3HAB Remix),2.47,"Lee Brice, Blanco Brown, R3HAB",2022-06-03,2022,remix
6t8oosZU0hFD847n53vinc,Escape,4.01,"Kx5, deadmau5, Kaskade, HAYLA",2022-07-29,2022,remix
6GDJDe3I7yHq4rPDTfuJMj,Rhythm Is A Dancer,2.45,Braaheim,2022-03-17,2022,remix
4DdaGKeVkjQbPHzpoHGafk,Second Sermon - Remix,3.25,"Black Sherif, Burna Boy",2022-10-05,2022,remix
0Bk3M1yf8tD42DSm2kzZsC,NOSTYLIST x Crimewave,3.11,draken,2022-10-21,2022,remix
1DfZYrRv0S1H9ps6JfU8xm,Hot Sugar - Washed Out Remix,3.12,"Glass Animals, Washed Out",2022-08-05,2022,remix
7emdsxNSjm6fHyjG3irZuD,As It Was,1.94,"Lofi Fruits Music, Chill Fruits Music",2022-06-24,2022,remix
4Rrj1QxDqsj28gv9SiHQRA,Out of Time - KAYTRANADA Remix,4.59,"The Weeknd, KAYTRANADA",2022-04-22,2022,remix
1iLU3hQxwqvCQW7v4wzLuF,I Was Made For Lovin' You (feat. Nile Rodgers & House Gospel Choir) - James Hype Remix,3.36,"Oliver Heldens, Nile Rodgers, James Hype, House Gospel Choir",2022-07-15,2022,remix
1Jz0fAhw41suiAVekjAoLi,Dawn FM - OPN Remix,3.06,"The Weeknd, Oneohtrix Point Never",2022-01-07,2022,remix
70EgLg2BtnLlqViWpqamLh,fast (Remix) [feat. Offset & A Boogie Wit da Hoodie],2.67,"Sueco, A Boogie Wit da Hoodie, Offset",2022-09-16,2022,remix
0Vvm9TLKfnpESsImUpbsZ4,"I Was Made For Lovin' You (feat. Nile Rodgers & House Gospel Choir) - DubDogz, Bhaskar Remix",3.17,"Oliver Heldens, Dubdogz, Nile Rodgers, House Gospel Choir, Bhaskar",2022-09-23,2022,remix
08CG6McW0k393JbbfrzoDz,As It Was (Funny Indian Remix),2.21,Vindaloo Singh,2022-07-08,2022,remix
7ckdWwRicoQ9zxflneYOjp,Nirvana - Steeve West Remix,2.38,"Aya Nakamura, Steeve West",2022-09-20,2022,remix
1B1HGiKi11AKJEfIAu59jF,As It Was - Lounge Remix,2.9,"Stereo Dub, Celso Mendes, Adelle",2022-12-02,2022,remix
5qeMz1IZRziSatqOG3ZHz6,Nobody Said It Was Easy - Sefa Remix,4.5,"Evil Activities, Sefa",2022-03-31,2022,remix
6yuRNAxPh712eIib8UPI6U,Out of Time - KAYTRANADA Remix,4.59,"The Weeknd, KAYTRANADA",2022-01-07,2022,remix
5ONnknPrFf58QVxCBRcofB,Starry Eyes - MIKE DEAN Remix,3.3,"The Weeknd, MIKE DEAN",2022-07-01,2022,remix
5w4NjL11Ds5LZUZIIsehyk,Dark is All I See - MahyaaR Remix,2.81,"Naeleck, Wasiu, MahyaaR, Oddity",2022-11-11,2022,remix
63hex6t0KhuTIfHjMJnJeI,Dark is All I See - Coone Remix,3.87,"Naeleck, Wasiu, Coone, Oddity",2022-11-18,2022,remix
4yGCnkrpabeS7LMK5t2X43,Worst Is On Its Way,4.06,Korn,2022-11-17,2022,remix
2lPHeyaidWufoXzEsvLeBc,I Didn't Know I Was Looking for Love - Index Remix,3.16,"Eve St. Jones, Index",2022-08-12,2022,remix
7uIVzpVyZ1qO4qOxW4xzel,The Best Part of Life - Imanbek Remix,3.32,"SAINt JHN, Imanbek",2022-05-06,2022,remix
3cVCzinCEjHPYFxULGHqX9,The Avengers (Minions Remix),0.91,Funny Minions Guys,2022-01-19,2022,remix
41fVni8T0e71JZFxQ7EslU,The Gummy Bear Song (I'm a Gummy Bear) [Minions Remix],1.05,"Kiddoyish, Funny Minions Guys",2022-02-03,2022,remix
4ptnQ0kQnN1U1Ig8TSslj6,Turn On The Lights again.. (feat. Future & Fred again..) - Anyma Remix,4.22,"Swedish House Mafia, Anyma, Future, Fred again..",2022-09-12,2022,remix
6ExtJw7sxaExSyBs7B0Z48,The Clapping Song - Kungs Remix,2.28,"Mind Enterprises, Kungs",2022-10-07,2022,remix
4OeYjBehdYuJbhCbNFXn6g,Anthropology - The Living Tombstone Remix,2.23,"Awkward Marina, The Living Tombstone",2022-09-26,2022,remix
0TK60U8ZcuDmSGigHJgTkD,They Don't Care About Us,3.59,"Cedrix, BeatItPunk",2022-05-05,2022,remix
6C0H8ts9M6deezz0yYR6LK,Anti-Hero - ILLENIUM Remix,4.47,"Taylor Swift, ILLENIUM",2022-11-18,2022,remix
2oWpe2L8ypC080BxpDVuTY,Anti-Hero - Kungs Remix,3.24,"Taylor Swift, Kungs",2022-11-11,2022,remix
4XiypEn8iKbeP1TbTqdfk5,Anti-Hero - Roosevelt Remix,4.99,"Taylor Swift, Roosevelt",2022-11-11,2022,remix
5UcbfmLHqOTXckI4NuViHD,Her - G-Remix,2.28,DISTRXCT,2022-08-21,2022,remix
1QIKcXdy7Nw9Bvd6cC8ckW,Here (slowed + reverb) [Lucian remix],3.72,"Slow Mage, 8D Tunes, Amanda Yang, Lucian",2022-11-14,2022,remix
7ppgJcPEx6AjK0jhZJMxOm,Hot in Here (Öwnboss Remix),3.2,"Steff da Campo, Öwnboss",2022-04-22,2022,remix
3ZOCrDTKEJJOtkeYZLPp0e,Here's To The One We Love - Hezekia Remix,3.47,"Hezekia, ICF Worship",2022-06-17,2022,remix
6NvCMkIy4cdnUSMxT43vDM,Hero (Acoustic),3.65,Music Travel Love,2022-03-09,2022,remix
3Ap5z21ZzjcluhqgcYxp7a,Here Come The Bananas,0.75,Sbassbear,2022-12-14,2022,remix
2G19YDBzl32ASNiRJ1sT9s,Anti-Hero - Roosevelt Remix,4.99,"Taylor Swift, Roosevelt",2022-11-11,2022,remix
5tw6Pc5zp94EHZnthcNBe8,Here I Come (AlphaE Remix),2.94,"EXHILE, AlphaE",2022-09-03,2022,remix
3EromhBOO31jd9ap8l0jSD,All My Heroes - The Toxic Avenger Remix,4.24,"Naeleck, Sarah Rebecca, The Toxic Avenger",2022-02-25,2022,remix
22t8PQeP5klRoguomM4wZp,Anti-Hero - Jayda G Remix,3.59,"Taylor Swift, Jayda G",2022-11-11,2022,remix
4YrpqEBNuz7IMsZtUP6bNQ,Anti-Hero - Jayda G Remix,3.59,"Taylor Swift, Jayda G",2022-11-11,2022,remix
1h0GRtSo5NeVVb1vqb5Uh1,Anti-Hero - Kungs Remix,3.24,"Taylor Swift, Kungs",2022-11-11,2022,remix
4wS4YABWUMDxcbImu3llWL,Big Steppa,2.46,Flo Milli,2022-07-20,2022,remix
16M9Rxid0nXhVmme7lzVwN,Anti-Hero (feat. Bleachers),3.81,"Taylor Swift, Bleachers",2022-11-11,2022,remix
717tXhJHXptxaZCl5DXEO9,edamame (Miky Woodz Remix),2.3,"bbno$, Rich Brian, Miky Woodz",2022-02-16,2022,remix
2OoE5soAVqjoVYDXIechDt,Him & I,2.19,T3NZU,2022-09-27,2022,remix
6Kp4Asi4xpgn7d9g1bOA66,Him & I (Sped Up),1.89,"Sped Up Mage, Syrex, Yohan Gerber, Bersage",2022-11-18,2022,remix
1uNHKKJYpugxz8jSXjlbdE,Himno De Mi Corazón - Verlk Remix,6.32,"Los Abuelos De La Nada, Verlk",2022-01-14,2022,remix
2Dnd6d6qETLUJqNln7NpzO,Finish Him,3.34,"Namasenda, Joey LaBeija",2022-04-08,2022,remix
1VtCTVIEibFiE1LsTfrg03,over u (Himera Remix),4.25,"ultra caro, Himera",2022-01-06,2022,remix
2A3pkp45DvDE55Psv8pCK4,honest (Himera Remix),4.6,"umru, Cecile Believe, Himera",2022-06-16,2022,remix
6g7HjKrg8tKf6j154QR6aI,Valentine (25th Anniversary Remix),3.55,"Jim Brickman, Olivia Newton-John",2022-02-04,2022,remix
3Q39iDW5JXhsHtiAdQC2TZ,DAKISHIMETAIYO - DJ Mitsu The Beats Remix,3.85,"LAGHEADS, HIMI, DJ Mitsu The Beats",2022-03-02,2022,remix
1p9mfeaTNMw7HsOyXGyT9z,Himno De Mi Corazón - Verlk Remix Edit,3.57,"Los Abuelos De La Nada, Verlk",2022-01-14,2022,remix
6OrPtIHEDo0WDGVaocAnP0,Fantastic Beasts (TRINIX Remix),5.13,"John Williams, James Newton Howard, Wizarding World, Trinix Remix",2022-04-17,2022,remix
1lZ30YbQOEIRNilWvDBZgW,Him - ERECT REMIX,1.53,Rareblin,2022-06-07,2022,remix
0P9W2wfU4eKcFr81apkm63,Himitsu Koi Gokoro - Lofi Remix,4.62,dj-Jo,2022-08-03,2022,remix
51m8154fLfxtL9Fhlb40ZQ,Hate Me - The Him Remix,2.56,"Sam Feldt, salem ilese, The Him",2022-09-02,2022,remix
3r1oIc5u1BOttUue0MLscI,HIM - HER REMIX,2.39,"Myles Parrish, NyNy, DEV",2022-06-03,2022,remix
0l0YIIRykhwTaA1gJCrxsd,She Wants Him - Alex Sonata & TheRio Remix,2.91,"Moussa Clarke, Terrafunka, Alex Sonata & TheRio",2022-05-06,2022,remix
1gVBolWr8RnvPeVWdm54wp,Nikamma - Remix by DJ Akhil Talreja,2.88,"Javed-Mohsin, Himesh Reshammiya, DJ Akhil Talreja",2022-06-24,2022,remix
6iE0ksTuQl7NKs54uhPBNK,You Were Loved (with OneRepublic) - The Him Remix,3.65,"Gryffin, OneRepublic, The Him",2022-05-09,2022,remix
1IhwTymQA1QFgQJu4ZjYtW,2019 (justbars rmx),1.73,Pashanim,2022-09-28,2022,remix
7y4r4syDqVzGUw9fdxzDin,Hard Work,2.24,"Marnik, HIMATE, Captain Jack",2022-06-24,2022,remix
2uUFVnVFERNxUdcmvEs7LB,On Me - Remix,2.26,"Lil Baby, Megan Thee Stallion",2022-09-16,2022,remix
3rhOl0uehKYWEsUFXMTFwE,No Chances - Remix,2.62,"Baby Rich, Blueface",2022-09-23,2022,remix
24hmRlHbOk8vmvMBTVJbc6,Playground (from the series Arcane League of Legends) (Baby Tate Remix),2.53,"Arcane, Baby Tate, Bea Miller",2022-11-18,2022,remix
68YgD0MGp48v30D54WtRWR,Baby Wyd (Remix) (feat. Latto & Lakeyah),3.8,"Nardo Wick, Latto, Lakeyah",2022-07-22,2022,remix
7E31xvzbgsIfUK2FN29G5X,pg baby - Remix,4.2,"redveil, Denzel Curry",2022-10-25,2022,remix
46OUNIkdTF8qRXlU6vTXIU,Baby Girl - James Hiraeth Remix,3.06,"Disco Lines, James Hiraeth",2022-08-19,2022,remix
2RvhFnz7qkRUZQs78eUU4A,Hush Little Baby,1.1,"Baby Fruits Music, Lullaby Baby Fruits, Nursery Rhymes Fruits",2022-02-10,2022,remix
3pyXsBOWWRDG22syOT7JXX,Baby Please! - 717baby Remix,2.9,"Sølv, 717baby",2022-08-19,2022,remix
7fnJTNkUH4lgsdJnGRxWae,Baby Wyd (Remix) (feat. Latto & Lakeyah),3.8,"Nardo Wick, Latto, Lakeyah",2022-10-14,2022,remix
7c8X4u2anjubzJgoD7Tx2J,BABYDOLL - KDDK Remix,3.02,"Ari Abdul, KDDK",2022-07-15,2022,remix
3jbb596EfReEWvrGB1SORt,baby blues remix (feat. BEAM),3.08,"AUDREY NUNA, BEAM",2022-01-28,2022,remix
78iZwIch8ACVLilnA0uHj1,Daisy Bell,0.8,"Baby Fruits Music, Lullaby Baby Fruits, Nursery Rhymes Fruits",2022-02-10,2022,remix
66hapn9g41i0kmzgpo2Uix,Old MacDonald Had a Farm,0.87,"Baby Fruits Music, Lullaby Baby Fruits, Nursery Rhymes Fruits",2022-02-10,2022,remix
0RKF4K8ov5cHggYxQPuSzu,Frère Jacques,1.01,"Baby Fruits Music, Lullaby Baby Fruits, Nursery Rhymes Fruits",2022-02-10,2022,remix
3cgNjetFVadBGDKtFqgXpj,Little Boy Blue,0.92,"Baby Fruits Music, Lullaby Baby Fruits, Nursery Rhymes Fruits",2022-02-10,2022,remix
4kqU1S8elVERudzBNCRaOA,Mary Had a Little Lamb,0.82,"Baby Fruits Music, Lullaby Baby Fruits, Nursery Rhymes Fruits",2022-02-10,2022,remix
0CIeUiU7KIBi7gYyo1sgJB,Twinkle Twinkle Little Star,0.89,"Baby Fruits Music, Lullaby Baby Fruits, Nursery Rhymes Fruits",2022-02-10,2022,remix
2c3KCGq6UojB2c8UAFrRON,New Gold (feat. Tame Impala and Bootie Brown) - Dom Dolla Remix,4.57,"Gorillaz, Tame Impala, Dom Dolla, Bootie Brown",2022-11-18,2022,remix
6xEagJ4maaypPRTWgpkwB0,10:35 (feat. Tate McRae) - Tiësto’s New Year’s Eve VIP Remix,2.91,"Tiësto, Tate McRae",2022-12-19,2022,remix
0wCwMiaGTVED5gkncdqE7a,WHAT THEY GON SAY (feat. Rowdy Rebel) - Remix,2.62,"Ron Suno, Rowdy Rebel",2022-08-05,2022,remix
3jWAkZ9nUbGzPDapyrAIw2,Sugarcane - Remix,4.19,"Camidoh, Mayorkun, Darkoo, King Promise",2022-04-08,2022,remix
1wNdGz7BlB9kH5lDc1eLLb,Goin Up,2.34,Lil Tjay,2022-04-29,2022,remix
0S1Xn7AERdYI53ehgk43BC,New Americana,2.23,"BRAN, Bromage, HALUNA, Meric Again",2022-03-18,2022,remix
21MaZOysLgNhO0MjWezOiX,New Things (Eric Kupper Remix),6.28,"Michal Martyniuk, Eric Kupper, YaniKa",2022-12-07,2022,remix
6sckJJC6Wxq4185J1R2I4p,2003 (Remix),2.89,"Emmavie, Ruby Francis",2022-05-27,2022,remix
25wsKrYSHeE0S52FzCptcF,Poke 14 Remix,3.07,"Mo Kartii, JayBucks, Lil Worm",2022-10-31,2022,remix
3JMDJrW3kuH8KJWA0hi3As,Violin - Remix,2.25,"Cookiee Kawaii, Ron Suno, Dear Silas",2022-04-29,2022,remix
3ew2Jes2460toiCErKzKSB,a new kind of love - noceur Remix,3.64,"Frou Frou, noceur",2022-04-08,2022,remix
1KiGNf3WL3jgKfQw1RRLAh,New Day (ChopNotSlop Remix),2.93,"BigXthaPlug, OG Ron C",2022-08-26,2022,remix
5rFQJcsqwaVfm3qVwCIdpD,Has To Be - new wave,3.63,"CapzLock, 33col3, Rosesleeves",2022-02-25,2022,remix
4BIHLQEk7MmUtGZSw55Zg8,New Genesis (ONE PIECE Film Red Theme) - Lo-fi Remix,2.64,jian lofi,2022-06-29,2022,remix
10PyuG6MhwmrHmRGgWiTo6,dying on the inside - stripped,2.9,Nessa Barrett,2022-03-25,2022,remix
2nkA5H4RB8lzWc3xRmEbBd,When Angels & Serpents Dance - 2022 Remixed & Remastered,3.25,P.O.D.,2022-10-14,2022,remix
7AdjRlT0VcDHyvCH88HjSV,D & D,2.63,"Sha EK, Blockwork",2022-09-02,2022,remix
6ouv16a31Ye7CouHrXL1I1,Let's Get It On - Flight Facilities Remix,6.55,"Marvin Gaye, Flight Facilities",2022-05-27,2022,remix
6uJHn8HeSrglMQSZ7stMIB,Oldu Olanlar - Sago K 2022 Remix,4.27,Sagopa Kajmer,2022-06-02,2022,remix
1RBvBTwTJOzk58f2S2MYA8,Tempted to Touch - Reggaeton Remix,3.73,"Rupee, Daddy Yankee",2022-11-11,2022,remix
7F4h740l6SqibTnsCHavTm,Old Town Road - Nightcore,2.04,"Shiko Nightcore, Ozlig",2022-05-27,2022,remix
0ns7wshRiKhNU3vzlfL6pl,Gimme the Light (feat. Busta Rhymes) - Pass the Dro-Voisier Remix,3.35,"Sean Paul, Busta Rhymes, Jigzagula, Murray Elias",2022-11-11,2022,remix
0V6GXXJwx7WXuIVrjYIjHN,This Is The Life - The Sunnefield Remix,3.43,"Micky, The Sunnefield",2022-07-15,2022,remix
15aSwz2wU0IXC2p3QVY0No,Winter Winds,1.99,"Lofi Fruits Music, Chill Fruits Music",2022-03-18,2022,remix
1gbd7ZGMpidL0O00a8q6Oc,Old Macdonald Had a Farm (Minions Remix),1.42,"Kiddoyish, Funny Minions Guys",2022-02-03,2022,remix
31eWJ9mJ66tLwUtIqPbhh8,Frozen,1.61,"Lofi Fruits Music, Chill Fruits Music",2022-03-18,2022,remix
0NjltmcHWd183fe68DwCam,I Got 5 On It,2.0,"Lofi Fruits Music, Chill Fruits Music",2022-03-18,2022,remix
7sQwpVMPCZsqKGXxbfzSaQ,Still D.R.E.,1.77,"Lofi Fruits Music, Chill Fruits Music",2022-03-18,2022,remix
2zDlhpGOeVvc8OsWXWNALV,Grizzly Bear - Javier Penna Remix,3.21,"Os Digitalistas, Javier Penna",2022-04-08,2022,remix
73MezVhTzyu1KeIXkKKNQN,Circles - Klub Rider Remix,2.83,"General Soundbwoy, Natty Bong, Klub Rider",2022-06-10,2022,remix
4tiTsHvHxcEmWeXC8tCoPt,Just the Two of Us - Luxury Remix,4.02,"Nenei, Javier Penna",2022-07-01,2022,remix
6T2sl8obCuyBGH4FBTcMZI,Shivers - Strawberries Remix,3.87,"Shelly Sony, Javier Penna",2022-05-27,2022,remix
4gikqvbCaVH7briagex9mP,Hurts to Be in Love - Extended Club Remix,4.32,"Ronan, Michelle Simonal",2022-03-25,2022,remix
1eGW1YBT17a5G1hKPWrpW7,Lost Without You (with Dean Lewis),3.39,"Kygo, Dean Lewis",2022-07-08,2022,remix
7cUcOnF6qo140QqyeQJ7ej,Automatic - Lost Kings Remix,2.99,"Fly By Midnight, Lost Kings",2022-06-10,2022,remix
3cJ5aAeEhjwzCrcx7TlmYr,Lost Without You (with Dean Lewis),3.39,"Kygo, Dean Lewis",2022-11-11,2022,remix
50ZpGIhhLctLPDGcSrH5DU,ロストアンブレラ - yuigot Remix,3.14,yuigot,2022-02-09,2022,remix
45XtRwwvPT6VkyxikLmLcr,Lost Umbrella (Lofi Remix),2.24,Heikuu,2022-04-21,2022,remix
7qucIblbYivqgFGupY6RIY,Where Are You Now - Kungs Remix,3.21,"Lost Frequencies, Calum Scott, Kungs",2022-01-06,2022,remix
4RA3Rw68KOsMoexPunrqeM,Lost (Acina Remix),3.11,"John Dee, Litil, Acina, BLVCK CROWZ",2022-07-29,2022,remix
1VU0IYiNK0deisGwsc7sPa,Lost - Pola & Bryson Remix,4.33,"Culture Shock, Pola & Bryson",2022-02-25,2022,remix
6Rs8WWygzpMvLHibZmLSKC,Lost Umbrella - yuigot mix,3.14,"Will Stetson, yuigot",2022-05-28,2022,remix
4GIMEDzfakGjbIUme3waUb,Where Are You Now - Kungs Remix,3.21,"Lost Frequencies, Calum Scott, Kungs",2022-01-07,2022,remix
6pkZCgvAr1BxqtOwBMiVm2,Zelda Lost Woods (Trap Remix),2.68,Game Monsters,2022-02-24,2022,remix
0rGHClzF0yuOMlXiYQImdl,Lost Umbrella - Lofi Remix,2.06,Venvn,2022-03-31,2022,remix
0V6AdB19y7HVXxCzuYG0ag,Redbone - Remix,3.66,"Roaz, Lost Generation",2022-06-16,2022,remix
1ecgY3xvuaCXSM1m5heHRU,Girls Just Wanna - Remix,3.11,"Hadart, Lost Generation, Cool 7rack",2022-09-13,2022,remix
44EJQec71KW5qmaurNWyS7,lost woods - Eluzai Remix,2.98,"Sushisingz, Eluzai",2022-07-23,2022,remix
5SpGz0oJoy9p8w9r1hf75B,Lost In Memories - David Elston Remix,4.07,"Ferry Tayle, XiJaro & Pitch, David Elston",2022-09-09,2022,remix
4EdGRrMNemOCZrLyCpcIux,Lost (Remix),2.38,Carol Seubert,2022-05-06,2022,remix
3bGlbD2z6DUp44b0sQ9koR,"Lost Woods (From ""The Legend of Zelda: Breath of the Wild"") [Marimba Remix]",2.42,Marimba Man,2022-06-07,2022,remix
0052rWfIi27TaPlrcCniQT,All Out of Love - Radio Mix,2.61,Lost Boys from Ibiza,2022-01-07,2022,remix
6N1UWEnnka2kl5g39UnoqI,Freeze - John Summit Remix,3.2,"Kygo, John Summit",2022-07-15,2022,remix
4X66U6SUjvZqiKYIpCWXnq,Freeze,8.12,Kygo,2022-05-06,2022,remix
0hQtQ7Ad6Yx0JkqYHsVFu0,Freed From Desire - Jen Payne & CAMPS Remix,3.46,"Kevin McKay, Start The Party, CAMPS, Jen Payne",2022-12-23,2022,remix
4DN7cioGrw9T5RfCLzYUF9,Freeze,8.12,Kygo,2022-11-11,2022,remix
1d6ZAQKFVE26XgTw7mczqD,Free - The Blessed Madonna Remix,4.4,"Florence + The Machine, The Blessed Madonna",2022-05-27,2022,remix
5A8UMg6GkxUaeoQwm0HwT1,Freedom Is Coming - Reimagined,2.57,Hillsong Young & Free,2022-01-28,2022,remix
6HakCt8rCQejqqoB3RKj4Y,Free Yourself - Paul Woolford Remix,3.03,"Jessie Ware, Paul Woolford",2022-08-12,2022,remix
2lirMZmScsD7dyGhoAUsiN,WIZZ - COBRAH REMIX,2.67,"COUCOU CHLOE, Cobrah",2022-09-30,2022,remix
5BkFOE2YZLAjHcySMu3Yz5,Phenomena (Da Da) - SOMODY x RB=N Remix,2.47,Hillsong Young & Free,2022-01-28,2022,remix
28vsFIcM2aJbXaBDOu6H93,Doses & Mimosas (Tiësto Remix),4.38,"Cherub, Tiësto",2022-04-01,2022,remix
61eO1GpmNJ7iUVoQZ5JfNO,Belly Dancer - LUM!X Remix,2.24,"Imanbek, BYOR, LUM!X",2022-08-05,2022,remix
2TsVcVqkJY1cpG402eYoKz,Free Yourself - The Alias Remix,3.21,"Jessie Ware, The Alias",2022-09-16,2022,remix
16zYjPEcLGYCOsJOAvwNhn,Free - Folamour Remix,4.71,"Parcels, Folamour",2022-08-26,2022,remix
1lPFRP15jhkMnjpdl23c2X,Free Yourself - Eats Everything Remix,4.06,"Jessie Ware, Eats Everything",2022-08-19,2022,remix
1zHCZGl8djSH3gvfAirCWe,Freeway - Flux Pavilion and Kill the Noise Remix,2.76,"Flux Pavilion, Kill The Noise",2022-02-11,2022,remix
4GpanMrsboraBpCr66iBQw,Free - Disco Tribute Mix,5.52,"Young Pulse, Natalie Nova, Funky French League",2022-04-22,2022,remix
4KxhSt1i8RgqGdurA9tLvS,Inside of Me (Posij Remix),2.56,"Moksi, NANAMI, Posij",2022-10-19,2022,remix
2LSExzNgwVl7i272RffJwA,EMOTIONAL DAMAGE MEME SONG - REMIX,2.13,"Keiron Raven, Trap Music Now",2022-01-21,2022,remix
1v9Aa7OuqDjyvkz3K6NooH,Can't Stop Us Now - Nitti Gritti Remix,3.02,"Pitbull, Zac Brown, NITTI",2022-06-22,2022,remix
1U6hIpPWukivILVMgkzpAp,All My Friends Know - Anz Remix,5.18,"PinkPantheress, Anz",2022-01-28,2022,remix
3iFbR3HWX4UHAQjaIULWxs,Call Me Now,2.8,T3NZU,2022-02-21,2022,remix
7g7ruyXthZZseongaZeSPs,"Leaving Me Now - 7"" Remix",3.59,Level 42,2022-06-17,2022,remix
3sqeb5HKQUAjQf9hvv0Woy,Better Now,1.94,SWIM,2022-03-19,2022,remix
7jcRBdP4brrC3tEXOCKxu8,Better Now,1.79,"Lofi Fruits Music, Chill Fruits Music",2022-08-12,2022,remix
1fjh3bEBlOyAarufXTIImC,Don't Start Now (Funny Indian Remix),2.74,Vindaloo Singh,2022-01-11,2022,remix
5NY8FqMU71tJbuz6qiZ69C,Too Late Now - Soulwax Remix,6.65,"Wet Leg, Soulwax",2022-07-06,2022,remix
3CI5PsrR3vW8CLeK3BXU1E,Now You're Gone - 2022 Remix,4.17,"Whitesnake, Chris Collier, Michael McIntyre, Tom Gordon",2022-01-20,2022,remix
3pDn30Txkt3HwSLDmHCfqi,Disappearing Now (Synymata Remix),4.08,"NURKO, Chandler Leighton, Synymata",2022-08-05,2022,remix
52GyPQ2O6dfYlOJiW8dNR8,Better Now,3.09,"The High, Cat Mode",2022-04-08,2022,remix
3cOAo5alVOUMjWVmc5yf3H,Does She Know,2.32,"Besomorph, Mougleta",2022-12-09,2022,remix
1bnwW2dqXCuYBfEMnekOR1,You're Now 2 - Ginger Root Remix,2.66,"Zelma Stone, Ginger Root",2022-05-25,2022,remix
4Hqznl1iOMNK4Yr2e4H0D4,Bloom (nowifi Remix),2.02,"Lucas Estrada, TWOPILOTS, nowifi",2022-09-09,2022,remix
4OxCoPxitR1AkoSPjhes0b,Ready Now (Remix),4.35,"Yaadcore, Pressure Busspipe, I Wayne",2022-03-18,2022,remix
2xqAKNirOkGmtvcD6rvifZ,Gone Are The Days (feat. James Gillespie),3.28,"Kygo, James Gillespie",2022-11-11,2022,remix
6MdquCVCI0a0Fqfr1Effkx,Tacoma - Gone Remix,4.33,"Bottler, GONE",2022-04-06,2022,remix
4firnqzOzKKsf0ezhWRefa,Gone (lofi edit),2.0,"The Remix Station, 로피 뮤직",2022-09-07,2022,remix
1yCCuRvcrGXe5tkPV1vYQg,The Thrill is Gone - Longo Extended Remix,3.84,"MHE, Longo",2022-04-29,2022,remix
45DcCvszqdy72ZJvnjqJP5,Gone (lofi edit),2.0,"로피 뮤직, The Remix Station",2022-10-29,2022,remix
6mzqXfYmT0jqG9PoMJgDmB,Gone (Da da da) [Billen Ted Remix],2.65,"Imanbek, Jay Sean, Billen Ted",2022-11-25,2022,remix
33eSunUHnta6mPW3EoTuRw,miss me (when you're gone),3.08,Will Linley,2022-07-18,2022,remix
2IRG3V9Pi3klRBviMaEBsi,miss me (when you’re gone) (Matoma Remix),3.58,"Will Linley, Matoma",2022-07-18,2022,remix
4Wve7LOFgieDXGfxHpFSwB,We Gone' See - Remix,1.52,"Johnny Ghosst, JojoThaMofo",2022-05-06,2022,remix
2qmWyzP7762p1Bv1HsSCZv,Already Gone - Mazza Remix,2.91,"Klaas, Ruiz, Mazza",2022-07-01,2022,remix
3Nmat3r2W4qtdEa6YgeIU3,World Gone Crazy-Look Around You (Remix),2.27,Black Mo$ez,2022-01-01,2022,remix
14s3x7summfZPSyzne9Dw1,Goes Her Own Way (Transglobal Underground Remix),5.46,"Long Gone Blond, Transglobal Underground",2022-05-13,2022,remix
0ECVqaCneCldALBjA3P81n,Gone - N3WPORT Remix,3.08,"MitiS, Crystal Skies, N3WPORT, Linney",2022-07-01,2022,remix
4cjLj63HqtAx775vqM0TJ2,Gone'd Off That Ooee - Vide & EAZYBAKED Remix,3.69,"Bricksquashmafia, Vide, EAZYBAKED",2022-02-08,2022,remix
68yPTOVVVq0mB3HOk2l6bc,Madonna vs. Avicii – Girl Gone Wild - AVICII's UMF Mix,5.24,"Madonna, Avicii, Tim Bergling",2022-08-19,2022,remix
3UZJ9jFQ7cspLcpkhWCOSg,Gone - Sam Day Remix,2.63,"Mazde, Sam Day",2022-05-06,2022,remix
3vjgOdNF577Wezv4444zvv,"Here Today, Gone Tomorrow - Positive Remix",2.81,"Banda Do Sul, Cherie Currie, G-Spliff",2022-03-11,2022,remix
2VWSMXsBe3gW6Ur4iNOpmp,Back Stabbers Jersey Club Mix,2.42,"Dj Darknite, Groove The Producer, Mattknight",2022-04-20,2022,remix
6ZbJz7FWWa3m5QbTudts8K,Back Seat - Chris Lorenzo Remix,4.78,"Anna Lunoe, Genesis Owusu, Chris Lorenzo",2022-01-13,2022,remix
24NBD1mWCa0TtOGtYhWyOQ,Back In My Arms - Shai T Remix,8.2,"Sahar Z, Shai T",2022-05-27,2022,remix
1IpzwwhCo2eoCyecfhDqt2,Ojalá,2.76,Paulo Londra,2022-11-23,2022,remix
6z3tvGWNT0H1DPZLc1b7fv,Back To My Love - Falden Remix,3.33,"Tritonal, Marlhy, Falden",2022-05-19,2022,remix
06lp01fkrYEBBf9FZ99i34,Back To The Future (End Credits) (Lofi Version),1.94,"The Remix Station, Chill Bros Studios",2022-09-17,2022,remix
0O2nbGHwYceYAnwT3mV0ZY,Flashbacks (Arcade High Remix),3.87,"W O L F C L U B, Dora Pereli, Arcade High",2022-08-26,2022,remix
3Zs8hijPVFBsaS7LrkcDGE,Bring It Back,2.43,Dulu,2022-04-04,2022,remix
3cEUZSqwjYJ7s6m4lplDoe,Love Me Back (Fayahh Beat) - Slowed + Reverb,3.04,"Trinidad Cardona, Robinson, xxtristanxo, Slowed Radio",2022-07-29,2022,remix
435WkBCQhIfPOdSzX8Fhi7,Back End - ChopNotSlop Remix,3.57,"Finesse2tymes, OG Ron C",2022-11-30,2022,remix
7khhkAhFNzuonG2rTc8jjW,The Loop - TYNAN Remix,3.89,"Trivecta, RBBTS, TYNAN",2022-09-08,2022,remix
73wmq8oaBvmn5t1Q4Er9Pk,Take Me Back - ALTÉGO Remix,2.59,"Lewis Thompson, David Guetta, ALTÉGO",2022-08-12,2022,remix
1tcF2i2VL3zDe5hDFjJNaS,Lean Back,2.32,"CryJaxx, Junior Charles",2022-03-18,2022,remix
6DwqtA14iC78eXxjD1sDOo,Spiral - jackLNDN Remix,2.79,"Lena Leon, jackLNDN",2022-12-02,2022,remix
7psofiqt8ta0d1q0l5YXGk,Back In The Taxi - AMÉMÉ Midnight Remix,4.44,"Jan Blomqvist, AMÉMÉ",2022-03-24,2022,remix
18P8WSMf18RJz2kxJP2o9O,Backwards - The Broken Skyline Remix,2.75,"Xan Griffin, The Broken Skyline",2022-06-03,2022,remix
2SnxXnd6ds5NDZLAfKTtEW,Back It Up Deh - Remix,3.46,Sean Paul,2022-05-27,2022,remix
7i7N94FGh8jkUnBQ3YQ9eg,AGAIN AND AGAIN - Remix,2.73,"MANILA GREY, Al James, MBNel",2022-11-13,2022,remix
1c4R7VEZSRIqO2eGR9LKXX,Jungle - Rico Nasty Remix,3.55,"Fred again.., Rico Nasty",2022-07-12,2022,remix
06SJi4DYgxobQkMMvzrVxX,Fire Again (Dabin Remix),3.18,"VALORANT, Dabin",2022-09-15,2022,remix
1faiHBh9gna1zCV1twdVhs,See You Again - Carlita Remix,4.23,"RÜFÜS DU SOL, Carlita",2022-08-12,2022,remix
1F8hDR8MLN24m2bCWkAWuz,Turn On The Lights again.. (feat. Future & Fred again..) - Austin Millz Remix,3.66,"Swedish House Mafia, Austin Millz, Future, Fred again..",2022-09-12,2022,remix
0EROxwEBuG2tZ08bPTqAMu,Against Us - Remix,4.24,"Dee-1, Lupe Fiasco, Big K.R.I.T.",2022-02-10,2022,remix
3ycgBFWvzxjLtY2YJuQMms,Jungle - Rico Nasty Remix,3.55,"Rico Nasty, Fred again..",2022-07-22,2022,remix
6s0Ap55P7KWI0gPYWPTvRk,Erase - Rezident Remix,4.19,"Ben Böhmer, Rezident",2022-06-15,2022,remix
0pyjqTGLsrg1r6m5YR4tuq,Home - Mind Against Remix,7.29,"Adriatique, Marino Canal, Delhia De France, Mind Against",2022-05-06,2022,remix
34QuVz90iaj5bLkWKmnPsf,See You Again,2.25,"Lofi Fruits Music, Chill Fruits Music",2022-06-24,2022,remix
0zZrLMx6G1U2nvmFGnSSSr,Turn On The Lights again.. (feat. Future & Fred again..) - Solomun Remix,5.95,"Swedish House Mafia, Solomun, Future, Fred again..",2022-09-12,2022,remix
22Ja9pQO5Oam6bvAqkukjM,Again - Dabin & MYRNE VIP Remix,3.37,"Dabin, MYRNE",2022-07-22,2022,remix
5fPoYOwYZek6N4QSLP6xjD,Never Sleep Again - Keinemusik Remix,7.21,"Solomun, Keinemusik, Adam Port, &ME, Rampa",2022-12-02,2022,remix
1Esx2RJjRR3oiErJKOrY8H,Lights Out (feat. Fred again..) - HAAi Remix,6.25,"Romy, HAAi, Fred again..",2022-02-03,2022,remix
1U3VkqNBorp6hxLoM6JlQJ,Never Gonna Not Dance Again - Sam Feldt Remix,2.79,"P!nk, Sam Feldt",2022-12-13,2022,remix
4mCY3ezfbTUKYcS92pHq7K,Start Again - Lexurus & Dualistic Remix,4.24,"MUZZ, Lexurus, Dualistic",2022-03-31,2022,remix
5v0WB2KhCyPOWoB0vv5bU1,Oops!...I Did It Again - Piano Version,2.19,Henry Smith,2022-10-28,2022,remix
3w7GHGFbLIIl0O31J6GLIt,Whole Again (feat. John Martin) (Steve Aoki Remix),3.58,"Steve Aoki, KAAZE, John Martin",2022-07-01,2022,remix
5ozhK7GvUKSNSr1LrclYM2,Forever And A Day - Diplo Remix,3.63,"LP Giobbi, Caroline Byrne, Diplo",2022-10-25,2022,remix
3h1BbazR03ogK4UEauQFhZ,Come & Talk To Me - Radio Remix,6.41,"Jodeci, Diddy",2022-02-25,2022,remix
38FGw5vATKoid22fluz29R,FOREVER - Roosevelt Remix,4.52,"Flight Facilities, BROODS, Roosevelt",2022-03-18,2022,remix
6pDXfmB2sx2UnZWceQ5RSA,Forever (Remix),2.79,"Ybk Wavy, Fridayy",2022-11-25,2022,remix
1OFBGsGp43xUamMZwu55yc,Forever - F. Noize & Yoshiko Remix,3.08,"S3RL, F. Noize, Yoshiko",2022-09-27,2022,remix
3LqGt0tEzyR3WNmQSgrODX,Forever - ODEA Remix,3.09,"Dabin, Koste, ODEA",2022-07-22,2022,remix
4Y0kGvP73UwRGBrhMYrCpo,Can We Kiss Forever?,2.08,"Lofi Fruits Music, Chill Fruits Music",2022-06-24,2022,remix
6f8KI9STekHuMflumrAmKF,Lauren (I Can't Stay Forever) - Extended,6.61,Oden & Fatzo,2022-02-18,2022,remix
6DRq67fCgg5nkKE5ruckW8,I Love You,3.76,FOREVER ‘99,2022-02-11,2022,remix
4Z8J2MO1hS2lIWx5VIw3Fr,Forever - NeoQor Remix,3.94,"S3RL, NeoQor",2022-08-10,2022,remix
4Pt9A1iu8kCy9hAMZ4LmZ6,Come & Talk To Me - Hip Hop Remix,6.4,"Jodeci, Fat Doug, Diddy",2022-02-25,2022,remix
2JEzpWa3mdrQ0Xf96uHziC,"Girl, Forever - CASSARA Remix - Edit",3.76,"Satin Jackets, Cassara",2022-04-15,2022,remix
783WcG8xrZya1HXq1QjS3C,Forevermore - 2022 Remix,7.09,"Whitesnake, Michael McIntyre, Chris Collier, Tom Gordon",2022-01-20,2022,remix
5EmRq15Ay5NKkxAlLmj9Q9,Return Of Forever - Camo & Krooked & Mefjus Remix,4.51,"High Contrast, Camo & Krooked, Mefjus",2022-05-27,2022,remix
34Y5PQPsFdjTGspPKIFSom,FOREVER 1 - Mar Vista Remix,3.29,"Girls' Generation, MAR VISTA",2022-11-17,2022,remix
1ehs6Aj8IoiaNKe43RMYhC,Forever Fantasy - Remix,3.31,"Blue Talking, Rachel Santos, Juan Martinez",2022-03-04,2022,remix
4VsGo1S31M8wUQJV1uhFZ8,Lauren (I Can't Stay Forever) - Claptone Remix,3.17,"Oden & Fatzo, Claptone",2022-02-11,2022,remix
6SsMkJmxwXQwd06gBdBY7E,H-Town - Remix,5.3,"Propain, Sauce Walka, Z-Ro",2022-01-03,2022,remix
7G0qe1WtQf9gUFEXvc5GmQ,I'm Gonna Live 4Ever - Extended Mix,4.39,Disco Gurls,2022-05-13,2022,remix
3VRNNBPCjxCmcL4jM7zNyC,Ton1ght - Remix,2.51,"Exøtix, Jam Penas, luvdes",2022-10-12,2022,remix
3pbqF1sd5dOJvdQuel8yrv,Good Tonight (from The Bad Guys) - Party Pupils Remix,2.98,"Daniel Pemberton, Anthony Ramos, Party Pupils",2022-04-22,2022,remix
2pV858uxAKjzi7wuFytpqz,Tonight (feat. Ezra Koenig) - 8-Bit Button Masher Remix,4.38,"Phoenix, Ezra Koenig, Button Masher",2022-09-29,2022,remix
5bdIYjZy0ea7UtdDA2t4U7,Save Tonight,2.47,"Braaheim, ILYAA, Dani Vidi",2022-09-08,2022,remix
6l7f3tg18pFk48NM5A8snH,Your Love (I Don't Wanna Lose You Love Tonight) [Trap Remix],2.75,"Trap Remix Guys, The Big 80s Guys",2022-01-14,2022,remix
5JUPLI1SXIILLDxcswlyUr,Tonight (feat. Ezra Koenig) [Vegyn Remix],4.2,"Phoenix, Ezra Koenig, Vegyn",2022-10-13,2022,remix
3fDTvpucuiLhuK5cFPPNCH,Tonight - Monss Remix,4.75,"Psych, MONSS",2022-02-18,2022,remix
628Y6N4ubtFTZpFgSUb8sF,Tonight (feat. Ezra Koenig),4.11,"Phoenix, Ezra Koenig",2022-09-29,2022,remix
0faGRqgJc6Q1CVvkJJLc4l,Tonight (feat. Ezra Koenig),4.11,"Phoenix, Ezra Koenig",2022-10-13,2022,remix
1ybh4UmdMIF52C5zwj16u3,DJ Go Parrty Fot Tonight (Remix),1.01,xholder,2022-02-26,2022,remix
3JOxyFQpMPj02rfVNN99Sa,Alone Tonight - Qubiko Remix,5.73,"ZIGGY, Replay M, Qubiko",2022-05-12,2022,remix
625sToJ0O0xycrW0v3AdoA,Tonight (feat. Ezra Koenig) [8-bit Button Masher Remix],4.38,"Phoenix, Ezra Koenig, Button Masher",2022-10-13,2022,remix
6TJOqJTGyP0kemq6GTPkr8,The Way I Feel Tonight - Justin Martin Remix,4.79,"Keys N Krates, Justin Martin",2022-09-30,2022,remix
33LITxMPw8YRrU5Q3Z4Qff,Pray Tonight - borne Remix,2.77,"Wiguez, P-One, borne",2022-11-15,2022,remix
3EUDZoRDaD6zpscrP9dQZo,But Not Tonight - Extended Remix,5.22,Depeche Mode,2022-03-18,2022,remix
26iRxE7alel37bBQgmxQX5,Tonight,4.53,Psych,2022-02-18,2022,remix
1VpAQlquX5hzKg98q1Y9h1,Tonight (feat. Ezra Koenig) [Dance To nit Mix],3.11,"Phoenix, Ezra Koenig, nit",2022-10-13,2022,remix
5ETDaRnsJ1xwRyGFALmgFT,Bad Tonight,2.73,Morris,2022-10-14,2022,remix
0z9tzCqzp6PTKGhfJRabiN,Out for Tonight,3.2,Jhess,2022-09-23,2022,remix
3B4Ta2sLBcfEsDvzlNxYj3,Dream Girl - Noc.V Remix 2022 VIP,3.94,"S3RL, Mitomoro, Noc.V",2022-07-23,2022,remix
6dAzXmrWOqliORVA9Y3DSH,Melisses - Dreamers Inc. Remix,6.25,"Dreamers Inc., Yorgos Kazantzis, Meditelectro",2022-02-12,2022,remix
22IHvYGLzNZe0w69ereC9D,California Dreamin' (feat. High Jinx) (Cages Remix),3.78,"Chris Lorenzo, Cages, High Jinx",2022-04-01,2022,remix
1sXeyFJMg1NM8fCS2pRWs0,All Star - Owl City Remix,4.5,"Smash Mouth, Owl City",2022-05-13,2022,remix
3ypmsEwGppoX3bsIydzto1,Lucid Dreams (Shape Of My Heart),2.01,"Lofi Fruits Music, Chill Fruits Music",2022-06-24,2022,remix
7aQXLjl1p05UxedDgjG18C,Long Whale Song (Slowed + Reverb),3.33,SymphoCat,2022-10-14,2022,remix
0QkM8FK0x8xCPOeV4ScoO1,Dream - 3.09Hz Delta Wave Remix,2.98,Into the Bliss,2022-03-13,2022,remix
2AwFU2BnJRlEpjDtu04e6S,California Dreamin' (feat. High Jinx) (LP Giobbi Remix),2.41,"Chris Lorenzo, LP Giobbi, High Jinx",2022-02-11,2022,remix
0iAY3usuuZ2HOmObi1vEqV,Dreams Within a Dream (Liquid Bloom Remix),6.15,"Desert Dwellers, Liquid Bloom",2022-05-27,2022,remix
050RZCTC8wB30imHdPXRl9,Dreamland - Mindchatter Remix,3.73,"Glass Animals, Mindchatter",2022-08-01,2022,remix
0qpd2tVms7ozZJ3KTRT0SB,Teenage Dream - Hardstyle Remix,3.13,Sylent,2022-03-01,2022,remix
3EIQp8MqdaGv24haux6GAv,Quarantine Dreams - Sound Quelle Remix Edit,4.14,"David Hohme, Dustin Nantais, Sound Quelle",2022-06-10,2022,remix
3QOKlbpzkt9p5ssTtT16db,Take Aim (Remix),3.37,"Derivakat, BlueDrak3",2022-12-09,2022,remix
1Q2gUmvHoPeLuPi7WPq8lP,Chasing My Dreams - Pablo Leo Remix,2.82,"Lonely in the Rain, Pablo Leo, SOMOH",2022-04-06,2022,remix
4frQeixQeyXGaKHDy6HBB5,"Dreams of Man (From ""Final Fantasy XIV ENDWALKER"") - Lofi Remix",2.77,Pokari,2022-09-27,2022,remix
34JyxkyidCyCbNK675kP16,Lara - Hernandz Music Remix,3.45,"Glow, Dep, Hernandz",2022-03-18,2022,remix
1oO7idgvyxfRdFmzAnNAL2,Less Than Zero - Waveshaper Remix,4.36,"Scandroid, King Protea, Waveshaper",2022-02-02,2022,remix
43HAtlQdbPdr8ijYOGy1pS,Everywhere You Go - Fury Weekend Remix,4.34,"Scandroid, Fury Weekend",2022-02-02,2022,remix
4QWB8fDl6Rfo8y7sMMmPMv,Heartless (Funny Indian Remix),2.93,Vindaloo Singh,2022-01-11,2022,remix
3Zb3ZyaMwTZjaI97SsaL2o,apathy (Slowed + Reverb),2.39,Øneheart,2022-11-25,2022,remix
44gB6QU9laXHQJcyDrz0lf,this feeling (Remix),1.12,Øneheart,2022-11-18,2022,remix
4bL0sCjnM6a1rKoBIHJYxI,Tell It To My Heart (feat. Hozier) - Tiësto Remix,2.92,"MEDUZA, Hozier, Tiësto",2022-01-21,2022,remix
7b6lBAiSiYWlD4LsN6o8EX,Heart afire - N.S.PUTRA L3 Remix,3.38,"Defqwop & Strix, N.S.PUTRA L3",2022-11-18,2022,remix
2N5Hlc4bQ1O4rlNRQ0LBrJ,Cross My Heart Reimagined,4.33,Fabvl,2022-11-05,2022,remix
0P0ipbaTJXloAaTP3fwIch,Hearts on Fire - Bassjackers Remix,3.53,"ILLENIUM, Dabin, Lights, Bassjackers",2022-05-27,2022,remix
0IQ2lKaun7QeB4ixCbJoIb,He.art (Omiki & Terra Remix),7.21,"Astrix, Omiki, TERRA",2022-11-11,2022,remix
40Qr9T7hiTscpXWiBrDlWT,Heartless (Trap Remix),3.05,"Trap Remix Guys, DJ Gotta",2022-12-15,2022,remix
3r3hmscihMzTrZYGCKFIW6,Heart to Heart - Original Mix,4.89,Nari,2022-12-23,2022,remix
3qUwon16k5DrrrX2f15tXL,Rebel Heart - Remix,2.91,Sam Hibbard,2022-08-19,2022,remix
5Ik4Zpb1qZLousaOrQ2S0W,Heart of Glass - Mitola Massimo Remix,4.93,Mitola Massimo,2022-12-21,2022,remix
6V3bFXfMuKX7xJ3v2ate2J,watching the stars (Slowed + Reverb),1.97,Øneheart,2022-09-09,2022,remix
0VsrANQCKQRuvzxEFah7YZ,Heart Song (Hesitations House Remix),2.2,Doc Se7en,2022-12-21,2022,remix
0AxvmNaxYKmO4xPptkKsnZ,Tell It To My Heart (feat. Hozier) - KVSH Remix,3.06,"MEDUZA, Hozier, KVSH",2022-01-14,2022,remix
15lzL9M0wCCW0McMUQg5yO,Give Your Heart a Break (Hardstyle),2.42,PXSEIDON,2022-12-21,2022,remix
1iqqSrVhRpa9vaVjVAklk1,murdah - Asdek Remix,3.58,"Knock2, Asdek",2022-09-09,2022,remix
33vZRjxJScapmRShRJq8I0,NIGHTS LIKE THESE,2.88,Benson Boone,2022-07-29,2022,night
3gmn76fCtpDazGMnN0QMHX,NIGHT DANCER,3.51,imase,2022-11-09,2022,night
2Hh3ETdQKrmSI3QS0hme7g,Too Many Nights (feat. Don Toliver & with Future),3.33,"Metro Boomin, Future, Don Toliver",2022-12-02,2022,night
1qEmFfgcLObUfQm0j1W2CK,Late Night Talking,2.97,Harry Styles,2022-05-20,2022,night
2KFqsbztZK3J03hOcObLbG,NIGHT RIDER,2.13,Joji,2022-11-04,2022,night
586XY9PKIeyOtclmPvF1yS,Night Light,4.04,Laufey,2022-08-26,2022,night
348NF6vX0Yh22xvH0EZEro,NIGHT DANCER,3.52,imase,2022-08-19,2022,night
109ETcT7xie3TKvt1Ser6t,Mr. Saturday Night,3.11,Jon Pardi,2022-09-02,2022,night
6bQ3odfhnS5ysSoUG3gqTZ,Nightshift,2.79,Xavier Wulf,2022-10-18,2022,night
0k11c8vwyeNSGQex6UMa1v,Last Night Lonely,3.04,Jon Pardi,2022-09-02,2022,night
0wlTJUbii03xcQIbf6fHSa,If I Were You,3.66,Kingsbury Station,2022-12-28,2022,night
5aWqkwh860xhalXLdDCEpM,Landing,3.07,Red Brick Lane,2022-12-28,2022,night
1UOLcw0uOTOMNLugxtJzeH,Mr. Saturday Night,3.11,Jon Pardi,2022-07-22,2022,night
4jrXcjE0rKXu4svwQ7IYzD,Night Drive,2.07,Wilee,2022-02-25,2022,night
5yWfVi2XQY3nfPOMS2rFbd,Nightmares Never End,4.67,"JT Music, Andrea Storm Kaden",2022-01-31,2022,night
6px340oxL4x4RrhLer462m,Warm Nights,3.52,Royel Otis,2022-08-05,2022,night
0m2TR5Z8tZxhBT00aNE3iU,Stormy Nights,3.47,Chō,2022-03-11,2022,night
1MwPvniPtqPkXwtQDFiJdb,Night Vision,1.96,"Vansire, Barrie",2022-05-12,2022,night
7yz0VSc1hnsY2EPFHcEgeQ,Night Life,2.17,The Rollin' Deep,2022-04-05,2022,night
7wvFYp6DH6wnmssGxljA6Y,"Good Night, White Noise",4.97,Linus Xio,2022-04-03,2022,night
61rxAjBrftE2KhqCphmtim,night medecine,1.78,"créature sonore, Chillhop World",2022-12-01,2022,night
4dKFTaModWbW8kiG5LpZEJ,Quiet Night Melody,1.0,Beyond Stillness,2022-05-18,2022,night
7zT6CQ1og08NiVfn8E8Yfx,Late Night Meditation,2.48,Perducci,2022-08-21,2022,night
3pkBj2Wvjy2lHs2OgA5zwh,Night Time,2.7,Shordie Shordie,2022-02-25,2022,night
2KCeDdDiljBL1LgDFIzfdr,Goodnight Menina,2.36,"Mc IG, DJ Glenner, Fepache",2022-08-24,2022,night
21MjiNNSZylKr74tEuGHpm,Every Night,2.47,Montell Fish,2022-10-28,2022,night
7zxyRoHDN5U4GhkJ5nzuK8,The MegaSIX,2.8,SIX,2022-05-06,2022,night
32STjg8ytUz0WBg9KDF0BM,With Me (Never Broke Again feat. YoungBoy Never Broke Again),2.34,"Never Broke Again, YoungBoy Never Broke Again",2022-10-28,2022,night
5nskALI5IFdmZ02qjsx81g,Night Melody For Night People,2.11,Scandisk7,2022-09-30,2022,night
7pZcsK8wHu6J6DF3GAxSp5,Sleepy Night Music,1.27,Deep Sleep Panda,2022-02-08,2022,night
769GTJ3hLpeObqX2XeRxzq,Summer Night Meditation,2.81,Eda Hartley,2022-07-15,2022,night
3m3PvBLWGFW6QNXtFvmRsg,NIGHTMARE!,2.48,Slush Puppy,2022-01-21,2022,night
08BV91W7OizUACboEkkx4p,Nigh to Silence,5.08,ERRA,2022-03-18,2022,night
5aX3bLFHhfINcAGHkIFdmf,Goodnight My Dear,0.93,Ivory Light,2022-10-22,2022,night
10wtrVUqlEqqfpHHUy1AV3,Middle Of The Night,3.11,Rain Paris,2022-03-20,2022,night
4jJsAh6UjXQYvaGG0zkDCj,Good night my little one,1.46,My toy piano,2022-06-17,2022,night
6LnIxE8CqkK7faQV76nEHS,Single Saturday Night,3.17,Cole Swindell,2022-04-08,2022,night
5NIYDn44f2HrODHWgs33YM,You Are My Sunshine,3.35,Nursery Rhymes ABC,2022-01-07,2022,night
42cZh47bEfnPJlhiIAG4mn,My Demons - Nightcore,2.73,"Cherry 葵 Nightcore, ZeroMizKun Nightcore, Onlap, We Are The Empty, Youth Never Dies",2022-04-08,2022,night
5k7Y0AIojLQO2340lN9jUv,Middle of the Night,2.74,"Shayne Orok, Curserino",2022-03-23,2022,night
3SeeaIXnrCfT88vHVCRWHl,Last Night Lonely,3.03,Jon Pardi,2022-02-17,2022,night
2mTwhPI0EKjXmqRd1SEjjy,Dark Night - 717 Tapes,2.63,Warren Zeiders,2022-09-30,2022,night
2zjqRRVXE4wgeJL3d4mVg2,Middle Of The Night,3.01,"Power-Haus, Tom Evans, Dramatic Violin",2022-09-02,2022,night
5LKeKe5hvTPAxHS7AJvk1D,Good Night My Princess,3.87,CHUNG HA,2022-07-10,2022,night
4cF4vuC7Ci29yhnbuoFRZx,On A Different Night,3.15,Josh Ross,2022-07-15,2022,night
3Uzpmd2kx1gzXd4YVhOb2x,Middle Of The Night,2.57,Dom Livez,2022-08-12,2022,night
3dKFOqjSQ2nMaz0q08APjS,Every Night Every Morning,3.3,Maddie & Tae,2022-09-23,2022,night
40dk5rE3CFqxJG8sII98Hq,Nightfalls,3.68,Keith Urban,2022-03-31,2022,night
7hkCZasAgCYttKXTWyUbTN,The Night You Flew,2.8,Rikard From,2022-03-04,2022,night
7ETjhPaIU4UmHOiimJBZz9,Your Heart Or Mine,2.69,Jon Pardi,2022-09-02,2022,night
3FhkKBQ3eqc5Z3VZBHFQ6f,Nightfall,2.39,YoungBoy Never Broke Again,2022-04-01,2022,night
0scTFxmSpyKKzx8KB9mC2P,Nightfall,2.39,YoungBoy Never Broke Again,2022-08-05,2022,night
2BXxNeEEjTeSg0wvIxHk6M,Bloody Night,2.98,YoungBoy Never Broke Again,2022-09-07,2022,night
4pH8cIlMI9NrTWcDiQbuRe,Miss You - Sped Up Version,2.86,"Oliver Tree, sped up nightcore",2022-10-17,2022,night
0P3snbkMDVmzfMKaKDuO9b,"Good Night You Kings (from ""The Cider House Rules"", Arr. for Piano) - a calm version",1.06,Rachel Portman,2022-09-09,2022,night
7kxdXl2euEptpn41yksdFA,All You Wanna Do,7.7,"SIX, Samantha Pauly",2022-05-06,2022,night
4ULpD3jD1jVbyCPYlEzfEO,"Hush Little Baby, Don’t You Cry",2.94,Nursery Rhymes ABC,2022-01-07,2022,night
5j8nDrdRjiFfTtClB84Bto,Are You Lonesome Tonight,2.74,Zach Top,2022-05-13,2022,night
4tbAmirvj4v7nmhxqBKwux,Nightwalker,2.44,"Forhill, YOUTH 83",2022-04-15,2022,night
6lVKKUxZ8nAhbvWvMxRyc7,Nightclub (Waiting for You),3.77,Bad Suns,2022-01-28,2022,night
56b6hfYKczrdjPRX2iRAhi,Your Heart,2.75,"Lynnic, ItsArius",2022-07-22,2022,night
1halfbhGjFShZwxmnbWE8u,Clara (the night is dark),4.64,"Fred again.., Clara Ward",2022-10-28,2022,night
2fsJOnUGdR5ZEC9ztRoLwn,Night Is Coming,3.21,"Anandani, Asha Age",2022-12-28,2022,night
33HVQXwbR5D7sHrVH4yQx0,The Night Is Young (feat. Will Matta),3.36,"LUM!X, Tarik Asadi, Will Matta",2022-11-11,2022,night
1PuxHPD8l3mm2CbxrMXy8N,Clara (the night is dark),4.64,Fred again..,2022-10-27,2022,night
1ftsPnNZSEc3gZAVzbtWsI,Clara (the night is dark),4.64,"Fred again.., Clara Ward",2022-11-02,2022,night
3BWLsgFrT5C9kNVWhJZOCR,Night Is Falling,4.6,Bruth,2022-11-11,2022,night
13PlZNhA3PTBt9nSH5sa1e,Night Walk,2.15,Study Boy,2022-05-02,2022,night
3gdtpnncPDMylME3EWreQf,The Night Is Ours,2.47,"Gregory Cotti, Gabriel Saban",2022-10-28,2022,night
5fyJFNUseHTa7cpMfO2g12,The Night Is Long,2.13,snapdragon,2022-02-23,2022,night
43ZNI0FK8FpbbnZDz9bkIm,The Night Is Dancing in Your Eyes,3.42,Pure Obsessions & Red Nights,2022-04-22,2022,night
4YaCNUP1d4eeOo00EEX2gT,The Nights - Piano Version,3.45,Flying Fingers,2022-10-28,2022,night
5GDYXAk2Ohy01B1Bwis4pq,Nightfall,3.78,Harmony Higgins,2022-09-30,2022,night
25darQhsrqvPpGq9U5wz5c,Each Day,3.27,"Alex Baker, Harmless Night",2022-11-29,2022,night
1t564OcOInf99h8TozTW1s,Before The Night Is Over,2.78,"Kristiane, Carol Ades",2022-08-26,2022,night
39ZjNUQtrNnAFImdzxfwNa,Night And Day,2.94,Samio,2022-10-23,2022,night
5v2bNil9KFJXcwsBAup9lf,Night Route,2.37,Theodor Ros,2022-09-30,2022,night
0b6SldJ3HxJhfmjnWoaWYX,Island Of Hope,1.88,Teddy's Wonderland,2022-01-21,2022,night
44VSK7HB9abkvzxZKrAkc8,Wasted - Nightcore,3.22,neko,2022-03-18,2022,night
2A23TnG5XoJ4uf8Te48Pqq,The Night Was So Young,2.28,The Beach Boys,2022-06-17,2022,night
3SpgmAfiaS0bCNqLUkcCo9,The Night Was Young,4.1,Jeremie Albino,2022-03-02,2022,night
28fAMqb577bhleCx56D0KA,Washed by the Water / Lay 'Em Down - Live From Bridgestone Arena,5.06,NEEDTOBREATHE,2022-05-25,2022,night
0hTHSqS3m1p7AHm9aCOwoR,"""Now, seeing as Henry was running out of women to marry in England...""",0.8,"SIX, Brittney Mack",2022-05-06,2022,night
3ODp8MblRxG9Q8hVjfhJ4Z,"All-Night Vigil ""Vespers"", Op. 37: V. Nunc dimittis (Version for Solo Piano)",3.67,"Sergei Rachmaninoff, Steven Osborne",2022-05-06,2022,night
1jVCSwZbr9j2MwA5JPEXLA,WASTELANDS,3.05,Kairee Doty,2022-10-14,2022,night
4T7cCjsGLXXLhaBQQeerMd,The Night Was Young,4.1,Jeremie Albino,2022-04-01,2022,night
1ATdUJ4oNvopF5wOomvWaV,Wasteland,4.02,Alison Sudol,2022-09-30,2022,night
0AyJUxKHV7A1TW4PmILWlr,wasting your time,3.32,Dazegxd,2022-05-20,2022,night
5WyTwYrlFu8Trta7pztbe9,As It Was,2.65,Our Last Night,2022-05-27,2022,night
3WVgzcsy7FVAB7VoCLFDL2,Help Is On The Way (Maybe Midnight) - Choir Mix,4.27,First Pentecostal Church of North Little Rock,2022-10-07,2022,night
3ghmdRTijueJLRzswc779P,I Wish It Was Me,3.4,Obongjayar,2022-05-13,2022,night
6ugwLnZak8lGnUqi8b8p15,Don't Waste Your Time,2.14,Ann Marie,2022-07-19,2022,night
1w7TKNUpN7JFv76cqK6xBE,Late Night Snack Run,1.78,WillyRodriguezWasTaken Archive,2022-12-13,2022,night
6JYz3NXYyC2pNypp8vy5OV,If It Wasn't for Jesus (Spontaneous) [feat. Amanda Cook],3.49,"Tribl, Maverick City Music, Amanda Cook",2022-04-29,2022,night
1M5OGQooyCg7K5vBxV5Kz9,Living Nightmares,2.27,HARRY WAS HERE,2022-09-08,2022,night
3UbexqhMSQkqvXGWywLWBu,WASABI - Night Tempo Remix,2.91,"MAX, Night Tempo",2022-08-19,2022,night
0NO8wmpvCOYdGs6bKtS26P,Wasting My Time,3.56,Pure Shores,2022-03-04,2022,night
2PJ8Koo9MkLNdBTVufOpRU,There Once Was A Sailor,1.67,Teddy's Wonderland,2022-01-21,2022,night
7118yNmY0MpyqUjeE3orNk,The Night The Gards Raided Owenys,5.55,The Mary Wallopers,2022-10-28,2022,night
41T043SzZ8VPpQgvg301ZS,The Rhythm of the Night,2.55,"Neptunica, Corona",2022-09-02,2022,night
1GL7vwDnPqCnJ2xGNxNLwG,These Nights,2.21,"Loud Luxury, KIDDO",2022-07-08,2022,night
7JWmo14H5J8aUZ5b18kbev,All The Time (feat. Lil Wayne & Natasha Mosley),4.4,"Jeremih, Lil Wayne, Natasha Mosley",2022-03-11,2022,night
2aMjR5JU8nORwrjFP41aTK,The Day I Stop Dancin',3.27,Jon Pardi,2022-09-02,2022,night
1hrph1qE2yeclQUqzKT8HN,White Noise - Sleep Through the Night,3.41,Xella Machina,2022-01-16,2022,night
4KOgAzBCzW2vHVC1LdKlzl,Here (Nightcore),3.01,Syrex,2022-12-09,2022,night
7qPHokLDeNrXTWrjhgudLj,Too Many Nights (feat. Don Toliver & with Future),3.33,"Metro Boomin, Future, Don Toliver",2022-12-02,2022,night
36acAPpnxmi4GoeJe1uKdv,Too Many Nights (feat. Don Toliver & with Future),3.33,"Metro Boomin, Future, Don Toliver",2022-12-05,2022,night
4DtVUDgdAyUynlbZPrbj24,Mr. Make Her Dance,2.58,Night Lovell,2022-04-15,2022,night
0b211PzpLc3dsqqcRm9GNs,Country Round Here Tonight,3.6,Randy Houser,2022-11-11,2022,night
7w9oE3swQE4jW4gN3VgQkG,Here For Us,1.05,Harmony Night,2022-02-04,2022,night
1bPLhob81R6nadD7iHZicd,Too Many Nights - Instrumental,3.33,Metro Boomin,2022-12-05,2022,night
69Tg84A2tIsjWO2ZmnWCMi,The Night Goes On,2.88,Falcom Sound Team jdk,2022-03-09,2022,night
02guftHiZ0nqZIcVAnf0xk,Too Many Nights (feat. Don Toliver & with Future),3.33,"Metro Boomin, Future, Don Toliver",2022-12-16,2022,night
4XR8LZWfJkrXJOS8zaC5DA,Sleepless Nights,2.31,G Herbo,2022-10-10,2022,night
5u5yMMq2BGBukzMbtJfeqs,Heard It All Before,2.91,NightCove_thefox,2022-05-11,2022,night
5mZqv2Eu2qr1WIC5aHN7dM,Here Comes The Night,3.07,Tokio Hotel,2022-11-18,2022,night
7fMiYejad6abtrnKNcgkMS,Her Eyes Shimmer Like Stars in the Fading Night,3.35,Krisu,2022-11-18,2022,night
2qVZMK1tH6r3atitUuKtDk,I Need Her,6.12,"Cozy Bedroom, Cozy Apartment, Cozy Places",2022-02-25,2022,night
6j0u2fsPRjCaeFcaqqenGd,Inactive 1000 Hz,2.5,Good Night Kitty,2022-09-02,2022,night
4TfXmTvYL9B3X76omUPgo2,Shuteye 4000 Hz,2.5,Good Night Kitty,2022-09-02,2022,night
5uzu1nRueS09FLn6uk31X4,Night Sky Patrol of Tomorrow,2.99,HIMEHINA,2022-12-17,2022,night
5Ls3fdmYyqeSUz34KPAXe8,Him & I (Nightcore),1.89,Syrex,2022-10-07,2022,night
2Q6tyHr9Pen4VhPwmhuyZ6,Night Fondness,4.52,"Jazzy Jones, Erik Himmel",2022-07-07,2022,night
5Hc511aAeqSeQ5PoBqZd84,Night Service,3.03,"Keeth, elmo, Heemo*",2022-09-21,2022,night
2zEyrzKIZd1qcysLFXZZ9z,Night of Weeping (Live),4.11,Yoga Lin,2022-04-12,2022,night
6hEMicaznuS0D7cVWHH7er,On Repeat / All To Him - Live,7.35,"Hillsong Worship, Jad Gillies",2022-09-16,2022,night
1Bcuzu8dWi5hukdn4Vpv8d,Night Service,3.03,"Keeth, elmo, Heemo*",2022-08-24,2022,night
5MJyHVrNBM64oRIc5BTYNi,"Him, a Bull? Ha! A Bird",5.61,"The New York Second, Teus Nobel, Harald Walkate, Max Sergeant, Thomas Pol, Jesse Schilderink, Mark Alban Lotz, Vincent Veneman",2022-04-20,2022,night
4XT8oloshHcGbvIuaa2cY2,Spend The Night In The Rain,2.83,Himmel,2022-01-28,2022,night
6uCo64YvUcL3pLq7IJDnay,Tranquil Night,1.14,Sorcha Wilson,2022-08-05,2022,night
2gxnIjUGXE62BRWxo5pgls,Raise Him Up,4.12,Master's Voice,2022-01-08,2022,night
3nTRdxb8OL6tiryTp1Ep1U,"Good Night, I Hope The Future Brings You Only The Best!",3.21,Himera,2022-09-04,2022,night
51EOt4fKLUdWF49a4o8uIt,Señorita,3.74,"The Him, NIGHTLINE",2022-05-13,2022,night
7aGxy8qDrcLQoIdLHa6Uq8,O Come Let Us Adore Him/The Blessing,2.57,"The War Within, Madison Nightingale",2022-11-25,2022,night
2L9RGvtGxoDo2hEauE3Msw,Medley: 十個他不如你一個 / 雜技 / 愛才 / 街燈晚餐 / 積雪 / 天敵 - Live,6.55,Janice Vidal,2022-12-19,2022,night
0qSIBjPByDa7Cuolp57NSB,Night Jam,1.93,"Fedeflaviano, himood",2022-10-14,2022,night
6rP4hQhbUWhrWdbo2W1h1G,Black Night,2.23,Arthur Alexander,2022-10-28,2022,night
0sk8PDwjdg8UfkHspBSIwq,Unsere letzte Nacht,3.09,Paula Hartmann,2022-08-26,2022,night
0k1pyXE7LcRqdQIK23GmHh,ASK HIM OUT!,3.58,"JUKO, nuumi, ecocyde",2022-08-11,2022,night
4BqCbm2gzhR14lxyyPGy7O,good night baby,3.53,"電音部, 犬吠埼紫杏 (CV: 長谷川玲奈), Moe Shop",2022-01-20,2022,night
3BewjlT8ixl4lIzJ0a2CO4,"Hush-a-bye, Baby, on the Tree Top",1.87,Nursery Rhymes ABC,2022-01-07,2022,night
6ydXfM6TBgox67NfztrbXr,Brahms' Lullaby,3.39,Nursery Rhymes ABC,2022-01-07,2022,night
1gXrhZOunxvPwhlIVJ8KMS,Babylon,4.08,Dirt Poor Robins,2022-11-15,2022,night
2oWLwl8V41KI2dlNnxvQw1,Edelweiss,2.71,Nursery Rhymes ABC,2022-01-07,2022,night
2wbF0H0LTPe0m3Om51zYXE,I See the Moon,2.71,Nursery Rhymes ABC,2022-01-07,2022,night
1SxKjM7ZOD1qU6loEwlW43,I Can Sing a Rainbow,3.31,Nursery Rhymes ABC,2022-01-07,2022,night
0oMSmexrqKgGZT0aZMcSgx,Five Little Ducks,3.48,Nursery Rhymes ABC,2022-01-07,2022,night
1HqcOVIBsUq4MIR2pOcqpS,Friday Night,2.52,Edot Babyy,2022-03-18,2022,night
5z7PQkYoAcoC5MPmjP4hhc,Starry Night,29.94,Silent Rhythm,2022-03-08,2022,night
5gIl1IGmhoVzsx5iDg0cpw,"Oh Dear, What Can the Matter Be?",3.15,Nursery Rhymes ABC,2022-01-07,2022,night
2agkEVDnrz2WTT0nO576hd,Lavender's Blue,3.76,Nursery Rhymes ABC,2022-01-07,2022,night
5GOsd3anC4tawkjQlIUdD1,"Twinkle, Twinkle, Little Star",2.96,Nursery Rhymes ABC,2022-01-07,2022,night
0YM2D1n87H1YHQxVgIugnf,Baby Shusher with Night Rain and Crickets For Sleep (Loopable no fade),2.37,Dream Supplier,2022-10-28,2022,night
21syoBtd2QkbyGiXB6Q2NN,Hickory Dickory Dock,3.08,Nursery Rhymes ABC,2022-01-07,2022,night
0WjlQfX1j9FdUK9qesuMDh,Somewhere Over the Rainbow,2.3,Nursery Rhymes ABC,2022-01-07,2022,night
2SXJ3UNmhMEZvpQx3BTtvg,Hot Cross Buns,2.21,Richard Tyme,2022-11-02,2022,night
2SZCMO2R99v345MsjWL7ye,New York New York,3.26,Night Club Orquesta,2022-02-25,2022,night
3wjf14sE1LeXO5LknSVOwe,New Flame,3.13,Lee England Jr,2022-07-04,2022,night
5WLuGWKVBeUoXCVLaBHwJM,The Newt - Stretchy Ears,1.24,Christopher Nightingale,2022-11-18,2022,night
2rDkRLPyZoeUz0Z5nLz4Lr,New Evil,4.42,Nocturna,2022-01-21,2022,night
1giA7BPyUvL0GA69tGLYLS,New Place To Drink,3.9,Jon Pardi,2022-09-02,2022,night
1hKZuKDTCOwfgmzV3BYQFb,New Paths,2.56,"Ayzic, Lenny Loops",2022-05-09,2022,night
0FtlCHERRq4C7hrgIqhIpJ,New Orleans By Night,2.43,Elon Husky,2022-08-19,2022,night
41D40OpTyMeZBEvXM7LQ6e,Nightsky,1.9,Phoenix Moon,2022-10-14,2022,night
3quKojt5bWPgHluCA9i4yd,The Nights,2.35,"New Beat Order, NEMESIS, Rachel Morgan Perry",2022-08-30,2022,night
2qjIOstjMj38HQwKOZGz3s,New Milk (Friday Night Funkin' Vs. Sonic.EXE Mod),2.64,Squeak,2022-06-24,2022,night
2VxwdLlmV8XNKyV2W9aE7Q,Nightly News,4.16,"George Carlin, Father Guido Sarducci",2022-05-03,2022,night
699S4TXaRtoPzy6JIueC58,Night Shift,3.56,sKitz Kraven,2022-12-23,2022,night
5lQB9kH5hkwPXXqklmlYDU,New Jazz,7.16,Løvdal,2022-07-01,2022,night
24agh4Z8pYY8F8h0cpm3IM,Married to the Ground,3.69,Glitterfox,2022-05-01,2022,night
0ST39nmcDJwyZwd1getCdZ,Nighttime in the Chapel,3.3,Will Ackerman,2022-03-04,2022,night
7IpRuxHZsTSEhmgQgYDMEw,Nightwalking,3.59,Tempers,2022-04-01,2022,night
1r4ZKwyTPxEVeWrKjevcet,Nightcall,3.0,Harrison,2022-06-24,2022,night
605A3zlaQrLYyY6DQkMmKB,Night Wish,4.19,Moon Groove,2022-09-16,2022,night
2GUiFXSEUv5usGlSGyn4no,Old MacDonald Had a Farm,2.08,Nursery Rhymes ABC,2022-01-07,2022,night
0vsedeIvoKKTV5cVU7E6n8,Nights,2.09,Ran the Man,2022-07-26,2022,night
0eQZaR47vkYzvmsRkJHxKL,Saturday Night,5.41,The Dead South,2022-03-04,2022,night
0fUaZOA97HlTY03d3qcWMt,The Old Treehouse,2.95,"Mondo Loops, Axian",2022-04-14,2022,night
1QC6Yb7gPrwrE27Q9GaLHY,Nights In Brooklyn,3.44,Asha Lin,2022-11-04,2022,night
7atU7r3R9tYis2RZEHgXpx,nightlife,3.66,Beach Villa,2022-11-04,2022,night
2W4K8QN9nl4Oy555sdHmp5,Bali Night,1.47,"Timos, cloudkut, menda",2022-03-25,2022,night
50VEjYVEuVfbhCpf2tAU9l,Late Night Radio,4.0,NIGHT TRAVELER,2022-07-07,2022,night
0Ic23MmzwCrmzqL4OnwmxO,The Night We Met - Acoustic Version,3.27,Gabe Martin,2022-10-03,2022,night
3xTtGYACBRnFantm0SHqlH,Tale As Old As Time - Lullaby Version,3.07,The Night Owl,2022-03-18,2022,night
4WWUSL7ceeb9cCKq2TDKuY,Night Time Slope,2.85,Old Coke,2022-01-17,2022,night
756fnIk0VMH2PTLjnVO7eR,Nightmares And Dreams,3.29,Your Old Droog,2022-05-27,2022,night
6xE0okQPVPhIcYmGdTJAyb,Dancing All Night Long,3.78,Tentendo,2022-09-02,2022,night
2jGAAhfQMS0Nz1I90uRqHv,Night Sky,2.48,"Ruffnux, Tenjo, Jakob Dreams",2022-05-20,2022,night
0UMGSkCKOz7mdkQbUK1fp2,Dance All Night,2.77,"Lila Frascara, Ronan",2022-01-21,2022,night
2nAOcLkh4KkBle7KbcsyvT,One Night,3.03,RAZZ,2022-10-21,2022,night
4l5eqQw8x7aQyWUYiLcfD6,Fade Away,4.09,Wax Jackets,2022-10-14,2022,night
3tYhyAtmqvtWXQpnLRitlm,Lost In the Night (Chainsaw Man),3.85,"Rustage, Jonathan Young",2022-11-11,2022,night
4frzrNfhdKXINSOtFqTHys,Lost Into The Night,5.15,Elisa,2022-01-19,2022,night
3sz0hi6mkqq0hfRMN8RGrs,Lost,4.09,yama,2022-08-31,2022,night
5A8SrqGusZrmtpBtTtMEpn,Lost in the Night,1.23,"Läskiga Låtar, Charles Parsson",2022-05-27,2022,night
3f9yBAhCxltMTZruU66I95,The Nights - slowed + reverb,2.76,"Slowed Tunes, 8D Tunes, lost., Pop Mage",2022-09-28,2022,night
1n5pILJaTz0eJ9EkK3bnFo,NIGHTCARE,2.37,K Suave,2022-12-16,2022,night
5mWW2kP2PSkTo2CsCJQZD9,Big Fun Never Ending Nightmare [75 BPM],2.04,Vegyn,2022-01-26,2022,night
6RQw1iDgWytPWEthsl4DJn,Night Dreams on K2,2.18,Cosmic Space Traveler,2022-01-10,2022,night
6R7f1yvANUMacDbmNsziIs,Lost In Flights,3.91,Aurora Night,2022-01-07,2022,night
2GlX0Z5taRdXubLdT2Akcf,The Night I Lost My Soul,2.53,Nefew,2022-12-29,2022,night
4l8pyouBeneo5hueitCIXz,Late Night Talking - Instrumental,2.97,INST,2022-08-26,2022,night
5HAPvV3VB7vbmKclfwGvfa,Lost Cause - Nightcore,2.63,"Cherry 葵 Nightcore, MYTCH",2022-10-28,2022,night
0C1rFLOV3bfnzHEiUBXEjF,Calm Night,2.65,A Slower Tempo,2022-03-20,2022,night
1k0qrozfi7aOuFVM1XtWEi,nightmares 2gether,1.86,Fatboibari,2022-11-25,2022,night
1XvF0oP2p17E04lMCR26YY,A Night in Spring & River Stream,3.22,Josef Homola,2022-06-10,2022,night
0yWNeUCYLkWX24tuQz7nQg,The lost fountain,2.78,"Grisp, Kirikoukiri",2022-06-13,2022,night
3MsKTi8ExKXSFJpyYUgGP0,Nighttime Relaxation,1.14,Alfonseca Nature Sounds,2022-07-18,2022,night
1J5BL6n5xgKT1Bybyesyvz,"Walking, Walking, Hop, Hop, Hop (Frere Jacques)",2.09,Richard Tyme,2022-11-02,2022,night
4aQAsbHH0eV04FZ5ARtWP3,Freight Train,3.77,Night Swimming,2022-08-12,2022,night
5oqa4qcgVr0HB8DvUSz3RC,NIGHT FREEDOM,2.34,2EXRLY,2022-08-07,2022,night
0jINkMDz4FChyWtYPqBxaO,Late Night Freestyle/im not perfect,4.42,Blackedy,2022-11-12,2022,night
40i123eK1z1saRvFPPX8YV,Late Nights (feat. Jim Jones),3.86,"Jay Worthy, Larry June, LNDN DRGS, Jim Jones",2022-03-25,2022,night
15uMuSvHZi7gm02mM3mTwh,Freedom For The Stallion,4.99,George Winston,2022-05-06,2022,night
615StwxnpRpmVAHUjAqJoJ,Free Of Memory And Of Hope,3.02,Ephemeral Mist,2022-04-14,2022,night
0im6j9pT73yPBmhmWVG1OS,Late Night Freestyle,1.31,Dre Breezo,2022-09-09,2022,night
0wW4ORglB8FS1Xqess1gmD,Free Minds,6.12,"Cozy Bedroom, Cozy Apartment, Cozy Places",2022-02-25,2022,night
713EiINiznmY5tcakoIRpI,Night City Ride,2.27,The Freesounders,2022-10-28,2022,night
2jXoxMD3mUAtHetEjMr2xa,Late Night Freestyle,2.37,Sikks,2022-11-22,2022,night
4ReJBi5fD6RiAQvknuRkqs,Too Many Nights - Instrumental,3.33,Metro Boomin,2022-12-16,2022,night
037a2xAZj4y1ZfgwxNRZTy,Friday Night Freestyle,2.54,Confz,2022-11-23,2022,night
33VMQ5tXJjjuDmOBklNWbd,The Approaching Night,2.66,Elias Freedom,2022-04-23,2022,night
3seaAExXC2kHbKpRmjNk3r,Nightlife Things,3.2,Richard Freeman,2022-03-30,2022,night
50j5nljPjPXXHp4jRtdqSJ,Stay For The Night - Rockstar Energy Studios Freestyle,3.46,Arin Ray,2022-09-30,2022,night
1jrhydK7LJMrdqLMqTRjw5,Nightsift,4.68,of Montreal,2022-07-29,2022,night
3b7asqm0YgX5p5yKX9iWiN,The Nights We Shared,2.63,Sebastian,2022-07-22,2022,night
16GIRXYEMRhfjP6H9fRCib,Night Shift,5.88,Mary Halvorson,2022-05-13,2022,night
13cObjyhfZ9S3l37SNtyAh,Now You're Gone (Nightcore),1.85,Syrex,2022-03-25,2022,night
7zC4jeFHR9HGmopeWJ8Fwp,Night Watch,3.02,Yjovian,2022-08-10,2022,night
0VKvPzSWEqC2xwwFK2Nc0j,Look at Me Now,4.04,"ApAngryPiggy, Muscape",2022-12-23,2022,night
4zZTklSkHB33Ignyu6xSda,Nowhere To Call Home,3.45,NightCove_thefox,2022-12-16,2022,night
07sCj5nmYVgvanReYrZ35Q,Starstruck,3.46,Olly Alexander (Years & Years),2022-01-21,2022,night
4Ya42skP8is9XEmwo4xLZW,Nowhere,3.22,CD Ghost,2022-11-11,2022,night
1VeAXUa20YkzfEi1Zk2y0o,All These Nights,2.57,Tom Grennan,2022-07-15,2022,night
3UEOT0hD60yGB1OMWJxLQ8,people pleaser,2.44,Cat Burns,2022-10-07,2022,night
0sUglyPt14Oe4ZeozqsFs3,The Nightingale's Song,3.1,"JazzyCal, Nogymx",2022-07-12,2022,night
2gBFnKpNEbiHhu2s0Gek9C,silent night,3.48,nowt,2022-11-13,2022,night
4dKJu6nlarb6oVj2mMcLSd,Now I’m Up,2.87,"Saturday Night Live, Willem Dafoe",2022-02-14,2022,night
5BshRjju6uOpUb7kMqZJez,Want It Now,3.22,Lo Nightly,2022-11-16,2022,night
5iNYgxi1ILRjm3uVzA1jhz,Somewhere Only We Know - Lullaby Version,3.55,The Night Owl,2022-03-18,2022,night
24ZK6ktulZN4bTGbEO2y9o,Where Are You Now (Nightcore),1.91,Syrex,2022-09-16,2022,night
2aaluShTBEEDYi3v1eVcvt,Where Are You Now - Piano Version,3.22,Sunday Night Piano Club,2022-02-28,2022,night
2ie1cOWQet91iWwmAQVkWB,Night Club,3.37,DaShawn Shauntá,2022-08-26,2022,night
2hE88S5Of24oyu4uX15wrM,Sleep Now,1.57,Teddy's Wonderland,2022-01-21,2022,night
1TWGJys700nmNXcA2AqsTf,What The World Needs Now,3.92,Hudson Harris & Haim,2022-07-01,2022,night
6RrQ6QL4wDwzuAumKxPyrN,Where Are You Now,2.34,"Navagio, Joel Coopa",2022-03-03,2022,night
283QXW0fkAXVvyYQTBpZmB,Gone - Nightcore,3.24,"ZeroMizKun Nightcore, ROMAN",2022-06-27,2022,night
6upXAlN0tlTavXMenVWna9,When I'm Gone,4.37,"PEEKABOO, XAELO",2022-08-19,2022,night
49JNiNqPNvBEYBUKl0LnWR,Night Gone,3.64,Before After Again,2022-08-13,2022,night
6vkFY0Zokbpor2LCrlULwf,Gone,4.46,"Nelly, Kelly Rowland",2022-10-14,2022,night
38qW457lFjQnpPuD6Vp10k,Gone in the Night,2.86,"Trosk, Emilia Milton",2022-04-08,2022,night
34gV1mPgmcV2Z7sY8ycE5m,Nightcrawler,3.63,Nick Alexandr,2022-08-19,2022,night
2jl1SnTBorosP5bRt1kL0m,Friday Night @ The Liquor Store,3.33,Avantdale Bowling Club,2022-09-30,2022,night
1pxCp3rriFIXZIDUdZ7bEM,"Oh Where, Oh Where Has My Little Dog Gone?",1.64,Richard Tyme,2022-11-02,2022,night
4V18xWiu1oLaFdR0WJOd6K,GONE,3.5,Yung Nightmares,2022-08-20,2022,night
2skzHFGxyAjRMjmIHbCWtY,Love is Gone - Sped Up,1.41,fenekot,2022-10-28,2022,night
1PyZDcaUevouAU4MmnISxZ,The Purple Night,3.48,Just Nicole,2022-09-29,2022,night
0pHHX45FLJ1zpSBd3eRJmb,Too Far Gone,4.24,"Last Night of Solace, Concepts",2022-12-02,2022,night
6QDDTgfMMVfQ49wd2vJ4aR,Ride the Night,5.5,Baldo,2022-04-29,2022,night
22dLer3a1kZPckd2bftzDr,Night Trip,5.77,"STRANGE POP, Seasonal",2022-04-11,2022,night
2heZzPXMg1qhV84UMagCVc,Bluebird's Gone,4.62,Graey,2022-05-20,2022,night
3j4G8qkc0TadrsGnPhWXnq,A Delicate Nightmare,2.63,Kyle Stibbs,2022-05-25,2022,night
3WSJbjk3KfQyiYuFtbpJeF,Already Gone,3.13,"Le Bon, Angela Correa",2022-07-22,2022,night
4cbddQdsUFiLhkzExl3pUq,So Far Gone,4.37,Weird Nightmare,2022-11-16,2022,night
51opuNsrUewNyBaz4wV5H1,First Night Back in London,2.19,The Clash,2022-05-20,2022,night
1RSFwVzCHU9WHuD1Kt3wkC,Backseat,3.33,"Juicy J, Project Pat, Wiz Khalifa",2022-02-11,2022,night
54jbSweLQxs8izE3tDQXM4,Geez,3.25,Late Night Radio,2022-07-15,2022,night
2GN01PnmnXB44UDPCzvH5L,Always Come Back,2.63,NateWantsToBattle,2022-10-25,2022,night
054yWLQFJCISgsQxoTRKQK,Night Ride,2.55,"Langston Bristol, Nathanie",2022-01-18,2022,night
2OqOXJjmhMBiWyBn8UaEkY,Backrooms Boss Music,2.59,Camelidea,2022-11-27,2022,night
1MFVofSZ2mQDPqQyW1oInX,Back Then,2.12,"S N U G, Dyrean",2022-09-26,2022,night
0oKxUCDoWmBFPxukBWiQfq,Nightlife Background Music,3.97,"Jazz 2 Relax, CafeRelax, Jazz Music DEA Channel",2022-06-15,2022,night
5XYNCCkYoFLegWZcQU9ecn,Good Tonight (from The Bad Guys),3.69,"Daniel Pemberton, Anthony Ramos",2022-03-18,2022,night
0QKusrvSKT71xp4CgRcYyn,Back in Blood - Sped Up Version,2.56,"Pooh Shiesty, sped up nightcore",2022-10-27,2022,night
0QDqq5wmKoDkB133x99hNK,Night,2.8,Wulven,2022-10-17,2022,night
3ePf6bZpj0DvDbGduotgtt,Always Come Back,2.63,NateWantsToBattle,2022-10-03,2022,night
4PoQlkXFbCfAwjRHYmnuP6,Backwoods,2.62,Justin Moore,2022-05-27,2022,night
4mE3TS6Uhv3iWAoOJC8L9i,Night Drive,3.25,7vvch,2022-07-11,2022,night
2WVwBNtzstVflbwYQukU3A,I Bite Back (with Ck9c),3.12,"When Snakes Sing, Ck9c",2022-11-01,2022,night
5DPFdggnRyn6qH2PMkpNjK,Back Together Again - Cliff Wedge Radio Edit,4.05,"Stockholm Nightlife, Helly, Cliff Wedge",2022-12-26,2022,night
6ex0RelF7uGg4I8zoJlCTN,Slow Laps Background Ocean,2.93,Shorenights,2022-10-19,2022,night
41PLS2WoQRCZdhHNTj8z9q,Night of Romance - Short Mix,3.16,Dinner Jazz Lounge Background Music,2022-12-31,2022,night
22l2FBuY6rbcl3TXNRxt3W,"Tonight, Again - Demo Version",2.67,Yel,2022-04-04,2022,night
6VS9psza5Jbv7Eq4TRWavY,Again - Remastered,3.55,NightCove_thefox,2022-06-09,2022,night
3fVFXcRvNI7Xm8ZT0uWFb4,Kelly (end of a nightmare),4.29,"Fred again.., Wet",2022-10-28,2022,night
4FMz9rcQTr7yyl7FvIKTBb,Love Rainy Nights,5.63,Nature Therapy,2022-06-22,2022,night
6LUPPDzNEy1QIDGsJdkyFQ,Night Again,2.61,James Spanos,2022-08-18,2022,night
0u8VfWTShL2evkNFFOIbIZ,Night Again,3.15,JAVAD,2022-10-31,2022,night
67ii3G5rEtuD6aD9wVHwhu,At It Again,2.95,Do I ReppD,2022-12-10,2022,night
1oo6vuBssTL6KVvcRaUm6S,Nightfall - Instrumental,2.39,YoungBoy Never Broke Again,2022-08-02,2022,night
7acj0GoFPznAft60WoAuPY,At Night Again,2.8,Brandon's Three,2022-05-15,2022,night
7HYXS18HB4PR8Ufpgo8Y9f,Night Again - 2022 Remaster,6.97,Steve Tibbetts,2022-07-01,2022,night
7GjnHDWz8cVEclLecaNOP8,Nightfall,2.39,YoungBoy Never Broke Again,2022-08-03,2022,night
65s5qewVrINX55lyku2uqe,Floating Against the Night Sky,3.03,"Los Days, Tommy Guerrero, Josh Lippi",2022-01-07,2022,night
1WphP36dpwF7zL7L6Og6ts,Believing Again - Cello Version,1.16,Harmony Night,2022-02-11,2022,night
4tmF96Zlvt0cRMQvZHWD1Z,Night Forever,3.03,"Perry Maysun, Muchi",2022-07-29,2022,night
1bmXSl5z29xlSWlupVbQ5P,Forever Young (Nightcore),2.33,Syrex,2022-09-16,2022,night
13Sug48AtQQ0K6cPuJlddh,Forever YHWH - Live,7.85,"Legacy Nashville, Tiffany Hudson",2022-10-07,2022,night
7nisZjYBbfOd5thLKl7aAG,Forever on Your Side - Live From Bridgestone Arena,3.41,NEEDTOBREATHE,2022-05-25,2022,night
7aGQ5amwc1HVB7AxGBDHBu,Summer Night,3.23,Girls' Generation,2022-08-05,2022,night
43jMGI9bRNGMD2xpp9CiMA,Forever YHWH - Live,7.85,"Legacy Nashville, Tiffany Hudson",2022-10-07,2022,night
7qkKa7H7Flpk8uN7gjtW7e,All Night,2.95,Bleak AG,2022-04-16,2022,night
5W1Qgc9NhqN6OXz1rMpWKk,Forever Yours,1.85,"Krynoze, Late Night Tones",2022-11-20,2022,night
29LhJXEAqEF38tUQV3FZux,Night Forever,2.72,Organic Call,2022-11-16,2022,night
2GdJHcCT2hVuhdWO4vKWPA,Night Forever,4.26,Chaidura,2022-01-28,2022,night
38hRfLht6NBW95G8Fj9S26,Night Forever - Remix,6.77,Miguel Johnson,2022-09-01,2022,night
2cGjvTCLo9y6WKARQRLNKG,forever,1.86,horrormovies,2022-03-01,2022,night
6OlDf6zuieT3ByLueLhkbg,I'm Forever Blowing Bubbles,1.26,Nursery Rhymes 123,2022-05-20,2022,night
3IRsjd8SnhnqJPTSXUPIIB,Forever Mine,4.06,Auger,2022-04-01,2022,night
6JK0ORSBPeFkr0EqF8JGCC,wishing this night would last forever,2.36,"Billy Wuot, Chilled Cat",2022-01-28,2022,night
4pi38TIexpngjxkzyduDkX,Night Owl,2.79,"Shepherd, George.Rose, Mike Teezy, EmanuelDaProphet",2022-06-17,2022,night
5bn4P7UNcCKRihkstZ3yOR,Night in Verona,4.03,Trio Del Norte,2022-11-13,2022,night
1nQfpQKkycZ0wFXQwgCXVC,nightcore whore,2.65,"horrormovies, od1ous",2022-03-01,2022,night
1TlTzdsEpgfsmbuNfYmWfG,For Tonight,3.2,GIVĒON,2022-06-24,2022,night
2bY2xhXzgDyBblSvke0Mtm,Goodnight Tonight - Single Version,4.36,Wings,2022-12-02,2022,night
5lLsusYmNQkOalUBSaWUEI,One Day Tonight,2.76,Noah Thompson,2022-05-13,2022,night
2BKhMeOOjLohwCOuobeiVd,Can I Call You Tonight? / Quarterback,3.26,Cal in Red,2022-09-02,2022,night
1wt84okmuJjctWwrBFRqyY,LEAVE TONIGHT,1.76,RomancePlanet,2022-09-30,2022,night
5neAMWKt6iGIFrdMaDGo9P,"""But there's only one you need to hear from tonight...""",1.47,"SIX, Adrianna Hicks",2022-05-06,2022,night
2S50IGNk7weFdovY1uCsEo,Save Tonight - Piano Version,3.48,Henry Smith,2022-02-18,2022,night
3qy5ZInGkf6cDMfDQYFep9,Party Tonight,3.63,"Lydia Ganada, Aleebi",2022-07-15,2022,night
6JfSeYWsmyvldwnldtOG1G,Tonight's the Night (Gonna Be Alright),2.78,Joseph Sullinger,2022-12-30,2022,night
41x8k6JK16bUPETQJmNMrs,Night Dreamer,3.43,Into the Bliss,2022-03-13,2022,night
3nVnHH5NyPehMuaiAXX5Js,Night Dream,6.35,"Cozy Apartment, Cozy Bedroom",2022-03-19,2022,night
7Eknhvq7E57TCaYGu18BH1,Last Night Dream,2.2,KENJI KIHARA,2022-03-31,2022,night
1F4Sia9UHvh5JuPV7bwgix,Humans,4.19,Night Tapes,2022-06-07,2022,night
5CyHLuIWgCR5EVzAlOOI9J,Cyan Night Dreams,3.59,Parasite Inc.,2022-08-19,2022,night
7pjhDlAstOqIkH2QmnblvU,Dreamscape Waves (Ocean),3.03,Shorenights,2022-07-12,2022,night
3xQnhrZpriPXm1kmX5epVm,Dreaming Underwater,1.2,Late Night Tones,2022-09-15,2022,night
1qwNOmRur3omktx18WaMLP,Winter Night Dreaming,1.03,Nature Dreams,2022-11-25,2022,night
0qZ0843XRQYRjg0oIhArbO,NIGHT DREAM,3.23,KoruSe,2022-10-28,2022,night
4PyVERW6LDrP80rUGzw9pO,Goodnight Dreamer,2.64,Dreamer Isioma,2022-02-23,2022,night
1rlt35mDLk8rFM9J0mnDdu,Night Dreams,3.52,Umar Keyn,2022-07-27,2022,night
1Oe6vaXF3waSz0fvRkLUgk,Night Dreamer,3.16,Broken Peak,2022-09-16,2022,night
2GSvJBUAxVQ8VSDDurTZTK,Night Rider,4.56,Dreamwake,2022-04-05,2022,night
04dx6JKIyjwDCT40mN8zPQ,Dreams and Nightmares,3.84,Meek Mill,2022-06-17,2022,night
4TmzWCmywyDtyAN0fA6245,Dohm Night Time Sleep Machine Fan,1.18,"Aural Escapes, Dream Candy, Wandering Wild, Hushaboo, Rainspotting",2022-02-19,2022,night
5aIcDJHy6wZ97SV4ocuLbd,Nightingale,2.04,Sleepermane,2022-08-04,2022,night
0r9Rm3AqiKvvR9uyvkG8Mh,Dreaming,5.25,"Cozy Bedroom, Cozy Apartment, Cozy Places",2022-02-25,2022,night
2XzSBFXdO7F245MNcifxl3,Nighttime,2.06,"mono._, Chillhop World",2022-11-01,2022,night
0ezEGdFPYtRHzILpYuDOhE,Heart of Stone,5.65,"SIX, Abby Mueller",2022-05-06,2022,night
3dDaJo3QS9Bohk8wrG5Pvv,Virginia (Wind In The Night),3.42,The Head And The Heart,2022-04-29,2022,night
6vIFn8lD0weLCltOs7ajCo,Heart of Stone - Alternates Version,5.38,"SIX, Keirsten Nicole Hodgens, Nicole Kyoung-Mi Lambert, Courtney Mack, Mallory Maedke",2022-05-06,2022,night
5y3M0g9NeTe4YKc0uBvVX1,Heartbeat,2.46,Nitecore,2022-02-25,2022,night
5B3UxvXTvcjFoIFiCfhTH2,Jenny - Hearteye Speed Mix,2.98,Studio Killers,2022-01-20,2022,night
19nEbLE6eLXatpuMw3rdtM,Nightshift,4.95,Bruce Springsteen,2022-11-11,2022,night
1bbnzRWj8vuOBQmoHFfqOg,nightriders,2.03,"Wilee, Øneheart",2022-11-11,2022,night
01mRDzE91gHzC6pFMAXr56,Heart Attack,3.05,Wax Jackets,2022-10-14,2022,night
7vwvRetMAut171unk8df78,Heartless - Nightcore,2.95,"neko, Tazzy",2022-09-03,2022,night
3C8443QLTk20CWSIhwK0sK,Heart Attack,2.89,Into The Nightcore,2022-03-03,2022,night
03gx5xXMcfEK7ZnOHsjvJL,Virginia (Wind In The Night),3.42,The Head And The Heart,2022-02-11,2022,night
0PsiZOHTHwSpuEXSdf5cTk,Heart Worth Breaking,5.13,The Midnight,2022-08-24,2022,night
7IK26RNUdgoZWJdlarrcty,All Night (Live),3.83,"AP Dhillon, Shinda Kahlon",2022-10-07,2022,night
3QeDBrfHSMvJFKQd6ALYM2,Feel Another Day,4.03,Night Moves,2022-05-10,2022,night
5jIutxBjIGYZSzprv2atxN,Night Moves,5.42,Bob Seger,2022-09-16,2022,night
4rzREIykKrHD9RdvhRHACP,Nightmare,3.5,AViVA,2022-11-25,2022,night
7JjopiZFPvyS7o7lIAI4qz,Heart Filled Up,5.29,Paolo Nutini,2022-07-01,2022,night
