Track_ID,Track_Name,Duration_Min,Artists,Release_Date,Year,Query
3CeCwYWvdfXbZLXFhBrbnf,Love Story (Taylor’s Version),3.93,Taylor Swift,2021-02-12,2021,love
6FbFmJgyXcL3hmdGK41aSi,Love & War,2.92,Lil Poppa,2021-05-07,2021,love
4yMMsS5QaEcsHZkKwdEyLv,Love Potions,2.89,"BJ Lips, princess paparazzi",2021-08-02,2021,love
6YvqWjhGD8mB5QXcbcUKtx,Love Story (Taylor’s Version),3.93,Taylor Swift,2021-04-09,2021,love
2mOp5BSfbZrf4tunZ5mPit,Loverboy,3.74,A-Wall,2021-08-27,2021,love
4VCbgIdr8ptegWeJpqLVHH,Love All (with JAY-Z),3.81,"Drake, JAŸ-Z",2021-09-03,2021,love
2prnn41CblB8B4yWACDljP,Love Tonight (David Guetta Remix Edit),2.63,"Shouse, David Guetta",2021-06-11,2021,love
5ufE60D3rxtqP7xLrL4AEL,"Love Is an Open Door - From ""Frozen""/Soundtrack Version",2.12,"Kristen Bell, Santino Fontana",2021-05-28,2021,love
4lVVewXw4g8hB7sldQyJiL,The Love You Want,4.39,Sleep Token,2021-09-24,2021,love
2JUQ7mV1AHk2owXLydmN4Z,Love's Train,5.12,"Bruno Mars, Anderson .Paak, Silk Sonic",2021-11-11,2021,love
0tziUvXJBqjdmV8gWxOjfV,Love Songs,2.48,Kaash Paige,2021-07-23,2021,love
2f3uLP1pGemFE8eX15CyNt,Love Song,2.53,Why Don't We,2021-01-15,2021,love
06RYQJ7vyC3qyKmH6I6cev,Love Songs,2.48,Kaash Paige,2021-07-27,2021,love
1YHB1xwXPgCkuGjQ0prNdb,"Morgen, Op. 27 No. 4 (Arr. Reger for Piano)",3.88,"Richard Strauss, Angela Hewitt",2021-07-02,2021,love
37NfmgIw3hLatdtt7c8PNm,Love Me Harder,3.93,"Ariana Grande, The Weeknd",2021-02-05,2021,love
0JfpIwZfcRwDzD6GRYzfKN,Love Me Like You Used To,3.68,Lord Huron,2021-05-21,2021,love
5knSvwiFenQOkDoriHi2Rg,Love Me Land,2.67,Zara Larsson,2021-03-04,2021,love
1In2SL7fMVQD06TeMuPJWA,Love Me Again,2.46,Yunggoth✰,2021-08-27,2021,love
4qu63nuBpdn0qHUHuObEj1,Leave Before You Love Me (with Jonas Brothers),2.58,"Marshmello, Jonas Brothers",2021-05-21,2021,love
2PxUUGpUBoHcDUrPKNstTE,Love Me,2.43,YXNG K.A,2021-12-03,2021,love
0zUT6RbKCqHqorVnXVoZcm,LOVE ME OR LEAVE ME,2.44,Munn,2021-12-09,2021,love
0TmrhQAcZXeOwsLLZfNSy6,Love Me Harder,3.93,"Ariana Grande, The Weeknd",2021-02-05,2021,love
1lhm29o3syw122xynSKaAK,Love Me Like That,3.52,Sam Kim,2021-07-24,2021,love
1dKmaDRG1KvqwANvlhIyqx,Love Me Land,2.67,Zara Larsson,2021-03-05,2021,love
0clSHsrHl2irBkObcLEZqS,I Love My Country,3.09,Florida Georgia Line,2021-02-12,2021,love
5uNhj4KHA7nZO1CMwbnnqG,I Love My Squad,3.35,Iamsu!,2021-05-11,2021,love
4o4MwnE4OK3JNG4lCYFnwm,Love Myself,3.12,Andy Grammer,2021-12-10,2021,love
28mUleyDP9pDh8dWcF6IRv,Love Myself,3.29,"MadeinTYO, UnoTheActivist",2021-12-10,2021,love
3Je7nQJy7f9TZ42ZsaWpq8,Love Myself,3.11,TITUS,2021-05-21,2021,love
2nZ53WVFDAFvG81SaiuvVm,I Love My Hair,2.72,Gracie's Corner,2021-01-11,2021,love
32XaqPVTVkkuOiOPQZ3SpA,midnight love,3.23,girl in red,2021-04-30,2021,love
2DuPBbS5mIldXnh7Wum8Cy,My Little Love,6.49,Adele,2021-11-19,2021,love
4uk8dei7H7reKhJ5vOeK6A,I'll Love Myself,3.14,VICTORS,2021-10-29,2021,love
2Q3jFbyE61mCjS3SkW4toJ,Race My Mind,4.5,Drake,2021-09-03,2021,love
5yfMsbJda8sXVfnJHgm8Ke,I Love You,2.06,Young Slo-Be,2021-08-13,2021,love
4bpyaPa1xruVgE2GtsYbIW,Love You From a Distance,3.4,Ashley Kutcher,2021-11-19,2021,love
27UcQ6dAvQrgH9C880rCM3,Love You Different (feat. BEAM),3.11,"Justin Bieber, BEAM",2021-03-19,2021,love
5cjagrNaegv6IQZKflkPTf,I Love You So - Acoustic,2.46,The Walters,2021-11-19,2021,love
4pUxYUHVKXWsgGhEhOu7R9,"Love You More (with Nate Ruess, Gunna & Jeff Bhasker)",3.7,"Young Thug, Gunna, Jeff Bhasker, Nate Ruess",2021-10-15,2021,love
7IYoh1u7dFM1xIWSEYd5B8,If I Didn’t Love You,3.55,"Jason Aldean, Carrie Underwood",2021-11-12,2021,love
4ZYiV1lD5mJEMIdfIaVsBW,Love You Like That,2.92,Cloonee,2021-09-17,2021,love
0qMAHhmwXEPXMkNxunCWr3,Love You Better,3.94,The Haunt,2021-03-19,2021,love
2ZXxRC6V6AXzMdbLQZMHSB,LOT OF ME,2.06,Lil Tecca,2021-08-27,2021,love
0IkV2YqLBVsLrsm4ycVn2w,Love Is a Song,2.91,"Disney Peaceful Piano, Disney",2021-10-01,2021,love
70vinLD6ySiWTgnnUKMSQ6,Love Is A Weapon,3.51,Letdown.,2021-04-30,2021,love
2j3GxEsbNYNeEzz86wDY4J,Love Is A Game,6.72,Adele,2021-11-19,2021,love
0P0U1LfGMSxeAarJOpVa6U,Love Is an Open Door,2.41,"Disney Peaceful Piano, Disney",2021-09-24,2021,love
6OPHkZRTE9q75MAJeyy6hD,Love Is A Waste Of Time,2.79,Lovely Peaches,2021-03-13,2021,love
0fxAxY0sl1fyZ9rDs7G2pD,LOVE IS WAR,2.12,"LUCKI, F1LTHY",2021-12-03,2021,love
1z8k5pP1Gtw5WQFSYOn5dL,Love is an Accident,3.09,Flyte,2021-04-09,2021,love
1EoThnDm6kQfB2idIfR30n,Your Love Is My Drug (8 Bit Slowed),1.88,just valery,2021-01-07,2021,love
4kzcJJUonbCSlNXrHXt6n8,Love Is Back,4.27,Celeste,2021-01-29,2021,love
0sWdcfau4FakoKKTlIGoGa,love was here,5.55,"Jazzy Coffee, Cozy Coffee Shop, Relaxing Piano Jazz",2021-11-26,2021,love
4q4CU3YHWrV5hLvEBuHsZR,If Love Was A Gun,3.46,No Resolve,2021-04-02,2021,love
3E3SMSm6FMRA9gkpaFRFrC,Love Life,3.64,Stephen Sanchez,2021-10-15,2021,love
1rRmnaKlluwWCfXKKUEM5C,Disorder,4.23,Terminal Serious,2021-03-19,2021,love
5FKHBr2Gn8qSlKcx7JudfP,Lamb,3.6,Terminal Serious,2021-03-19,2021,love
5uihVvNuL9K426rBK7UP1o,If Love Was Easy,3.95,Ron Pope,2021-12-31,2021,love
2pPO9YecZimmuVQfIzfV6U,Wasted Love (feat. Lagique),2.33,"Ofenbach, Lagique",2021-01-08,2021,love
7EgtvRAeOkfB5OeFgfGsWM,Wasted Love,3.26,"John De Sohn, Andrelli, Rasmus Hagen",2021-02-05,2021,love
6xCKjUFf9Z1aE5Kc1MBVk9,Love Was There,5.62,"My Brightest Diamond, Vincent Taurelle, Lydia Cleaver",2021-11-19,2021,love
1FqRxKKLXSSA1HT1RXKzk5,Our Love Was - Mono Version,3.4,The Who,2021-04-23,2021,love
0Qa0WCkZk2l04okv7tfTvV,鈴蘭 ~Proof that Love Was Never Real~,5.09,Takamachi Walk,2021-12-30,2021,love
38GAKqW7Qtz9XhfdoaASUY,if our love was a castle,2.4,"Laeland, Skinny Atlas, oc",2021-02-11,2021,love
36CShLg9RErEtmM6E4MyFE,Love Was Lies,4.11,Terminal Serious,2021-03-19,2021,love
43zlCWvyAqDyiQzvJTf4cJ,New Jail,3.57,Terminal Serious,2021-03-19,2021,love
4Z3IYGomaL8zgg1pDvKHWl,Shit Inside,4.12,Terminal Serious,2021-03-19,2021,love
4iUhVpWTfYhtPflXYnVoVm,Love's Theme,4.14,"Barry White, The Love Unlimited Orchestra",2021-03-12,2021,love
7gESuiigF7GFFYIApfUBk5,Love the Subhuman Self,5.15,"AISHA, Jamison Boaz, Arc System Works",2021-10-01,2021,love
2hxRq1Gy14DmRIFieAB7Hi,I Love the Mountains,2.14,Super Simple Songs,2021-06-04,2021,love
6gLJoEyuuHk1IwrZXWjotF,Love The Way (Feat. Jay Park & punchnello),3.03,"YUGYEOM, Jay Park, punchnello",2021-06-17,2021,love
22bPsP2jCgbLUvh82U0Z3M,The Way I Loved You (Taylor’s Version),4.05,Taylor Swift,2021-04-09,2021,love
58K06FMLiuyFYgQQKwlGnn,Love The Hate,1.94,Limp Bizkit,2021-10-31,2021,love
308Ir17KlNdlrbVLHWhlLe,The Feels,3.3,TWICE,2021-11-12,2021,love
73JMWeGOiTpJvqmHQU8qnN,Love Her Madly - 2021 Remaster,3.36,The Doors,2021-12-03,2021,love
1A2IjwjlH6GXXlVhdbanCU,Love Hurts (feat. Toosii),3.71,"Lil Tjay, Toosii",2021-04-05,2021,love
3yuIvz5stb9v9cljhZ5Zas,If You Love Her - feat. Meghan Trainor,3.6,"Forest Blakk, Meghan Trainor",2021-04-09,2021,love
615LwsUs7WA2KvSRRmXAUK,If You Love Her - Acoustic,3.7,Forest Blakk,2021-01-15,2021,love
2A6ZdHlKTrpz8jNB7DIwYy,love her for we,2.8,Zubi,2021-11-26,2021,love
2ULQtFHTzUK0DqcqWUlXxw,Love Hurts (feat. Toosii),3.71,"Lil Tjay, Toosii",2021-04-02,2021,love
0uiHv6ieCOkc9sE9ae3nDJ,Love It Here,1.49,Moneybagg Yo,2021-04-23,2021,love
6Q9IUoBTNLHgBib1FSFGbj,Love To Dream,3.61,Doja Cat,2021-06-25,2021,love
3HeqMHFFza8RNXWn12Fk9L,Love Hurts (feat. Toosii),3.71,"Lil Tjay, Toosii",2021-03-31,2021,love
1G1CAPNUAVfVj4KLxO7Zb6,If You Love Her,3.62,Forest Blakk,2021-03-12,2021,love
54H2zOnBtJXEL7MuUPjqlH,I Love Her,2.3,Paloma Mami,2021-03-18,2021,love
5DavWooWxQ7AoVbJ2tQe47,Love Her Again,3.74,Upchurch,2021-06-26,2021,love
4kHHID3qzT9B4lqIOdbCKj,I Think I Love Her,2.55,Kidd G,2021-09-24,2021,love
7b9oZ5tuGDKRWsL0lgQXqg,Tell Her You Love Her (feat. Mat Kearney),4.38,"Echosmith, Mat Kearney",2021-01-08,2021,love
2SaRzgR31GOG6Cizmtp933,And I Love Her,3.17,Guitar Way,2021-04-23,2021,love
2MaGdDg1cbXTywMf93cEZt,If You Love Her - Mark McCabe Remix,3.0,"Forest Blakk, Mark McCabe",2021-03-12,2021,love
6fucZ6mdZ6OoeDdBbgN6ZC,528 Hz Love Energy,1.37,Spiritual Frequencies,2021-10-01,2021,love
2Y8ypkWjxFI5pJRIkMmXi9,528 Hz Love Frequency,1.35,Spiritual Frequencies,2021-10-01,2021,love
3kTCyZKME2O8YatQ3Fjb72,Love Him I Don’t,3.26,Maisie Peters,2021-08-27,2021,love
23XbLqrM32MxRpyRKuUkr0,"Love Him, I Love Him",1.99,"Michael Middleton, The City Singers",2021-06-18,2021,love
0WQaKMPg0nW8P0UhJrRYIH,I Don't Know How To Love Him - Remastered 2021,3.68,"Yvonne Elliman, Andrew Lloyd Webber, Tim Rice",2021-09-17,2021,love
02OCjtQz3Ec93ClslPGNFK,Love Him Tender Sweet Jesus,3.27,David Price,2021-08-10,2021,love
1oUD1lrhU5MnAxrQvLvTdX,"To Know Him Is To Love Him - Live Pete Mitchell, BBC Radio Session / 2006",2.57,Amy Winehouse,2021-05-07,2021,love
6vuxvUXRXUvsMDDx9bGphD,Love Me True,5.22,Power Station,2021-04-23,2021,love
7rFNL0YaG6Gp0jt7xK1E3b,Love him anyway,3.86,Highasakite,2021-11-17,2021,love
1a4a2JC6sdRxfHgjVuO9a0,I Think I Love Him,3.13,Antonia,2021-07-16,2021,love
7JamrqTt4nqphsmvq3U7GD,"Like, I Love Him (Lilhinterlude)",3.28,Milo Korbenski,2021-07-27,2021,love
0m9KBSjh4gNuAKclGRzQRJ,Love Me Tender,2.3,Nova Haeberle,2021-08-06,2021,love
3oKf3KG8BtI7BMCrHCmbd5,And I Love Him - Live,3.73,Sarah Vaughan,2021-04-09,2021,love
0MpG8YRDzi2V3Y192FIZWc,I Don't Know How To Love Him,3.73,"Yvonne Elliman, Andrew Lloyd Webber, Tim Rice",2021-09-17,2021,love
4tNgtxWjNpPUVBzgUSTVXn,Used to Love Him,2.17,L7,2021-04-30,2021,love
2Rf8JvQHSboRcSc00wEsr1,He Will Bless All Who Love Him Small & Great (Psalm 115:12),4.74,"Joel Piper, Jesus Stories",2021-02-20,2021,love
1rW4CgefF9bL6sCAbNntCf,I Don't Know How To Love Him - Remastered 2021,3.68,"Yvonne Elliman, Andrew Lloyd Webber, Tim Rice",2021-09-17,2021,love
15l8ERElyoYSRi36x3cqIG,I Don't Know How To Love Him - Tim Rice And Murray Head Vocals,3.73,"Murray Head, Andrew Lloyd Webber, Tim Rice",2021-09-17,2021,love
5rwos1w1OBjyf9o6LPOYT4,I Don't Know How To Love Him - Murray Head Vocals,3.73,"Murray Head, Andrew Lloyd Webber, Tim Rice",2021-09-17,2021,love
5nWsuKWMjV2B3AF1Te5Mie,I Don't Know How To Love Him,3.16,Lana Jax,2021-05-06,2021,love
0Wcjza077cS2NpqBsvsa5p,Human Is Hell (Another One With Love),15.13,Between The Buried And Me,2021-08-20,2021,love
5IE8ov4eUpLwHWxwpE6AvG,Hallelujah I Just Love Him So,3.27,"Janet Evra, Ptah Williams",2021-05-22,2021,love
37Nqx7iavZpotJSDXZWbJ3,Girls Want Girls (with Lil Baby),3.7,"Drake, Lil Baby",2021-09-03,2021,love
7Jzo3IObpANz6giPTUrihB,Baby Blue Love,2.78,TWICE,2021-06-11,2021,love
7dFX2QP0yiT2ENazcrnNnW,Baby Love - Piano Lullaby Version,3.54,Sleepyheadz,2021-01-15,2021,love
438ptlPILNfIake7zk4LiK,Baby Can I Hold You - Piano Lullaby Version,3.51,Sleepyheadz,2021-01-29,2021,love
6HeBux5REoYWTyh8Wc7ngg,Fix You - Piano Lullaby Version,4.08,Sleepyheadz,2021-01-29,2021,love
7C2WACMf4lxgJA5iUDSxa1,Make You Feel My Love - Piano Lullaby Version,3.9,Sleepyheadz,2021-01-29,2021,love
5BunlzQou9Uel3AT88kuIW,Someone You Loved - Piano Lullaby Version,3.87,Sleepyheadz,2021-01-29,2021,love
6a8lkEJN0bK5Q0eqiZqxcr,Your Song - Piano Lullaby Version,4.98,Sleepyheadz,2021-01-29,2021,love
2Kzf4UoH9iRctPU6DejSD7,Jesus Loves Me (Lullaby),2.74,Listener Kids,2021-03-01,2021,love
1zWM2pbCXQxVzvDU11AblI,Can't Buy Love (feat. Baby E),2.61,"B-Case, Robin Schulz, Baby E",2021-07-23,2021,love
6dVar1EA8RusvsNZMl1NgY,My Heart Will Go On - Piano Lullaby Version,4.38,Sleepyheadz,2021-01-29,2021,love
55XtzScecyditN0RDWSi1m,Say You Won't Let Go - Piano Lullaby Version,4.36,Sleepyheadz,2021-01-29,2021,love
4IVRrPsmHBk4VpoRPVgzZG,2 time zones,2.69,"bbno$, Night Lovell",2021-10-08,2021,love
7E66gHqf6ozt5XntT0RZU6,I Will Always Love You - Piano Lullaby Version,3.42,Sleepyheadz,2021-01-29,2021,love
1btsMTaUR5fuiqTu2MUYLy,Stand by Me - Piano Lullaby Version,2.66,Sleepyheadz,2021-01-29,2021,love
4cWOM8Xer4y04vR2GqLzEU,Thinking Out Loud - Piano Lullaby Version,5.3,Sleepyheadz,2021-01-29,2021,love
6veLy5Q3OHQIey4MUizJIn,Time After Time - Piano Lullaby Version,4.37,Sleepyheadz,2021-01-29,2021,love
10iJGSKm4vM7vub1VXRXlu,I Say a Little Prayer - Piano Lullaby Version,3.09,Sleepyheadz,2021-01-29,2021,love
5iEI2hHcG8bnKmUelPk08F,New Love (feat. Ellie Goulding),3.18,"Silk City, Ellie Goulding, Diplo, Mark Ronson",2021-03-05,2021,love
0BdSxc3R86Jw7wOToh19b8,Love And Regret,4.25,Billy Strings,2021-09-24,2021,love
4HUFVWXcmhUAEEIBoCEWBs,Love Is The Reason,3.54,Mac Powell,2021-10-15,2021,love
5ZmXoe0dyEvXlGbot0X2mI,Love Being Used,1.48,tg.blk,2021-05-20,2021,love
1xUyOpx0aYIgFjdD0bXcfN,Love Of My Life (An Ode To Hip Hop),3.84,"Erykah Badu, Common",2021-06-09,2021,love
1zAhyJGJ8xDCqLtUbcuCZf,Irregular Love,2.31,Lil Tjay,2021-04-02,2021,love
2638f0EjRail5QyiBfO1On,Love Dthang,2.32,Dthang,2021-11-25,2021,love
1KuCxI7bn68BYYZF1WNj0W,Love Like,3.63,Peter Collins,2021-03-12,2021,love
5CN84d2bDUq06b4gbeTvaj,Love Is... (feat. J.I the Prince of N.Y),3.93,"Queen Naija, J.I the Prince of N.Y",2021-04-16,2021,love
3SwLzrHK2Q6hp016SEjoSR,New York State of Mind - Live at the Great American Music Hall - 1975,6.22,Billy Joel,2021-10-28,2021,love
6Yjfjpahkd3YWRNO7VYJRs,Love on the Run,2.96,"Sons of Zion, Jackson Owens",2021-06-04,2021,love
6oFJuAS9OYFfMRFJ08SI1S,BAD NEWS,2.19,The Kid LAROI,2021-07-27,2021,love
3wJq70zOiHjhzYSMTcuwf3,Love Is a Song,3.87,Michael Allen Harrison,2021-01-25,2021,love
3BvmDT3xVh83GGqITEpBVA,New Kind Of Love,2.84,Poise,2021-07-30,2021,love
0qsL5RoNMj7Q6AR44Kpm4S,Old Love Song,3.53,Zac Brown Band,2021-10-15,2021,love
2vRmIerfAgnsJeXm77MSuO,Love is in the Air - Bellestar Remix,3.22,"Urban Love, Bellestar",2021-06-25,2021,love
0EBas1pxvOumkAlSy09QFU,Older,3.14,"No Love For The Middle Child, Set It Off",2021-04-30,2021,love
1X4FumlVsvMEYA9pLOjitH,Your Love (Deja Vu) - Stripped Back,4.15,Glass Animals,2021-09-09,2021,love
2zN2GGrNOv7je3o5sbqsmO,Lovefool - Dalbani Remix,3.13,"Urselle, Dalbani",2021-03-26,2021,love
0k9iFykLjIGkxjzL8JPKmX,Love Will Tear Us Apart - Ronan Remix,2.65,"Bellestar, Ronan",2021-07-30,2021,love
35S9fUZH0kGFIoMA0owVJK,Wildfire,2.53,Cautious Clay,2021-06-25,2021,love
3VZMISejAGU61wLr3DKZ5s,Love Tonight,2.69,Cupido,2021-08-06,2021,love
2LSKaL5wM8r5DaNBW1Oqx6,You'll Understand When You're Older,3.87,Lovejoy,2021-10-14,2021,love
5GQUVjaja81SDqQC6TuFdd,Good Old-Fashioned Lover Boy - Remastered 2011,2.88,Queen,2021-07-02,2021,love
5v5hxxXavbCX3MTGjccngU,Love Someone,3.12,Grace Kinstler,2021-05-14,2021,love
01nz6KVz1nOwV1brJeKpX3,Love Come Around,3.12,Elina,2021-05-28,2021,love
4Fulh4zooAuEh0QGO4ZtRy,Love Story,5.85,Lui Mafuta,2021-11-02,2021,love
0JWSMYurMhPmlD5H8VRoTn,If You Had My Love,2.9,"TWOPILOTS, De Hofnar",2021-04-30,2021,love
7AWR2xrUmuWDfan74aNybK,Lovefool - Dalbani Remix,3.13,"Urselle, Dalbani",2021-09-24,2021,love
01tbFMCEEZRXBOqW2eyThM,old love,2.93,sleepy planet,2021-05-14,2021,love
7upogXdc53IaJBvkR4L0Vj,Love Tonight,2.91,Together Alone,2021-09-03,2021,love
0DfUdlujvB0sggxi6kRRwJ,Old Folks,4.63,Astoria Three,2021-02-19,2021,love
5rc8ejmFyrReZeFrdEocLM,Love Lost,3.04,Tottywat,2021-12-24,2021,love
6Bmt0Ib8iTx6MLNoSd1DqQ,LOVE LOST,2.8,AWAX4,2021-11-07,2021,love
6kZYDb9BGh2Pq4jwjPAb7C,Love Lost,2.55,Chris Elijah,2021-07-02,2021,love
4KE4QUVn3QLWJPXPaJC7Ax,Love Lost,2.08,nothing less,2021-10-27,2021,love
6oqjLLt0Yy6JIfcYDNJFw3,Love Lost - AOBeats Remix,2.69,"Dugong Jr, Blush'ko, AOBeats",2021-10-08,2021,love
0H3AuF8k8x83Ikd6OMSTR4,Lost In Your Love,8.25,"Brandon Lake, Sarah Reeves",2021-01-22,2021,love
48F5ZkDe3nz2n84TG2KhAd,Lost In You (Falling In Love),3.29,Dezza,2021-03-19,2021,love
2UH9VnPo1TTaraUidirMg1,Lost in Love,2.58,"Scubba, Lila Liu",2021-07-16,2021,love
7tA9WVX94fVUUu4IJIY89u,Lost Love,3.12,Ethan Beckett,2021-11-19,2021,love
4neXqOWbVv9FvfM10i4cix,No Love Lost,2.04,Hardnard,2021-10-01,2021,love
1S8bx0Ip0xoNAVQauneNoj,Love Lost,2.3,Krispel,2021-11-26,2021,love
65bTYPEJ7rHgXaKjycRPmX,No Love Lost,2.05,JR007,2021-06-18,2021,love
4PEtmljaGQoAiohJWB4MxR,LOVELOST,3.7,Gigi Cheung,2021-10-05,2021,love
4KFcy0VbOKIDzb4hd6ENqo,No Love Lost,4.15,Evan Cheadle,2021-06-11,2021,love
4FnrhKZ7eBpOZFV9VIxsmX,Lost In You (Falling In Love) - Estiva Remix,4.53,"Dezza, Estiva",2021-07-30,2021,love
5lULhA2EVHXaVs5U3OQSPz,Lost in Love,3.45,St. Lundi,2021-05-19,2021,love
7EXbf1OVFJYVOKDtwndnpf,"love me, lose me",2.83,shamlo,2021-06-18,2021,love
0z2CeQ3SkfwTaOgiRWWNzY,Lost in My Mind,0.7,Kato,2021-06-01,2021,love
38aQ3sJNUbiWYi5b17NpUT,Love Letters (Sunday Mornings),1.32,Josef Homola,2021-03-26,2021,love
1Z8TPHiKeCUyClxV6WTTIf,0X1=LOVESONG (I Know I Love You) feat. Seori,3.37,"TOMORROW X TOGETHER, Seori",2021-05-31,2021,love
3rmo3WojAeeFnLQ5n6M6w6,What's Love Freestyle,2.64,Zoe Osama,2021-05-31,2021,love
0BTaaKT4RMbs5M73tOHX5Y,Alcohol-Free,3.51,TWICE,2021-06-11,2021,love
7dyi7AorhfCTJvGFjXwpyU,Puppy Princess,4.26,Hot Freaks,2021-08-30,2021,love
4X0YZJfqdx4SarbsK69v4Y,Free Joe Exotic (feat. Sada Baby),4.68,"Bfb Da Packman, Sada Baby",2021-06-25,2021,love
5R9Dvps7eunyVaHvd1ixgo,Love = Freedom,8.96,Kalilah,2021-08-22,2021,love
5hzuO0DOsv3sJD2oCxk7Uy,GRAMMY (Freestyle),2.19,Lil Tecca,2021-09-01,2021,love
0zglTCzCLsfNeY7wDL4JFe,Love and Chains,3.63,Viv & Riley,2021-03-12,2021,love
6M4RQmZE9VVOB9n1OJAx4b,Love Jones,3.2,Free Party,2021-03-19,2021,love
123EHYoTXfRxJj7Mvkzik4,Freeway of Love,4.12,Aretha Franklin,2021-07-30,2021,love
0PFbS5aYCzGMyEpsopSPIo,Free Awax4,3.37,TrackMoney P,2021-11-13,2021,love
13bgiclH6M2GX4FWTG1cNI,Shady Freestyle,2.05,HBK Jachi,2021-04-28,2021,love
1osW08ygBwopWmjWzqWbfJ,Antifreeze,4.1,Yerin Baek,2021-09-10,2021,love
1eguYUkXYzY8RVOUKRnazb,Stop Doubting My Love,3.47,Freedom Machine,2021-04-04,2021,love
6yJH87ED0iI2GrrG5BNJaL,Let Love Free (feat. Lady Shacklin),3.84,"The Tiarras, Lady Shacklin",2021-10-11,2021,love
6egvhGjJVU4EeqIEKUVWqO,How to Love freestyle,2.5,Secily,2021-04-26,2021,love
7zk2zhahudDWuEGDl3D7Oh,Free - Cloud Under Remix,3.26,"fields., Sommer Love, Cloud Under",2021-05-26,2021,love
0UmScEMluLGuSdFVsKep0C,Free Animal,2.85,Death From Above 1979,2021-03-26,2021,love
3CSxXvWjAR5oSNQ37GhoSH,Love Now,2.29,Marieme,2021-03-12,2021,love
1c1sdxrYLIiuJOlE7PPttb,Love Me Now (feat. Zoe Wees),3.26,"Kygo, Zoe Wees",2021-08-13,2021,love
1FNvmZLzmMR2Ozjzzul0iQ,sink our love now (work tape),4.11,Wilder Woods,2021-02-05,2021,love
2ST72jD2KVe7f3fbcGyX1b,Nobody's Love,3.52,Maroon 5,2021-06-11,2021,love
2UC1rHuoaeVQY58WOxQoxf,love or chemistry,2.32,"nothing,nowhere.",2021-02-19,2021,love
2Ms8MDDtYBw7M3K5F3EqPX,Dumb Love,3.45,Mimi Webb,2021-06-11,2021,love
6qWxA4vpPn1A9JCxAO5Cem,Love Me Now,2.54,Oh Wonder,2021-10-08,2021,love
4jXoiJSLQkAft0L5D1yjDb,Only Love Can Save Me Now [Feat. Matt Cameron & Kim Thayil],5.2,"The Pretty Reckless, Matt Cameron, Kim Thayil",2021-02-12,2021,love
1Ai2bS2Tg4FsXfHqEh93CX,patience,1.29,lor2mg,2021-11-25,2021,love
3RdOimLk6CxkaYMYtGTCB9,Dumb Love,3.44,Mimi Webb,2021-10-22,2021,love
3F2zqxOB41ryVMyJ3doWnU,love we both know,2.49,"The Field Tapes, Red Licorice",2021-03-05,2021,love
098a0ODkRj8IUbEGVZMsyN,ABOUT YOU (with NAV),3.4,"Lil Tecca, NAV",2021-08-27,2021,love
5frPIZQz1R2WJTG3NOCJYy,sink our love now (work tape),4.11,Wilder Woods,2021-04-09,2021,love
2IPFFRQ3XY6raCjZq2vuEB,sink our love now (work tape),4.11,Wilder Woods,2021-03-26,2021,love
4WxBlMM3DitRxBSa54cyRW,Nothing's Gonna Stop Us Now (Instrumental Piano),4.67,Matchstick Piano Man,2021-11-23,2021,love
2BMmjYvKrdVbijuehbDy9U,Love Gone Wrong,2.67,Wild Rivers,2021-01-29,2021,love
1RPWWd1B5PrIWKhNynU3cU,Love Gone Stay - 4am Edit,2.12,Pool Blue,2021-05-28,2021,love
0AfrMc8XO2udP4tORhXbMa,Love Gone Wrong - Acoustic Demo,2.72,Wild Rivers,2021-05-07,2021,love
4NNnEa1hDQuuZgW7gtlbuc,Love Gone Cold,2.9,"Harry Stone, Kenny Beats",2021-10-22,2021,love
4AoUdMZGoPZZQxVFnoVQEl,Love Is Gone - Tiësto Remix,2.83,"SLANDER, Tiësto, Dylan Matthew",2021-12-10,2021,love
4bScOx4T12178y81BRHi5t,Love Gone Wrong,1.16,JAYDIE X,2021,2021,love
4fkFsB17kyzq27QhOVt19V,Love Is Gone,2.63,"Neptunica, Matthew Clanton",2021-04-02,2021,love
356bcy3BLWuyUwOi56pb87,Love Is Gone - R3HAB Remix,2.51,"R3HAB, SLANDER, Dylan Matthew",2021-08-27,2021,love
7ECx6CzCwSJyAEiadqNej4,Love Me Till I’m Gone,3.81,Nathaniel Rateliff & The Night Sweats,2021-11-05,2021,love
2HDFNm7xsaNoMvvoYvKIA0,Love Gone Wrong,2.67,Wild Rivers,2021-05-07,2021,love
4a9ngBDpnK6lrSXBvnUSRH,Love Gone,3.07,TQuality Beatz,2021-10-10,2021,love
4ruDra4irBPGCgOKTedAwI,A Better Way To Love,4.39,Gone Gone Beyond,2021-06-25,2021,love
57zzqB8BAZjDLbjbPOK4et,Love Is Gone,2.91,"Whales, Jo Cohen",2021-03-05,2021,love
5eMZu4uqS0Bcg00N5EPP8P,Love Is Gone - Kaskade Remix,4.06,"SLANDER, Dylan Matthew, Kaskade",2021-09-24,2021,love
1tpTV7D5TwPBKgb2JaciMm,Love Is Gone - Alok Remix,2.29,"Alok, SLANDER, Dylan Matthew",2021-09-24,2021,love
6UMbXtJQL8dRQfiLdFh63O,Love Is Gone - Kaskade Remix,4.06,"Kaskade, SLANDER, Dylan Matthew",2021-09-10,2021,love
0YoQlQpZ8igWtXsS5K7ztJ,Love Is Gone - Armin van Buuren Remix,3.27,"SLANDER, Armin van Buuren, Dylan Matthew",2021-10-08,2021,love
5dTY0GFlUdqoWBP5hnEC24,Love Is Gone - Alok Remix,2.29,"SLANDER, Dylan Matthew, Alok",2021-09-24,2021,love
0CDE5WIhDCFBfdyVY3jaqD,Love Is Gone - R3HAB Remix,2.51,"SLANDER, Dylan Matthew, R3HAB",2021-09-10,2021,love
1Wj8XGzFWsDD9JQC6ZZZ6Y,The Love Is Gone,2.17,Roman Perepichka,2021-11-11,2021,love
7weX6syqklVQocpVVmDNwI,Love Back,3.1,Why Don't We,2021-10-06,2021,love
3ZqTMZf7hdBRCpvu3xwi3Q,Love Back (Stripped Back),2.96,Why Don't We,2021-10-29,2021,love
7vwI2WtDE3YFmDPpaCzkyu,Love Back,3.1,Why Don't We,2021-10-29,2021,love
19ZBLHvkn4p2cTCQuvfwyO,Love Back,3.1,Why Don't We,2021-11-12,2021,love
2UBbfNcQmZowsGHfaGzmC4,Don't Love Back,3.35,Quinn Lewis,2021-04-09,2021,love
29mAjeahdjnyd4klgi0z5p,Back 2 Luv,2.96,Grimm Lynn,2021-02-12,2021,love
2Oh8dHRgcxzmjotEkl0IDC,"Love, Cold Beer, Cheap Smoke",3.32,Elvie Shane,2021-10-29,2021,love
3VXma8GMcltIzrS58otxOK,Back On My Love,3.18,Pure Shores,2021-11-26,2021,love
4ROwj0AN4VeB74ffzv6yiK,Love Back (feat. Vlera),2.86,"PRE55URE, Vlera",2021-03-19,2021,love
2zFJjY8oyKj5HH7guLiWFt,Hard To Love,4.05,H.E.R.,2021-06-18,2021,love
1zY4Y1rymv1sbDG3JtrQLl,Back In Love City,3.56,The Vaccines,2021-09-10,2021,love
1MgoBztJvaBDjgWnT9bugf,Don't Look Back in Anger (Instrumental Piano),4.48,Matchstick Piano Man,2021-11-23,2021,love
1H02IOksSsiBBkiwLHToQr,Love Me Tender,3.7,Madison Malone,2021-02-11,2021,love
4Wj1d8quVmc10IIJmXnKES,Back for Good,3.43,"The Cooltrane Quartet, Cassandra Beck",2021-04-02,2021,love
4wCKYyQ2OujEYEjfCIIu9g,Going Back Where I Belong,2.49,Sugar Pie DeSanto,2021-07-09,2021,love
4a4rTlWI6luNFoop3VWSVU,Back To You,2.86,Bunny X,2021-10-05,2021,love
5CSKbHjpqborGnlzagyaDo,Love Again,4.3,Dua Lipa,2021-02-11,2021,love
5ti4MjhnxmSYstOAQ1JxU0,Love Again,3.3,Milky Chance,2021-11-03,2021,love
63bWXWGcWnRQvdS8bJWdkB,Love Again (feat. Alida),2.46,"Alok, Alida",2021-02-05,2021,love
0zg8u9UUlvwSvBJYEjhgDT,Love Again - Imanbek Remix,3.57,"Dua Lipa, Imanbek",2021-10-01,2021,love
0SaBCn3aI5XDXxo80P3gj4,Love Again - GARABATTO Remix,3.5,"Dua Lipa, GARABATTO",2021-10-15,2021,love
3cbE0k4dUtvDJhyHjjuDPz,Love Again,4.3,Dua Lipa,2021-06-04,2021,love
6WHw7XBlEMc0E8bpkdMOxx,Love Again,3.74,"JINTANA & EMERALDS, Los Retros, HITOMITOI",2021-08-25,2021,love
2V8CmjYqBXszQmZlA9CvtX,Love Again,4.3,Dua Lipa,2021-02-11,2021,love
38KaPCQquQJlCucjyHCYzc,Love Again!,3.14,"Baby Keyy, cheRomani+",2021-11-25,2021,love
0DBsAKu4eiH9J5WCCp8WzD,Love Again,3.74,"JINTANA & EMERALDS, Los Retros, HITOMITOI",2021-09-15,2021,love
5hBPKdWpncDiIN3djuU35h,love again,6.22,"Jazzy Coffee, Cozy Coffee Shop, Relaxing Piano Jazz",2021-11-26,2021,love
4548LyFomXQmDAINcFizEq,Learn To Love Again,3.74,Audien,2021-05-07,2021,love
1FOXJNvQIS6czjysax64Pd,LOVE FOREVER,4.82,JAURIM,2021-11-26,2021,love
7pEBPfhP5WQEhcFeKkWHD5,Music Means Love Forever,3.45,"Steve Aoki, Armin van Buuren",2021-09-17,2021,love
0YTkZ94VMIh7yFwIBdgJVW,Love Forever,3.05,Lakhi Ghuman,2021-11-24,2021,love
5TAVP0HcCBUq4vU4IognAF,I Could Sing of Your Love Forever,4.21,Instrumental Hymns and Worship,2021-08-01,2021,love
0s9FcZngJv3z3E0L4cbB3X,My Heart Will Love Forever - 639Hz - extended album edit,10.37,Inner Lotus Music,2021-09-12,2021,love
174yp4XX5F3HGX82Lj2JBB,Know That You Are Loved,3.37,Cleo Sol,2021-08-20,2021,love
0M4KHbPlgFvL806JPBnT60,Love you syndrome,1.86,たかやん,2021-05-21,2021,love
00I5GhfySvAAkfBf4mcapg,I Could Sing Of Your Love Forever,2.69,Rachael Nemiroff,2021-09-24,2021,love
6ZpOLjmneyTh2apv5wzMqr,STAY WITH ME,3.32,JAURIM,2021-11-26,2021,love
7ifvMWQjNFPAm05viR361v,Forever Love,5.22,Color Me Badd,2021-07-23,2021,love
7KXzxqwfpwZHSPn5PE2PRI,I Could Sing of Your Love Forever,1.41,Peaceful Christian Music,2021-09-03,2021,love
3iMrqIF5g3KgNExIb2rmzn,Love Lasts Forever,3.31,Soombee,2021-11-25,2021,love
4xtEOeGwRe5wCZBgaSIxph,Forever in Love (Cello Instumental),4.29,Feliks Volozhanin,2021-04-12,2021,love
30Elt09LwfGUac6NVT5VN1,Let This Love Lie Dead,2.89,First and Forever,2021-03-12,2021,love
5pCj2jYkId4bVp3JssibLN,"I Love You, Always Forever",3.02,"RadioClub, NEEKA",2021-06-04,2021,love
64j8AIlvBd4DhDeFTDm8Ge,Forevermore,3.11,Broken Iris,2021-02-14,2021,love
3gjpkrcbJGQDOqGeq4Vh29,Music Means Love Forever (Mixed),0.98,"Steve Aoki, Armin van Buuren",2021-12-09,2021,love
3XlhcT3oMzI0A9ueT3CDK1,Love Songs Ain't for Us (feat. Keith Urban),3.68,"Amy Shark, Keith Urban",2021-04-30,2021,love
02LGneZ8k5M5eEB29EGVks,a mosh pit love story,1.96,"Savage Ga$p, KAMAARA",2021-11-12,2021,love
0J07ya7WC09FaQADutoBRZ,Love Tonight (Robin Schulz Remix),3.08,"Shouse, Robin Schulz",2021-09-03,2021,love
5zf8rvPF22Q3dcKKWWUoeA,Love Tonight (David Guetta Remix),3.02,"Shouse, David Guetta",2021-06-11,2021,love
53ICqRSyTfhrrvNwVSP6am,Love Tonight (Vintage Culture & Kiko Franco Remix Edit),3.48,"Shouse, Vintage Culture, Kiko Franco",2021-03-26,2021,love
5frKT7Iuvyb72voW43TSK3,Love Tonight (8D Audio),2.13,8D Tunes,2021-09-24,2021,love
2XQee7HP5QrDwUGHOl6GFf,"Can You Feel the Love Tonight - From ""The Lion King"" / Soundtrack Version",2.96,"Joseph Williams, Sally Dworsky, Nathan Lane, Ernie Sabella, Kristle Edwards",2021-05-28,2021,love
4Uv80F3gtQsAsOkmsizwOZ,Love Tonight (Vintage Culture & Kiko Franco Remix),6.44,"Shouse, Vintage Culture, Kiko Franco",2021-03-26,2021,love
2IfSJrMadASm0XmcHnbwHi,Love Tonight (Franky Wah Remix),3.87,"Shouse, Franky Wah",2021-12-10,2021,love
4MDXpyT0khHuxOSVYPv0fi,Love Tonight (Edit),4.03,Shouse,2021-06-11,2021,love
2erIidBWSIp491u4RjXRQe,Love Tonight (Oliver Huntemann Remix Edit),3.42,"Shouse, Oliver Huntemann",2021-03-12,2021,love
4QX2GajKQWId3fb7i7Nt1u,"Can You Feel the Love Tonight (from ""the Lion King"") - Instrumental Orchestral Version",4.02,Magic Philharmonic Orchestra,2021-08-23,2021,love
2QivVB6EoDJYRc89LzHpJ6,Can You Feel the Love Tonight - Piano Version,3.76,Tiny Moon,2021-09-17,2021,love
0OuXsSVuxNZLeQQQP3HJjc,"Can You Feel the Love Tonight (From ""The Lion King"") - Piano Lullaby Version",4.18,Sleepyheadz,2021-01-29,2021,love
6GTMc1J5emGvIG2I7Mh2z9,Can You Feel The Love Tonight - Lullaby Version,4.6,Nursery Rhymes ABC,2021-01-15,2021,love
4kHp8b27sZ8Xcb2QPLSCgo,Can You Feel the Love Tonight - Wurlitzer,3.47,The Lullaby Guys,2021-05-03,2021,love
3NKRZ4GsvBXziosys5yLCd,"Can You Feel the Love Tonight (From ""The Lion King"") - Piano Instrumental",3.32,Oliver Hamilton,2021-05-28,2021,love
0bOgWId7cFqBEKnlZct2q6,Love To Dream,3.61,Doja Cat,2021-06-27,2021,love
6Ri1P9jTciLNdYL8n45YZt,Dream a Little Dream of Me,3.67,JJ Heller,2021-02-05,2021,love
65DLNjOL8YceVL070H19ih,Love On The Floor,3.64,NCT 127,2021-10-24,2021,love
58U47mHjyLwUwJZ7voUt15,One Day,2.41,Lovejoy,2021-05-08,2021,love
5Q9Cp5K3qOgslZDnIAuVqw,Lovely,5.52,BoyWithUke,2021-01-22,2021,love
6cvbvXaRbQcuv54SjYXP86,Dope Lovers,3.34,DPR IAN,2021-03-11,2021,love
0JuIcqsgMghcAFbcFWucN6,Dreams - Demo,5.25,grentperez,2021-08-27,2021,love
1vX9ka0burwxdpH5BbM9Eg,"Myrthen, Op. 25: No. 24, Du bist wie eine Blume (Arr. Godowsky)",1.8,"Robert Schumann, Angela Hewitt",2021-07-02,2021,love
7sYMyRZ4bMyuIY5N3vbA6q,Taunt,2.22,Lovejoy,2021-05-08,2021,love
5hNLVoNAD4OTWKeGFUDXwc,Sex Sells,4.1,Lovejoy,2021-05-08,2021,love
7ITzf6TxMKnUwgXfNRfMxI,Perfume,3.45,Lovejoy,2021-10-14,2021,love
54ceIU2idlglv0XlYJNe2a,The Fall,3.07,Lovejoy,2021-10-14,2021,love
79uzBl8P29fWo3doFgjCK0,"Oh Yeah, You Gonna Cry?",2.83,Lovejoy,2021-10-14,2021,love
0S9PaX0Z9P1PPgL1vPs1an,Dream Girl,2.99,Crisaunt,2021-01-08,2021,love
1tKXD9jrGd0DLpMBvlWMbJ,Love Like You,2.67,Jacob Cook,2021-06-12,2021,love
4XmkguKDTFEOSn03sJfngH,Dreams,4.13,"The Cooltrane Quartet, Eve St. Jones",2021-04-02,2021,love
2S0zGdkdWlrLavuAhMY3Ku,Love Heart,3.89,The Used,2021-09-10,2021,love
6osGbObY9M8Oa78l4rT3Ri,Love Heart Window,2.4,NYC Street Jazz Band,2021-05-28,2021,love
1PDP7mLiAMwhfmgIwzhOm2,Yebba’s Heartbreak,2.23,"Drake, Yebba",2021-09-03,2021,love
7JSvpJTo8hal8fXXhP5L3R,Heart of Mine,3.59,Calvin Love,2021-05-27,2021,love
0bbPIDUkKheUbzKx7N8rg4,Heart Full of Love,5.09,Cleo Sol,2021-08-20,2021,love
1qU6wIcJijdhsoP4ytuRec,Love Me Right,3.8,Marcellus TheSinger,2021-08-27,2021,love
3J5uU0hotlAFcVnVYY5pFN,Love Hearts,4.18,Low:r,2021-08-20,2021,love
1KONYWc10XWC8TvQedfGAa,NO LOVE IN MY HEART,3.23,Lil Migo,2021-03-10,2021,love
7tm3zLZSI0OnvFtomZwhHk,Yebba’s Heartbreak,2.23,"Drake, Yebba",2021-09-02,2021,love
4n8jPTf8wgI99ryFmbnDPc,The Heart Wants What It Wants,3.79,Selena Gomez,2021-08-20,2021,love
7LgTQ5xOJrxIWN0vrUxMfV,Heartbeater,3.65,Love Spells,2021-11-06,2021,love
0kMgLAoM1RfVPhFj4p8cTz,Love Shine Down,2.78,Eric Church,2021-04-16,2021,love
3IzvglVZGBynFpChG9bQvd,Keep My Heart Tender,9.03,"UPPERROOM, Beau Maddox",2021-10-08,2021,love
5o1ES0EZu3rPgPIX1J0vuN,Heart Chakra Healing,2.2,"Healing Solfeggio Frequencies, Harmony Touch",2021-06-25,2021,love
5JYgsmk4xeNl0oEAVJOCiQ,Heavy Hearted,4.24,The Jungle Giants,2021-07-23,2021,love
0OU2v0cUoSlxgfhc8xXKEk,639 Hz Love Tone,1.49,Spiritual Frequencies,2021-12-16,2021,love
4NWJN6qnlOwHmMfOhrC5qZ,What's Love??,2.98,Rod Wave,2021-03-26,2021,love
4A6zEXlSk7xIIqDh92iZ26,It's Our Love,3.8,Thee Sacred Souls,2021-01-22,2021,love
2ALh2jqA7KldpHMUHvRomw,Love's Train,5.12,"Bruno Mars, Anderson .Paak, Silk Sonic",2021-11-12,2021,love
10ImcQk9tihY1EKMDIbvXJ,To Be Loved,6.73,Adele,2021-11-19,2021,love
4bQhGIHwo1ZpixP9MudUbV,Love Will Work It Out,3.76,"Durand Jones & The Indications, Durand Jones, Aaron Frazer",2021-07-30,2021,love
1jSAARNT7fzLTcPc4IUQQz,If I Got It (Your Love Brought It),2.9,Aaron Frazer,2021-01-08,2021,love
1B2amGFcCiluKPYy97epQ2,Love Came Down,2.63,Yebba,2021-09-10,2021,love
6Mf9UqNMc22JktEOUn25ad,Our Love (from the series Arcane League of Legends),3.64,"Curtis Harding, Jazmine Sullivan",2021-11-20,2021,love
58JG1aDmXbh6CNt2kaePz1,Our Love (From the series Arcane League of Legends),3.64,"Curtis Harding, Arcane, League of Legends, Jazmine Sullivan",2021-11-05,2021,love
0eSRlDnR7ZEgg91tcLFZEu,Lover Girl,3.59,Aaron Frazer,2021-01-08,2021,love
2P09HB3ApSkzTdj2ZEA4iZ,"love, joshua",3.44,"Vedh, Cavasoul",2021-07-30,2021,love
3dq3nRBGMcXmfY4iC6Jess,Lovestone,3.03,"Micah Edwards, David Blazer",2021-06-11,2021,love
2LUHE1tCp9LwQGGEzw9U3s,First Love Fire - Live,5.63,"The Worship Initiative, Sam Deford, John Marc Kohl",2021-03-05,2021,love
5bYxifDPAAHVKS5IUEoVaf,Love Me Less (feat. Kim Petras),2.96,"MAX, Kim Petras",2021-03-26,2021,love
2tijppLc0gaWA2AfPDANvq,Miss You a Little (feat. lovelytheband),2.8,"Bryce Vine, lovelytheband",2021-08-06,2021,love
4RCpHnkhMmm67EKbI4aEO7,u love u (with Tate McRae),3.15,"blackbear, Tate McRae",2021-06-04,2021,love
4AN4dmPzeyPtA9DQjQ6u4z,I Love Rain,2.7,Love Nature,2021-05-17,2021,love
12ZIJvwUlRiu8KXomPkihd,Love song,3.46,María Isabel,2021-04-16,2021,love
3ZM7EQicqJZinzks0T4Zrq,buzz cut (feat. MisterWives),3.65,"lovelytheband, MisterWives",2021-01-15,2021,love
1oWQtmzO9Sts06RHuLFHME,Love... Thy Will Be Done,4.18,Samuel Mancini,2021-11-12,2021,love
5BQf3eyCsoSP5jNGx9sPdD,You Want My Love,3.24,"Earth, Wind & Fire, Lucky Daye",2021-08-20,2021,love
5qsCJ5lg8DFsV6jbL1gdRm,Love is Fire,3.0,"Von Mondo, Volpe",2021-04-23,2021,love
06mcgnr3eJ8cF8ed0WfdPA,Southy Love,3.5,"Peruzzi, Fireboy DML",2021-04-09,2021,love
0O6SiaA3cBp24ZYnPX2GVQ,1121,2.71,Halsey,2021-08-27,2021,love
0EFuHbkuin3pM6byX7VlGI,u love u,3.15,"blackbear, Tate McRae",2021-08-13,2021,love
54HMQ6LzInyFQaxv6sK2TG,Games,3.5,"Tessa Violet, lovelytheband",2021-04-08,2021,love
5BhIWFbeIccALbY43q68V3,Smokin' Love (with Collie Buddz) - Prince Fatty Presents,3.96,"Stick Figure, Prince Fatty, Collie Buddz",2021-04-30,2021,love
18SpEqxrBDvVmznrlDMxhE,"michael has been fired from his job, michael has been burnt to death",4.9,No Love In The House Of Gold,2021-03-23,2021,love
3tZhtCYISL5esUNEvcWclc,Kiss of fire,3.26,WOODZ,2021-10-05,2021,love
2eOvLqajkezTGOpyzBRaI6,Santa Barbara Fireflies,3.25,Pink Skies,2021-11-12,2021,love
09gysnJpfQ3ublBmJDfcEC,SAD GIRLZ LUV MONEY Remix (feat. Kali Uchis and Moliy),3.41,"Amaarae, Kali Uchis, MOLIY",2021-09-16,2021,sad
73qMN9bXy7MSPwwGfH3wQr,Sad Beautiful Tragic (Taylor's Version),4.75,Taylor Swift,2021-11-12,2021,sad
6ybZUqlfk938oS6WeBmDab,Missed Call,4.25,Treaty Oak Revival,2021-01-29,2021,sad
6oofvZ4K8vBHnCT1oKERcd,i walk this earth all by myself,2.43,EKKSTACY,2021-11-12,2021,sad
4ack8q3p80uwQDp3Gzqk7Z,Sad Fuck,2.14,Ryan Mack,2021-10-13,2021,sad
5lYLBAH2uSvERWy8GAcBJz,SAD GIRLZ LUV MONEY Remix (feat. Kali Uchis and Moliy) - Slowed + Reverb,2.31,"Amaarae, Kali Uchis, MOLIY, xxtristanxo",2021-09-16,2021,sad
1z89jCXIK0JzyBtaa7Sn58,Wonder,3.7,Megan Moroney,2021-02-26,2021,sad
7i81dWKqKANyYh8DhZ0BrX,Irish Goodbye,3.35,Treaty Oak Revival,2021-01-29,2021,sad
3L1JHXiqNOJ57w3n2R3HyU,raining for hours,2.19,ame,2021-08-13,2021,sad
5jyrtNJBcaFkNyS4yPixkI,Rainy Mood,2.44,Moonlit Mist,2021-09-17,2021,sad
7bL7jrv7ZOlSotkWa7UNuR,NO SAD SONGS,2.88,Niko Moon,2021-08-27,2021,sad
4NgherJDfCXWBZBYheM4jK,WASTE,2.01,KXLLSWXTCH,2021-10-29,2021,sad
7K4Y80atyigrNkZZVbOsQ1,County Line,3.47,Chase Matthew,2021-07-02,2021,sad
5AihIu9yF3flkw1jFMyfwW,Human,3.69,Cody Johnson,2021-10-08,2021,sad
22nsKU2ijLBStNr3cuZwSR,Heavy Rain And Thunder Sounds,9.69,Edy Boman,2021-04-28,2021,sad
1F4kF3E6bFPJAuXjzWk9rl,Light Crispy Rain,2.18,Concrete Showers,2021-04-05,2021,sad
5mhS5BXqC8InFDFvmvH8WH,Cool Air & Rain,2.19,Bien Dorm,2021-09-27,2021,sad
27XMmSWSOXJ7eVb40tH93T,MEMORIES!,2.3,347aidan,2021-06-18,2021,sad
3tDG0JVZo0Y0KwRVZgYIa7,Me Consume,4.35,Junior H,2021-02-12,2021,sad
4ak9GGe6afmi2HbxEjvhIC,Male Fantasy,3.25,Billie Eilish,2021-07-30,2021,sad
0m5Dhug5ODIpxkBxsStjw3,Me Haces Falta,3.5,DannyLux,2021-01-15,2021,sad
4l0RmWt52FxpVxMNni6i63,you broke me first,2.84,Tate McRae,2021-03-26,2021,sad
17hpemqWv1hnikZxOPBCMl,Waves Around Me,8.07,Ocean Therapy,2021-02-21,2021,sad
20umbRtGLy493kML1VedCq,Message in a Bottle,2.91,Livingston,2021-08-18,2021,sad
4CTDJG3F26MUJEwnJ2fhJh,Raining Me Softly,2.15,Epiphonema,2021-10-15,2021,sad
4lH5L59hPQGr05aJyb2Q2E,GO (feat. Juice WRLD),3.03,"The Kid LAROI, Juice WRLD",2021-07-27,2021,sad
6G2xXQRSZlEzYsUEb3uvuR,Está Dañada,3.57,Ivan Cornejo,2021-08-20,2021,sad
31FzCxz4Iys6DXWgWPIw18,Mi Bello Ángel,2.51,Ulices Chaidez,2021-11-05,2021,sad
7bGwqRNetDyNOFDWJN8gvm,Regresa Mami,3.58,Eslabon Armado,2021-06-25,2021,sad
3zc8VZEpM1onYV4FWGdFvm,Tombstone,2.67,Rod Wave,2021-03-26,2021,sad
1ZIYItqFcgBFE7dMw8VjG8,Mi Tesoro,2.7,Los Del Limit,2021-10-15,2021,sad
40DD3lGA9Xkp4InlWyqT9z,TELL ME WHY,3.25,The Kid LAROI,2021-07-27,2021,sad
13lUUFsU6GMvRDN432qKxX,Male Fantasy,3.25,Billie Eilish,2021-07-30,2021,sad
3zHk9FKy1OZpdEWS5RCGrO,Remember Me Happy,2.35,Alex Warren,2021-12-17,2021,sad
5Asz0Oq8YPGfnPcoOJb3x9,The Mellow White Noise,3.14,Universal Waves,2021-07-28,2021,sad
3J8EOeKLTLXORtWPpOU5bE,Calling My Phone,3.42,"Lil Tjay, 6LACK",2021-04-02,2021,sad
63QiiGGFUbVJMIG9Pw7Dna,My Boy,3.39,Elvie Shane,2021-10-29,2021,sad
10aGiE3OEk4dKeUzcHINZs,Missing Limbs,3.35,Sleep Token,2021-09-24,2021,sad
0mHGftgYtmpH4y17T3VZ2E,@ my worst,3.19,blackbear,2021-08-06,2021,sad
0foptBEHq4mJzp81abAteY,my bad,2.5,Moxas,2021-04-23,2021,sad
0U9ixnjG3qdi35doySolAj,Mystery Sky,2.6,Lakshmi Roo,2021-06-14,2021,sad
1ZpPaBDswjV3VSUKqLDXPE,23,3.8,Chayce Beckham,2021-05-14,2021,sad
4M5lbzYNpHg8TmZlMEbNZb,Losing My Cool,3.49,Rod Wave,2021-08-20,2021,sad
0gNrujgnSfw4LuSvd0Jbs6,Damn Strait,3.84,Scotty McCreery,2021-09-17,2021,sad
0dGqP4VickYjtIaB5VOt4H,3:15 (Breathe),3.07,Russ,2021-05-21,2021,sad
2WsHbTjBAT1NQjX00ckGTe,Where I Find God,4.16,Larry Fleet,2021-09-24,2021,sad
4T2zre0jqstNJ5Gt0WG9lz,Not My Responsibility,3.79,Billie Eilish,2021-07-30,2021,sad
2LxglhGxGhHF4P11HPEFwu,My Father's Daughter,2.85,"Olivia Vedder, Eddie Vedder, Glen Hansard",2021-08-16,2021,sad
6SoSVRemix7GmsZZusXXhY,Rain Again,2.55,Sleepy Side,2021-09-13,2021,sad
1qnvK2dDhAK48fA3fk31iC,raining in the courtyard,2.61,Rain is my Life,2021-06-23,2021,sad
5Jwcv2Le3Klwgrgyqa12ZA,You Didn’t,3.76,Brett Young,2021-06-04,2021,sad
06q3sUgkq2k7uhdsi1fczX,You're a Fucking Bitch Hope You Know That Shit,2.72,Atlus,2021-06-18,2021,sad
042Sl6Mn83JHyLEqdK7uI0,Your Power,4.1,Billie Eilish,2021-07-30,2021,sad
1KMkcUvF7m3SDChDOa7i5L,WITHOUT YOU,2.69,The Kid LAROI,2021-07-27,2021,sad
1zejeOnykpCoyVSit6Bwp3,hope ur ok,3.49,Olivia Rodrigo,2021-05-21,2021,sad
2TOzTqQXNmR2zDJXihjZ2e,enough for you,3.38,Olivia Rodrigo,2021-05-21,2021,sad
2k5rWMAz9RvFS3k3kk3cc5,You Said,2.25,Connor Price,2021-07-09,2021,sad
6FxC6j3SQlVsnokxxhAxXN,If You Have To,3.32,Ella Langley,2021-11-05,2021,sad
0c34ovpXiMWWUbKX0IavIH,"F*CK YOU, GOODBYE (feat. Machine Gun Kelly)",2.41,"The Kid LAROI, mgk",2021-07-27,2021,sad
0PFgeiQORt3eqq5OX7BxCc,Heart & Soul,3.83,"YoungBoy Never Broke Again, Birdman",2021-12-10,2021,sad
7FKkswFflI5Txc3Y4gH0IB,see you later (ten years),3.14,Jenna Raine,2021-09-24,2021,sad
2AaJeBEq3WLcfFW1y8svDf,By Your Side,3.23,Rod Wave,2021-11-22,2021,sad
6ilmDtTR9yGrZCIOnMLNQy,TRAGIC (feat. Youngboy Never Broke Again & Internet Money),2.55,"The Kid LAROI, YoungBoy Never Broke Again, Internet Money",2021-07-27,2021,sad
7sq2z9oX2S0CvgTqCZ0ko4,Strange,4.27,Celeste,2021-01-29,2021,sad
6QFnwOaQIMd9sZNsd4mUaO,One More I Love You,3.62,Alex Warren,2021-06-11,2021,sad
6RmefriEmuqmToFqMlvwlF,Ur Name on a Grain of Rice,5.03,Runnner,2021-07-16,2021,sad
4QiHqvOVyIfsBFLjjctfHW,Escape,2.7,Rod Wave,2021-08-20,2021,sad
6Vf6T1v5wyEQjNb5wLmZSw,isho,3.07,SadBoyProlific,2021-08-21,2021,sad
5kItv0UayV5g4Xs9FMshDR,Cuando Tú Me Miras,2.59,Eslabon Armado,2021-06-25,2021,sad
0nsIevK1SeDfZzDOi6Si75,Crush,3.41,Ethel Cain,2021-04-23,2021,sad
32iahzg5BD6uZQgTNOyrxs,이산 시간,2.24,Technical Sleep,2021-10-04,2021,sad
3x0EoMEp16dyEcraUR1beL,Focus Waves,2.41,Gamma Ism,2021-10-12,2021,sad
5s8EezAFdXNiHOvOutgtOU,Ground Level,2.66,Water Effects Center,2021-06-27,2021,sad
259rzFIqJmv7xCqPB4fL2E,White Noise Is Bright,2.53,Sampling Specialists,2021-08-16,2021,sad
1OwKdSEkvIHlmp07Mtv43V,After Hours,2.63,charlieonnafriday,2021-02-26,2021,sad
4vsLtmWxiRMhzW5ZkGw7mX,IT'S OK,1.95,Daniyel,2021-05-14,2021,sad
6q1rr8W0TudmxomRdHxUWP,No Dudes de Ti,3.16,Eslabon Armado,2021-06-25,2021,sad
0zPbUxvYRlCGwruakkXPLI,BAD SAD AND MAD,2.58,BIBI,2021-04-28,2021,sad
4zwW37dGxyzT2VYK5gpbVU,"Losin Control, Pt. 2",3.97,Russ,2021-11-12,2021,sad
2wt8Rz8M2bPt7QlwriMtI4,Great Escape,2.16,Emcee KB,2021-05-14,2021,sad
1XGH1AZ0JONwKKkYuNEPdE,River Rain,5.92,Out & About,2021-09-17,2021,sad
06yTkxoBXu4r8BLs5JzCCw,Baby Shushing Sound Sshh (Loopable no fade),2.37,Dream Supplier,2021-04-10,2021,sad
1auhrJevFfuhjPaIt9b2XH,White Noise is for Napping,2.46,Drealux,2021-05-26,2021,sad
4z7OgMIunklh1t8EsTGfIh,Wasted (feat. Lil Uzi Vert),4.31,"Juice WRLD, Lil Uzi Vert",2021-05-28,2021,sad
2RQlooky582mUdYEKmoyAe,Wasted (feat. Lil Uzi Vert),4.31,"Juice WRLD, Lil Uzi Vert",2021-05-28,2021,sad
0iDdlJRRvcINDb9NIACQsU,Wasted,4.31,"Juice WRLD, Lil Uzi Vert",2021-07-09,2021,sad
1P4qRbbs60wN8AFBAVO19L,Waste Of A Whiskey Drink,3.4,Gary Allan,2021-06-25,2021,sad
779UN3kabApm2zfqX549vf,when was it over? (feat. Sam Hunt),3.63,"Sasha Alex Sloan, Sam Hunt",2021-04-23,2021,sad
4bp5G6x1SXMQW4X9DbCCCp,If the World Was Ending (feat. Julia Michaels),3.49,"JP Saxe, Julia Michaels",2021-03-23,2021,sad
77MdvMx9L4ZQuLhhn3o21h,If the World Was Ending (feat. Julia Michaels),3.49,"JP Saxe, Julia Michaels",2021-06-25,2021,sad
2Z9KNKlCiMPB3dSvKxXoHe,was it all for nothing?,3.61,"Savage Ga$p, 8percent, Shady Moon",2021-11-12,2021,sad
4wkvTDPkFjNhrZT61o8pOw,The Moon Smiled Back at Me,5.6,Sadistik,2021-07-27,2021,sad
5fzWEuPs5masn1HKiG3xpI,When I Was a Baby,3.11,6 Dogs,2021-03-12,2021,sad
1RtSBmcsrJ7QX19xPidYZN,If The World Was Ending,1.8,"Lofi Fruits Music, Chill Fruits Music",2021-08-06,2021,sad
0m7ezM5a5lRpsSLLDbsPcX,Where Was I,3.14,"Emerald Royce, K$ace",2021-01-01,2021,sad
5xUcwiz8jGaQXwTbr6D4yF,Wassup?,2.72,Lxst,2021-07-24,2021,sad
2ctyUI4mJrQzYfLmslzuXb,First,2.16,HARRY WAS HERE,2021-12-17,2021,sad
6WHALRlxGmfJ3eLE4lTQyC,Träumendes Wasser,2.05,Soft Soundscapes,2021-12-18,2021,sad
3MMattIJEjBcxUQxBEJPi1,Säuselndes Wasser,2.05,Soft Soundscapes,2021-12-18,2021,sad
2tRhbQNoUkM6ROuCfipFcj,Schlummerndes Wasser,2.07,Soft Soundscapes,2021-12-18,2021,sad
4X2YsPdOSfJfTmNgFmi72K,Entspannendes Wasserrauschen,2.08,Soft Soundscapes,2021-12-18,2021,sad
6jIpfTmCaebJyQxfrZb749,The Best Part of Life,3.28,SAINt JHN,2021-12-17,2021,sad
4O2bxKTnK9En7OPw8kGDDF,Amor Fugaz,2.92,Los Del Limit,2021-05-28,2021,sad
3cH75G5f24Bc7koyOlBtDg,In The Clouds,2.71,Samsura,2021-06-21,2021,sad
0mDQqx2jS7Da0kok7oUiiJ,Pause The Noise,2.07,Deep Horizon Waves,2021-11-16,2021,sad
1MyeT7GjwylrPvcLsBSjds,Under the Rain Clouds,2.65,Mussina,2021-10-26,2021,sad
2xXNLutYAOELYVObYb1C1S,As the World Caves In,2.69,Sarah Cothran,2021-06-10,2021,sad
5sFIYKbII6QzRT57hCza5Z,then i met her,2.31,EKKSTACY,2021-11-12,2021,sad
07M0lYUZoad6AndtA0VoMJ,Heavy Rain And Thunder At The Baltic Sea,2.55,Edy Boman,2021-10-03,2021,sad
3g8n6JHQDGGjrE27lAtpvn,Watch The Storm,2.55,Dreams Made,2021-08-01,2021,sad
41bTkvV9Qcc8RuDRqJKjxn,Must've Been Rain,2.55,rainstantly,2021-09-13,2021,sad
4YMc3A256xFBS0xcT77Qce,help herself,3.14,"bbno$, Diamond Pistols",2021-01-29,2021,sad
3ZLdTqGr8k1vlBQmuKHr8z,help herself,2.78,"bbno$, Diamond Pistols, BENEE",2021-04-30,2021,sad
5UY8jf31X2hJkiAualFTyh,Selfish,3.73,Madison Beer,2021-02-26,2021,sad
05lr1ZurY0L2m2OVe473DH,Here's ur chance,2.49,Damien,2021-01-22,2021,sad
4NUgJ9gYHuAhaT3bj9ONh3,lie to me,2.96,"Ali Gatie, Tate McRae",2021-03-26,2021,sad
4Hib9DZdiZoRBaUn6SBcUA,Zone In,2.43,Outdoor Sound Makers,2021-11-23,2021,sad
6USdi8uX5GNAPYziFhisHb,What If I Told You That I Love You,3.23,Ali Gatie,2021-03-26,2021,sad
5xhJMhyDHNzFS2FCDSQTp7,Farifax Rain,2.82,Herbird,2021-05-20,2021,sad
2hqX5Ex3zuwo9Rv9LuB1jk,500 hz,3.27,Daily Calm,2021-03-19,2021,sad
1nXvx83hxoYItv0S5ZGeNP,Esta noche,3.3,Herencia de Patrones,2021-07-16,2021,sad
0c0uFehhA1ekbQmqZ0HKeb,hideous,3.23,mehro,2021-03-25,2021,sad
70qEtopkR96BvM5ek1Kt1r,You Know Better,3.22,Sad Heroes,2021-10-22,2021,sad
1OL6aitwd9cdeLwWsQlrkr,shots in the dark,3.14,"iann dior, Trippie Redd",2021-04-16,2021,sad
45qnfE26Ki0POHJMdOc9sW,Ain't No Cure,3.13,Gavin Adcock,2021-08-12,2021,sad
3kWC3zKmFlsOaHe4HVOSvA,HEART BREAK,3.11,"GHO$†BOY, AXG Karmah",2021-07-15,2021,sad
1cuKufFiF9E9VfuB8eg8xd,Sad i zauvek,3.03,"Aca Lukas, Dragana Mirkovic",2021-12-24,2021,sad
5O668zpvilJfTTGuuS7CNN,Here Comes The Shock,2.57,Green Day,2021-02-21,2021,sad
3Xj7S4N6qKlTJusTI4VbT5,396 Hz Overcome Sadness and Grief,3.5,Manifestation Frequencies,2021-09-22,2021,sad
2qEMSVUGeC9qToUvzSJNLw,Aashiquii Kaa Gum,5.46,"Salman Ali, Himesh Reshammiya",2021-10-21,2021,sad
6X3FjTFOKsj7FQk2rd0gPv,Main Jis Din Bhulaa Du,5.0,"Rochak Kohli, Jubin Nautiyal, Tulsi Kumar, Manoj Muntashir",2021-02-10,2021,sad
2XeA3RKNQcgPceQjOxdXVw,Pyarr Tumse,4.48,"Salman Ali, Himesh Reshammiya, Tiger Pop, Aarya Singh",2021-08-27,2021,sad
63GA902NcdjCwjjTmJ4ZU6,Hemorragia,3.07,Dante,2021-02-14,2021,sad
3nRv6eO0ZxOnwr8n62QTvH,Hemelse Witte Ruis,3.12,Audio signaal,2021-10-04,2021,sad
3KOUV9BDpWE9KwzD2FPguP,Bewafa Tera Muskurana,4.42,"Jubin Nautiyal, Rashmi Virag, Meet Bros.",2021-08-09,2021,sad
2YZprdqw94CzakkMfP9iPM,Himalayas,3.89,Eli Starr Trio,2021-05-02,2021,sad
5TyiCbZqWv8OLLJe0XXyaY,"when you're with him,",4.01,normal the kid,2021-10-08,2021,sad
2WLTz3HGJOojXMpaLf0J16,I AM HIM.,2.0,Kodoku,2021-04-12,2021,sad
2yX5Adexq0JukUGJvqlkYA,Rain Forest Birds,2.67,Himalaya Nature,2021-10-12,2021,sad
6fKWGJiAjI5ZNARcO6PPo8,フランス茶道室,5.39,Hideyuki Fukasawa,2021-11-24,2021,sad
6aAZNXpatvpKgf8Vl0nAvX,Song for Him,2.4,Emotional Music,2021-02-05,2021,sad
3v16U6i2wR7cbLq9tvRlc2,Himmel und Blut,3.0,"nello, REMEDY",2021-11-28,2021,sad
6rpyotF8rSCHZzmrP607Iz,The Sadness of Ends,2.22,Daytime Owl,2021-11-13,2021,sad
1jIDKoLJkDu6iZmm5an1oc,You Chose Him,2.13,John Falvo & His Daggers,2021-11-17,2021,sad
6WzchztKTvS0hdIZy1chGT,Sadko: All Night I Have Waited for Him in Vain,5.17,"Nikolai Rimsky-Korsakov, Oksana Volkova, Kaunas City Symphony Orchestra, Constantine Orbelian",2021-03-19,2021,sad
1QShjsXn0v7ci0dVO88Get,Sad Song,2.0,Addifar Himself,2021-10-19,2021,sad
7AZrtuX2Hb221R3LMD1nqL,Sadumata Thodi Thodi Himmat Rakh,10.41,Heeralal Gurjar,2021-02-05,2021,sad
7CyljinAP4nttrlPIPvfn5,Sadumata Thodi Thodi Himmat Rakh - Original,10.41,"Heeralal Gurjar, NA",2021-02-05,2021,sad
2Pu9UVWgXoyZS1mnHgcI2e,SAD SHIT,2.87,"DomYC, 6ig Cuhz",2021-01-30,2021,sad
6FGv3NrL46LeB3DnW2Bt7t,Sad Baby Music,1.25,"Baby Songs Orchestra, Baby Songs Academy, Baby Mozart",2021-08-11,2021,sad
678UXpFx8eTpgOp4zOIFsv,Baby Colic Shusher Lullaby White Noise (Loopable no fade),2.37,Dream Supplier,2021-12-23,2021,sad
5GQqp24qVLaCWzxa6de1AE,Baby Sleep Noise 5,2.15,Exodar,2021-02-24,2021,sad
6nzNfcOUPy2B2PUprHGfJC,Space Out,3.33,Harper Rems,2021-10-21,2021,sad
3dVazyzNwvYlkN1QYIHerW,Sleeping Forever,2.58,Hormonental,2021-10-19,2021,sad
3lVjOSys0wPcu20E5iSHcC,Baby,3.54,Officialalex425,2021-12-23,2021,sad
2E691vZJRMdpiiHFjd5YUi,Noise & Sleep,2.39,All Night Chill Makers,2021-11-16,2021,sad
5KmJLqHWrLpOx4QjvHhLTo,Baby Shusher Natural Loop Sshh (Loopable no fade),2.37,Dream Supplier,2021-04-10,2021,sad
52gLFB1JwnwesroSmsqkok,Whirl of White Noise,2.97,Wax Walls,2021-09-12,2021,sad
3fzhpLNMFSey1z987S7F15,Ruido Blanco Por La Mañana,2.34,Vizzionz,2021-09-13,2021,sad
1xfTMONZWgzxpjSyEV4b4Q,Mirrored Sky,2.49,TX Phoenix,2021-10-12,2021,sad
4Enk3Ss0Mp6L8eCgL2WbEv,Calmed By Rest,2.64,StyccO,2021-10-12,2021,sad
0EXROIegRUhQQDDl6xwuyt,"Free Sad New Wave Type Beat - ""My mind""",3.12,"Furyl, Evo Music, 4 Chords",2021-03-19,2021,sad
5P5Ggngf3OvU60AFuYkS5q,sad,3.33,LANY,2021-02-05,2021,sad
0E8Torj5fhTNBghR1LlPNg,The New Me,2.4,Thomas Day,2021-12-17,2021,sad
3Xi7frI1T72yfiGcLurzNX,New Year's Eve,3.73,"Hurtwave, Seneca",2021-04-30,2021,sad
1AA3ZjLo9tD2iSZAs2svyj,Chinatown (feat. Bruce Springsteen),4.07,"Bleachers, Bruce Springsteen",2021-07-30,2021,sad
59eP7Kzsg8c5sVKtDr4QeJ,"New York, Falling Apart",3.32,Chris Lanzon,2021-06-11,2021,sad
7fRCD4vVNpCy91Y3zxNMUl,Stop Making This Hurt,3.33,Bleachers,2021-07-30,2021,sad
4lKg94fHZZ3pozsNFTew2x,How Dare You Want More,4.0,Bleachers,2021-07-30,2021,sad
5j2p1nYqtR2YNVeDgkVHjc,bad news,3.52,LANY,2021-02-05,2021,sad
6xzywdfai33n1cPKYF0iLW,i still talk to jesus,4.27,LANY,2021-02-05,2021,sad
45o2auFAPTzFj350j3BSvY,BAD BAD News,3.47,Tai Verdes,2021-05-20,2021,sad
4Anv3XxOJmIbMPOghVtZVl,Crying Out Loud,3.16,suisside,2021-01-17,2021,sad
34zGdb3q0UP1klxztRYUyL,Forever For You,2.1,Chini,2021-03-19,2021,sad
2tJBG2m6K5jUKxzyTZm9Z7,Malasana,5.36,"Hania Rani, Dobrawa Czocher",2021-10-15,2021,sad
6GXxOycOvD7pp0F4ee6X5R,45,3.39,Bleachers,2021-07-30,2021,sad
6NA2s5aGtRvrdpYSP4IlSP,New York Rain Pouring,2.64,Brain Timbre,2021-11-29,2021,sad
1iZ8JnFT3i5J9PpbW6F3Ku,new information,2.5,"Deep October, suni vega",2021-10-18,2021,sad
6v3wihX7hSonQaBVSYTBgW,91,3.0,Bleachers,2021-07-30,2021,sad
5ajjAnNRh8bxFvaVHzpPjh,Reckless,3.39,Madison Beer,2021-06-04,2021,sad
42dosBqMOdtgxKw0KRFJF0,Getting Older,4.07,Billie Eilish,2021-07-30,2021,sad
4HOryCnbme0zBnF8LWij3f,Getting Older,4.07,Billie Eilish,2021-07-30,2021,sad
3loxLNgQ9kjJOOTPzLNtcc,Sad Old Me,3.39,Duncan Laurence,2021-05-21,2021,sad
2O33WsmBCDvaYaYuveyunB,Old Me,2.4,"Lil Peep, Harry Fraud",2021-12-03,2021,sad
2KnLkZ3z7PO3kgVGHGqDpD,It'll Be Okay,3.71,Shawn Mendes,2021-12-01,2021,sad
0WqHYUiGuqkC7koA2l5Ou1,without you with me,2.91,Matt Hansen,2021-10-08,2021,sad
1vjQHBoJWpQ3rAPRDVjrxA,A Little Bit Yours,3.81,JP Saxe,2021-06-25,2021,sad
3HzYJ6LKguK3Gj8qJCDBXZ,Iris,2.85,Natalie Taylor,2021-03-29,2021,sad
0hmtlCXJewmLAJUxS9JEac,GHOST TOWN - campfire version,3.02,Benson Boone,2021-11-19,2021,sad
4shaqlcGsXixRSElW318Xa,sad - stripped,2.95,LANY,2021-02-05,2021,sad
6wuV9HCyZUJgQTYxW3hwv6,everything i wanted,1.88,"Lofi Fruits Music, Chill Fruits Music",2021-04-09,2021,sad
3QtReOb62Wv8gWPUnkUij8,Sad Tomorrows - Mono Single Version,2.39,Marvin Gaye,2021-01-22,2021,sad
39wbLcrAdwUCIE1ALJD2L8,parent song,4.39,"Jeremy Zucker, Chelsea Cutler",2021-02-05,2021,sad
4W1gUkq2TAOOFCBet3i3WR,What They'll Say About Us,3.02,FINNEAS,2021-10-15,2021,sad
2Sx8K3FexbDB3RP3A0jZCh,Smooth Breeze in Old Spruce Forest,5.13,Nordic Wilderness,2021-02-17,2021,sad
0TPmJo5Pj9ncpCBzEidPll,Damn,4.87,Nat Lefkoff,2021-10-06,2021,sad
4q3biaQQoADspV16lbsfPH,Lonely City,2.63,Mokita,2021-10-08,2021,sad
0UKfYX2CPOj7yWAXp2P1kg,Lost,3.6,BoyWithUke,2021-01-22,2021,sad
4ybTff9f107BGrkXSthvPK,Lost Without You,3.63,Charles Wesley Godwin,2021-11-05,2021,sad
0rQV8yyM0fjQmZjlJnIR7Y,Lost In Between,2.08,yaeow,2021-02-26,2021,sad
5AS3FvNOXofcAL8DUtIjkM,Lost Me,3.58,"Dub P, Aleksa Safiya",2021-10-27,2021,sad
2SgePa2hYymXyignwwo8oP,LOST ONES,2.83,Daniyel,2021-05-14,2021,sad
6Ph4PN5td4VBuZGjnHkAjf,Lost (feat. SadGirl),2.87,"Mr. Capone-E, Sadgirl",2021-09-24,2021,sad
2F7dbn98oCNP9tgqyIxc1d,Lost Without You,3.53,Berre,2021-06-26,2021,sad
2k7EwI4qVUIcMyYbGyyeeX,I Miss The Future,2.63,"Lost Kings, Jordan Shaw",2021-12-10,2021,sad
1LBO9zF6Zixig42lNIGi2K,Lost Cause II,2.0,Burgos,2021-09-17,2021,sad
0VR4rby6mG68tfdXvxtWoI,Lost Angel Nights,3.99,James Blake,2021-10-11,2021,sad
0l3p4DC9amPDp5FvMRzqG1,Lost,4.13,Bertie Newman,2021-01-15,2021,sad
6i2oROSEEU8shuQcV6D2TU,Sad Smile,2.23,Martin Czerny,2021-07-16,2021,sad
5JNGCFsFVC4oj25YwMqW5K,Sad Eyes,2.15,Martin Czerny,2021-08-27,2021,sad
3smH98RpQOIMg1ZmQexYoK,Still Lost 2,2.75,Sik World,2021-07-30,2021,sad
7rIjsfrKARiRAU4QjL73HG,lost myself (feat. Alexa Cirri and Sølace),2.72,"RNAQ, Alexa Cirri, Solace",2021-12-10,2021,sad
5WgydlDaE7GXMC1gJX6ODR,Lost Chemistry,2.6,"Yungeen Ace, Nuski2Squad",2021-11-19,2021,sad
4Zlygh7hGu7FU1iYNNdApp,Lost It All,2.24,Willv,2021-04-10,2021,sad
6lDekNfCsIjpg4Ja6TJUt8,Lost Cause,2.49,Ivan B,2021-04-02,2021,sad
2ZYBD5uk2QJiebyv3brFvU,Lost in the Dark,3.32,"Kaushion, Whxami",2021-11-15,2021,sad
35uYYHfPcA5zcl8IeVXxOb,Be Free,3.14,A Boogie Wit da Hoodie,2021-12-10,2021,sad
0j9hwC26u5KWY8bf8Ajm4o,Free,3.62,Cat Burns,2021-12-17,2021,sad
4fYiOdGIkZip8ZmLGjE08Q,Free Merey,2.34,42 Dugg,2021-08-27,2021,sad
7FidZMJRKwhOojK2h9WHTg,Free Soul,1.88,Martin Czerny,2021-08-27,2021,sad
2n4P2UNMvMj5sNAA5xw7S3,SugarFree,2.5,"BONES, cat soup",2021-10-15,2021,sad
3AMQKTsIR0ukMOXvPkwaKz,Set Me Free,4.05,Joshua Bassett,2021-12-03,2021,sad
3JBnQffO8PrBE4xwAGpWYb,Freeze,3.91,Sara Kays,2021-08-06,2021,sad
41ELK6lIM4jwZYFiALRIMQ,Sad! Hot! Girls!,2.7,TRAMP STAMPS,2021-09-17,2021,sad
1mEM6KkVMwpuAuqusCMD6m,Crisis,3.15,Joshua Bassett,2021-12-03,2021,sad
77EWUdr2IdohxboytZDNcR,Free You,2.35,99 Percent,2021-12-03,2021,sad
4Rh0bRrAfOUeIbVQxeJdbT,Dopamine Freestyle,1.51,Sad Frosty,2021-07-20,2021,sad
2zJNn3N77aEQLWWZzmx1u0,Free Soul and Rainy,1.88,Martin Czerny,2021-10-29,2021,sad
2ypH3nqtBat7gJL3f0bbFl,Let Me Know (I Wonder Why Freestyle),3.59,Juice WRLD,2021-07-29,2021,sad
6PtYvbT83vPt01cBN44rsH,Free To Go,3.63,"Seeb, Highasakite",2021-01-29,2021,sad
4LRJC9Sc243QEMIWOS55oM,Die For Free,2.4,Carter Tomorrow,2021-04-09,2021,sad
6Gclres5f68vHYmLBoNl73,soldier freestyle,3.55,convolk,2021-03-14,2021,sad
45HO3mfD04WSZWRIhIGKXD,feb 18 2020 memo of i promise,1.64,Lil Bo Weep,2021-09-07,2021,sad
4HpsIJ1Jk9Lz52c9fg9COf,The Art of Being Alone,3.63,June,2021-03-05,2021,sad
050mgGApqfh0HGQaD1i3h0,WYD Now?,2.41,Sadie Jean,2021-12-10,2021,sad
0TziqLMlv3abspIvcEmxcY,if this is the last time,3.4,LANY,2021-02-05,2021,sad
4JFJ5nVrIOEwyo9dHdQW0X,NOWHERE,3.41,Caleb Kennedy,2021-03-31,2021,sad
3PDNGdhCtiQemL14eKhCup,lights (4444),2.67,"nothing,nowhere.",2021-02-19,2021,sad
6Vuc4MBQWr0GpvHRUH5uHL,End Now I See You,3.45,Kaiyko,2021-12-24,2021,sad
7aDIsG4RJx4THcSEMeM01x,A Concert Six Months From Now,3.42,FINNEAS,2021-10-15,2021,sad
5d1OeQBC6zyHO8jc2svOZz,"rock bottom (feat. nothing,nowhere.)",2.76,"guccihighwaters, nothing,nowhere.",2021-01-22,2021,sad
0NnJ7rsSJRfM2MMKI2Anf1,Fan Fan,9.88,Sonic Atmos,2021-01-24,2021,sad
7xwJcHhMIfgiPtanwGxO70,Books From Sleep Star,2.65,Construidor,2021-11-02,2021,sad
6pO9pxKxrIHuTRqK7VLP8B,fake friend,2.82,"nothing,nowhere.",2021-02-19,2021,sad
4co218tAwJM5xQrczWhkZk,upside down,3.12,"nothing,nowhere.",2021-02-19,2021,sad
5agWi0xnqABWE51rrBz9oz,Any Day Now,3.22,Zac Brown Band,2021-10-15,2021,sad
4ZFAw3VbyFC9AMWorHvGSa,Heaven Right Now,3.81,Thomas Rhett,2021-04-30,2021,sad
4k4ImOjmaURMwBaZN3QKsk,buck,2.59,"nothing,nowhere.",2021-02-19,2021,sad
4GRzQVTYOG4eZQ8hAisrF4,It's a sin,4.75,"Elton John, Olly Alexander (Years & Years)",2021-05-11,2021,sad
1AStDdExVbiwyVdtqNJAkp,barely bleeding,4.06,"nothing,nowhere.",2021-02-19,2021,sad
26wSdASw98YUdl6hUaFltW,Dust Storm (How We Hold Each Other Right Now),4.02,Third Eye Blind,2021-09-24,2021,sad
55kuXqVs3HJy1oNoCzqxOv,Now We're Done,2.47,Trevor Daniel,2021-11-05,2021,sad
1o8uoicIlsiw1kGzOGnBMP,Over Now,3.38,Grayscale,2021-08-27,2021,sad
2LTJYsWOqsjntJpRy2HpY6,Gone Till November,2.68,Rod Wave,2021-03-26,2021,sad
0JNPvRIKjMVWRNR6o9GSxf,Gone,2.23,Tay G,2021-07-17,2021,sad
1L0V7WAWSwZwPUVAvi3Gmb,Gone Till November,2.68,Rod Wave,2021-08-20,2021,sad
2dyMvynM9mFivhcYv6dmTX,Long Gone,3.12,Juice WRLD,2021-05-28,2021,sad
0eveJtenwUxKumFyQoxDY6,"Ik, she's gone",3.51,"Josiah MacCartney, Presence",2021-09-28,2021,sad
7p7tcjcZu2orbBfZ5CAeEl,Gone Goes on and On,2.92,Logan Mize,2021-01-27,2021,sad
2afiZFKonHYwuBdohQdpa0,While You're Gone,3.78,Drew Parker,2021-10-22,2021,sad
2ody28gub7Ug7lY84YYtzr,GoneWithTheWind,2.53,BONES,2021-01-29,2021,sad
4IHaUu3CTXLO3cpVL5pHXA,GONE.,3.0,Damien,2021-07-02,2021,sad
1MlAOXhnFz6HvjmjLZwJbr,Goner,2.13,Lil Revive,2021-10-08,2021,sad
01HiKw6iUtomjGIA5UDI6l,Long Gone,3.12,Juice WRLD,2021-05-28,2021,sad
0iRA4JLz7bTdGCZfCfZzUo,Gone,3.59,Caitlynne Curtis,2021-01-22,2021,sad
588xCcrTloa5hH7Tw5ZQGP,Heart Gone,3.7,3xbravo,2021-05-14,2021,sad
1Q7HO1L7KO46VlMH8C3Abh,She's Gone,3.74,Vwillz,2021-01-29,2021,sad
6UH88EImXyoQ0WBVuRpBZJ,Gone Too Soon,3.93,"Nuski2Squad, Toosii",2021-03-26,2021,sad
4z1rnUqUEmkivLDHnetTx9,When I'm Gone,3.83,Landon Tewers,2021-01-29,2021,sad
3LDp8eyjouc58qWEHdpoF1,Before I'm Gone,3.86,Kode,2021-02-14,2021,sad
02XYqrtUEUDaxQSdppeeXw,When I'm gone,2.85,Pity Party (Girls Club),2021-02-28,2021,sad
0HcglvXbAKwzhJBoxnwMOy,I had gay sex with god (it could've gone better),2.63,Juno Lev,2021-01-22,2021,sad
6rhEuhuvDBdkzaX4ChKZTY,gone by the morning,2.73,Munn,2021-11-11,2021,sad
1mmPui7j18b2rcnBkXFjd9,Backup,3.47,"zingl, shmara",2021-11-26,2021,sad
2Obwg8XE4sWXLpJSDlxn1r,Back to Friends,3.6,Lauren Spencer Smith,2021-07-15,2021,sad
4wcBRRpIfesgcyUtis7PEg,"1 step forward, 3 steps back",2.73,Olivia Rodrigo,2021-05-21,2021,sad
0nWhWuaLLCcJS0D19np9Cb,Backseat Rider,3.47,Sara Kays,2021-04-23,2021,sad
5gNWNrmx8AtVpcfdYqir1v,back together,3.2,Toosii,2021-04-02,2021,sad
5Xkw6hmmVjsyTMfJmZxdQP,back together,3.2,Toosii,2021-05-07,2021,sad
4zJLvJ3liAqUJMU7fu71rW,Flashbacks,3.05,Zach Hood,2021-01-08,2021,sad
7c13Wg1yza94lj9j8W3zoE,Back To You,2.67,Jake Cornell,2021-12-07,2021,sad
4agPFCccTh7gIho2sNhsJp,"1 step forward, 3 steps back",2.73,Olivia Rodrigo,2021-05-21,2021,sad
59NV1gcpJxkmamZSxF7TU3,Come Back To Bed (Acoustic),3.42,Sean Stemaly,2021-02-05,2021,sad
3QgcFagmjAErgUjXXZldZc,Background Sad,3.52,Icon For Hire,2021-02-19,2021,sad
1tsdmmhtIN7BxYXWNqDNDk,Backyard Rain for Sleeping,1.18,"Aural Escapes, Dream Candy, Wandering Wild, Rainspotting, Hushaboo",2021-12-02,2021,sad
731FoDtsCeLZ9PSKN7Y03d,Sadie,2.99,"Mason Murphy, Jordan Jack",2021-04-30,2021,sad
0xCzp6Kv8VyzVeGhNNoBEW,Cabin Back Noise,2.86,High Altitude Samples,2021-06-24,2021,sad
0Ua5he4yuayavrqu3eJG8t,SSHHHH Baby Shush White Noise (Loopable no fade),2.37,Dream Supplier,2021-04-10,2021,sad
6f7mSNyw4tGPRruhLrocow,Shh Soothing Woman’s Voice Baby Shusher (Loopable no fade),2.37,Dream Supplier,2021-12-23,2021,sad
4SY69hBFnmVe782XLxeLfS,Sad again,3.41,TQuality Beatz,2021-10-06,2021,sad
3VvPREisNL7yBoePVbLbyZ,Want It Again,2.88,Thomas Rhett,2021-04-30,2021,sad
4QcIjiRwEw7h7gnFITArep,it's getting bad again,3.28,Ethan Jewell,2021-11-12,2021,sad
1mlnaTutf5UnvZnmw3eqNv,again in love,2.67,"Navyug, Shiloh Dynasty",2021-08-06,2021,sad
0QULr6UOb8dT6yiHBBKW7e,Love Me Again,3.28,Yatta Bandz,2021-01-10,2021,sad
4YX2jHMkfHpxB3X87x3GNt,When I See You Again,2.97,Colby Acuff,2021-02-15,2021,sad
26KzemqfKj4V1U8GAwF2BJ,burn it down,3.28,Against The Current,2021-07-23,2021,sad
0P8Xmb5JPPmJnkcXLoQc0F,Again,2.83,Third Eye Blind,2021-09-24,2021,sad
1kkunTj44eQRiO45v4WP1E,TRAGIC (feat. Youngboy Never Broke Again & Internet Money),2.55,"The Kid LAROI, YoungBoy Never Broke Again, Internet Money",2021-07-27,2021,sad
6u29w7XYvobu1ru3NjLg7G,We'll Meet Again,2.33,"Ali.Akbar14, maruwhat",2021-12-24,2021,sad
3rcMbifbhWPfmI1jvL10tH,Bojack Horseman,2.92,Happy Case Scenario,2021-01-17,2021,sad
1jnEVsWOHIlWwkE6JCr572,low again,3.59,"JonesJrr, Emi Grace",2021-01-19,2021,sad
7nI9LRVo5y85cN9afiHaIP,Chasin Your Heart Again,1.12,"ProdBySunny, Shiloh Dynasty",2021-04-16,2021,sad
43ERwEqYEb6CosLkuElBoe,shatter,3.06,Against The Current,2021-07-23,2021,sad
2x4xypZWrKpanw4cvnHNcB,Roses,3.08,Happy Case Scenario,2021-01-17,2021,sad
1d9Ve8caYURgqYEVuEHMww,Cry Over Boys,2.85,Alexander 23,2021-02-19,2021,sad
3vSLSOhE8HWBC2WiN0j0hD,Nothing's the Same,2.92,"Alexander 23, Jeremy Zucker",2021-02-19,2021,sad
2eG49TEm56KszFmCLOM5PK,Forever Set In Stone,3.0,Rod Wave,2021-05-31,2021,sad
1yvuOQGwF0Z8MbWNDSunxY,Forever Never (feat. Swae Lee & Pink Sweat$),3.02,"PnB Rock, Swae Lee, Pink Sweat$",2021-05-27,2021,sad
6QIreWRpvQ6HcPGIEO3mTG,I Don't Wanna Be Sad Forever,2.08,"Sinnon Nightcore, Jada Facer, Fly By Nightcore",2021-08-27,2021,sad
5LUnJSLbd8zXEGgnswctRX,for forever,2.75,EKKSTACY,2021-11-12,2021,sad
0EepXu0NfnnUX8efEZR167,Forever Winter (Taylor's Version) (From The Vault),4.39,Taylor Swift,2021-11-12,2021,sad
3C2yUAlGGuNcn8abpx6SFJ,Forever (feat. KB Mike),2.86,"3Breezy, KB Mike",2021-11-12,2021,sad
1UgaioSUNBZQ5xyCiAhfAU,4ever,2.69,WILLOW,2021-07-16,2021,sad
1fUuu9zqSKP98nRpPoeo59,Forever Means Nothing,2.57,Jomie,2021-08-31,2021,sad
0lCr9muYAf9Vdooye7ByxQ,Forever Jaaneman,3.61,Raxstar,2021-02-14,2021,sad
2jEh4UWZUYzjp4s21qmZ1J,Forever Gone (Rainy Mood),2.33,Martin Czerny,2021-03-26,2021,sad
1RVcAu0DaIp6Tz81BVBwsy,For You Forever,3.21,Set It Off,2021-06-04,2021,sad
5lVTPEd22QA5I4YdgrulEk,I miss u,3.25,Ely Waves,2021-06-11,2021,sad
0tBJ1dO05xF3c5Nnv9YZbg,Alone Forever Probably,3.48,Leanna Firestone,2021-05-14,2021,sad
7KIA7IDtJqRyZHdlmGRg8R,Forever Alone,3.39,Ely Waves,2021-06-11,2021,sad
7iOyZQWjJux0oV3AMpktYI,High Forever,3.0,The Maine,2021-07-09,2021,sad
5ss0frw37WcTPKqpj7YrfE,I shouldn't want you,1.91,"Ely Waves, ivri",2021-06-11,2021,sad
3QZPtxXf5GdAdcIL7f9ag7,Sapphire Skies,2.82,Ryan Caraveo,2021-07-30,2021,sad
2dOMzQTEUt9X1ILIDA0QTx,tonight,2.71,Sadboysav,2021-01-07,2021,sad
3ya3SnLWrW1HHlLs3FCA8b,If I Died Tonight,3.03,Atlus,2021-06-18,2021,sad
7A0OlgqjoVtQCak4gzy7dr,Can I Call You Tonight - Slowed,5.82,Sphere,2021-10-02,2021,sad
0Cq9AVhlqavJjVHlqZYBs4,If The World Ended Tonight - Stripped,3.72,Jordan Suaste,2021-03-03,2021,sad
5FO9zQ2MGisLtTjnmprh0P,Feeling Lonely Tonight,2.63,Sad Pianist,2021-08-25,2021,sad
2cSN1sp45VfUpiQh2X7T0W,Tonight,3.27,"Magnolia Park, LiL Lotus",2021-10-29,2021,sad
7m26R0lPWq6OaDuL6o3aRr,"If The World Ended Tonight - From The Netflix Film ""To All The Boys: Always and Forever""",3.94,Jordan Suaste,2021-02-12,2021,sad
6cPD9Ync9rh2WNvT345cXZ,Tonight,3.72,Sad Cell,2021-05-14,2021,sad
6k2Rxgkonc3u5s2CCGOvJ1,I BELONG TO U TONIGHT,2.01,"Sewerperson, JabariOnTheBeat",2021-11-05,2021,sad
2jykB0mqmz4dsKGR5gSlWI,Stay With You Tonight,3.78,"Wander All Winter., Eniy",2021-03-05,2021,sad
04Y42k7YAHnxT7N9HSAKsf,Tonight,2.87,Sadchke,2021-09-15,2021,sad
4bsLdfJlm4DUN8rhJYCyHE,Tonight (We'll Make Love Until We Die),2.74,The Sadists,2021-08-02,2021,sad
7943pW9F49NRCE50f1O0OE,Tonight I Can Write the Saddest Lines,2.68,John Scurry’s Reverse Swing,2021-03-19,2021,sad
24r2RIW8la0YhtXYVU4OFo,Sad Mystery Key (B Minor),2.47,Justin Moree,2021-02-02,2021,sad
12NCjKyLZdtM2Kci9V83YG,Sad Nostalgia - Edit Cut 60,1.0,Gianluigi Toso,2021-08-13,2021,sad
3ty6K9pIJ5GcEqyKIvLGOP,The Sadness Type,3.25,Mikhail Nikolaev,2021-06-04,2021,sad
1NmBFVZxnnufYbUhQXGcNh,Alone Tonight,3.05,Aiden Myers,2021-08-27,2021,sad
2MHz2lUmMPMYs6qQzuXErZ,Tonight I Can Write the Saddest Lines,4.87,John Scurry’s Reverse Swing,2021-02-18,2021,sad
2B714S5EDMoabazL2wlLOh,The Sad Notes (Deep Tech House Vocal Mix),2.73,Yale Nodes,2021-08-28,2021,sad
5tSNE9a3k7TeoLPanJmnpw,Sad Situation,4.23,Techno LX,2021-06-04,2021,sad
4NVVGohOe6h6MtMBmZGsco,sad dream,2.7,The King Chameleon,2021-02-28,2021,sad
1jKlRcH7X78ps1yKBTWyUV,Lucid Dreams (feat. Lil Uzi Vert) - Remix,4.01,"Juice WRLD, Lil Uzi Vert",2021-05-28,2021,sad
2rqagZl457R1ICa2fKVkds,DREAMER,2.83,Trippie Redd,2021-02-19,2021,sad
50MxG7EVsohdIPpVEXIEqY,Dream Drops,3.47,lumen,2021-10-08,2021,sad
4YPTI6iWXVTGIzDLKvInM0,Voltage Dreams,3.47,Zinan,2021-07-16,2021,sad
789WJxwUk6Pxb4AnqqnJlx,Lush Brown Noise,3.57,A Dreaming Machine,2021-11-06,2021,sad
7ratGZAkdFspHgYsK4otGM,Noise over the Pacific Ocean,2.18,Sams Sampling,2021-05-30,2021,sad
2FPTU93d4laMXksmiJ9OR6,Abstract Rain,2.7,Sams Sampling,2021-05-31,2021,sad
67a0mDgFlYXRznyyImBbJu,Lucid Dreams,4.0,Juice WRLD,2021-05-28,2021,sad
6ATqL4f1nFWwASrWi8nF6e,agoraphobic,2.16,CORPSE,2021-01-29,2021,sad
6isTQfKXhNO3EyJd9mSxx8,AM I DREAMING (feat. Miley Cyrus),3.05,"Lil Nas X, Miley Cyrus",2021-09-17,2021,sad
2Ouu07dJ1tUavnkARWsdJ9,Out of Tune,2.96,BoyWithUke,2021-06-04,2021,sad
2P375Ek8tXZjgo0bef9Sc1,Hazel Eyes,2.92,BoyWithUke,2021-06-04,2021,sad
1GYPKqzuyRUsFstDrgVuWo,Blurry Nights,3.39,BoyWithUke,2021-01-22,2021,sad
2ml2xRwuFLv7NtDPzyssfL,"Widmung, Op. 25 No. 1",3.97,"Robert Schumann, Martin James Bartlett",2021-01-25,2021,sad
6BeJMyufPqWLz04ossH72k,I wake up thinking of white noise,2.9,Linus Xio,2021-07-18,2021,sad
3VQ13NVz6w98nsg3YWJ8XG,Stormy Ocean Pink Noise,3.21,Dream Birds,2021-03-23,2021,sad
7sdHMJvhKib3ReVPsZFbrf,Rock N Roll,2.48,Ken Carson,2021-07-23,2021,rock
6LnEoRQKMcaFTR5UvaKuBy,Rock with you,3.01,SEVENTEEN,2021-10-22,2021,rock
5V03tsbEzYG0PmRrh3K4rF,Rockland,3.62,Gracie Abrams,2021-11-12,2021,rock
3E73eFyGL6v10qlK3jiLyR,Rocky,2.77,Still Woozy,2021-08-13,2021,rock
1lhltpip56qe4yUZA7rjvj,Rock Steady,5.13,"Boaz Watson, Kenneth Edmonds, L.A. Reid, Dwayne Ladd, Bo Watson, Walter Scott, Wallace Scott, jsthebg",2021-04-09,2021,rock
6NQVN1mIu5eBfYqaRGRVu7,rocket science,2.55,vaultboy,2021-11-09,2021,rock
1OisyDHy5LRaH7UN7umfyI,Rockstar Sea Shanty,2.7,"Nickelback, The Lottery Winners",2021-02-02,2021,rock
4pt5fDVTg5GhEvEtlz9dKk,I WANNA BE YOUR SLAVE,2.89,Måneskin,2021-03-19,2021,rock
7xLfmCx9jcZNgzlIK7NupN,Stress Relief,3.43,late night drive home,2021-09-17,2021,rock
6SRsiMl7w1USE4mFqrOhHC,brutal,2.4,Olivia Rodrigo,2021-05-21,2021,rock
3qpyxgH65qNhJ9hLS2gWrS,Origami,2.9,The Rare Occasions,2021-06-18,2021,rock
5Sz1zHLWn7bAIDhIecQqaz,Rockabye Baby,2.57,Rene Rillettes,2021-06-01,2021,rock
51EpFns3CG9taCMQz6XDom,INVISIBLE,3.19,Duran Duran,2021-10-22,2021,rock
5RBOcBpJXaNnHCGViJmYhh,The Perfect Girl,3.24,Mareux,2021-12-08,2021,rock
14qNHvX8h6HoynFuV0RxWS,Far Away (feat. A$AP Rocky),3.32,"Yebba, A$AP Rocky",2021-09-10,2021,rock
6Hfu9sc7jvv6coyy2LlzBF,Hurricane,4.05,"Kanye West, The Weeknd, Lil Baby",2021-08-29,2021,rock
2XPmTamsj7d9i3gzLCL4JI,Redecorate,4.1,Twenty One Pilots,2021-05-21,2021,rock
2yvIw3QVg06yAZkRiLTYP3,Resentment,3.79,A Day To Remember,2021-03-05,2021,rock
41a1JMWx3Xcqxpp34XjMQp,Rock-a-Bye Baby (Instrumental Version),2.2,The O'Neill Brothers,2021-05-20,2021,rock
5ISrHdNRBx9bdobhCqVRH8,Rock-a-Bye Baby,1.53,Bae Bee,2021-03-17,2021,rock
1xO5aVaGg8ksIuH1TL9Ba3,Karmadame,4.74,Zoé,2021-04-16,2021,rock
6PQ4S4l46rTA6w6uH2BJbO,Set Fire to the Rain,4.06,No Resolve,2021-02-05,2021,rock
00199FIJyFpSTVEd87qkUr,Want Me,1.16,Cl4pers,2021-12-23,2021,rock
02jY4Umvqc6JdcjdsYxEEQ,SKR,5.2,Zoé,2021-04-16,2021,rock
5s6GCAELVT6p6Xsc3LEP7f,"Quizás Sí, Quizás No",4.66,Los Gestos de la Doña,2021-04-16,2021,rock
37LNNQNbL1YLyutBG6aWRx,Rescue Me,2.66,OneRepublic,2021-08-27,2021,rock
3tGXnGvZpT4fzua650wrRh,Merry-Go-Round,4.06,MAN WITH A MISSION,2021-07-17,2021,rock
6ZxSmm73ZRmcYgtjS0UIwT,El Duelo,4.25,Zoé,2021-04-16,2021,rock
1pUvY7QcCCSmhbYGuYboQy,Rock N Roll,1.86,Scorey,2021-10-29,2021,rock
6Bpw7j4WL3IwdM1xLPcH7Q,Velur,4.13,Zoé,2021-04-16,2021,rock
0hlzl6zaN6misc6V0JbhaP,I Don't Care,3.02,VIOLENT VIRA,2021-09-24,2021,rock
1L0lUX7S4YG0pdt1V2yRrb,Medicine,3.82,Dayglow,2021-05-21,2021,rock
5ofoB8PFmocBXFBEWVb6Vz,Animals,4.07,Architects,2021-02-26,2021,rock
1rq6f2eXGMc9Ib7WuMvkA1,Fade Out,3.44,Zero 9:36,2021-02-26,2021,rock
3O963Rx4OioIw7wdCp7pER,Mistake,2.53,Stellar,2021-05-24,2021,rock
3A1tg1K8JSvTVn6QLj18VG,My Wave,3.15,DENM,2021-05-14,2021,rock
2qy1izuCE6TOacJO6hBHlO,Mindreader,2.89,A Day To Remember,2021-03-05,2021,rock
46K1MMwKf29weyCTKb2cjM,Mine Forever,4.8,Lord Huron,2021-05-21,2021,rock
5kctmXrbkAPTc9rgaLhEKe,Maye,3.46,Ocean Child,2021-09-21,2021,rock
1cL1agknM3tbANL8LNLnr7,my sword,3.05,Jeris Johnson,2021-01-29,2021,rock
0AXHqychsqAuL0ZNXI3kWq,Misnomer,3.72,The Brook & The Bluff,2021-10-08,2021,rock
32NJ4kh1Aqrc9XGRoXvGie,"My Way, Soon",4.25,Greta Van Fleet,2021-04-16,2021,rock
2iHxbUx2jHLWR0dDQe79Kh,My Play,3.17,AJR,2021-03-26,2021,rock
4iya38ctQ1httyA6NOG9oW,Light My Love,4.51,Greta Van Fleet,2021-04-16,2021,rock
3A6nR4GSolo160nu7xtDk7,All My Favorite Songs (feat. AJR),2.85,"Weezer, AJR",2021-05-12,2021,rock
55pCe0UgAeaeWKKSQqdiWh,My whole world,3.43,"Car, the garden",2021-01-28,2021,rock
3BsoE7SgveujY2jeV2rVRw,Break My Baby,4.43,KALEO,2021-04-23,2021,rock
3ADDLOa2NjjLFQ7g2FTiYx,My Mother Wants Me Dead,1.76,carolesdaughter,2021-10-22,2021,rock
5Ei4MN21y7ZQLfnPJW9L60,My Limb,2.89,Hayley Williams,2021-02-05,2021,rock
7n6QMW76A5qgfn0Mb4aL7i,Off My Mind,3.56,Joe P,2021-10-22,2021,rock
5ARrWiDDRDocvURbemcnCy,cut my fingers off,2.33,Ethan Bortnick,2021-11-05,2021,rock
07gPDviT2OdBj40dxqMmjO,everything in my mind,3.73,Nevertel,2021-05-21,2021,rock
2wZtRh3I3JYPODpL4c07ZC,We Will Rock You - Remastered 2011,2.03,Queen,2021-07-02,2021,rock
39ZwPBjIPjXl1SlO8NKsWF,Rock Your Baby,3.36,George McCrae,2021-03-18,2021,rock
5wHUf7RYxflETy6yb2bla0,Rock You Like A Hurricane,4.25,"Sershen&Zaritskaya, Violet Orlandi",2021-11-25,2021,rock
65wEZxhPlAERKLcSbTD7qc,You Stupid Bitch,3.27,girl in red,2021-04-30,2021,rock
61X73CJcpwGIxgQgKEXbw0,You and Me On The Rock (feat. Lucius),3.83,"Brandi Carlile, Lucius",2021-10-01,2021,rock
2ldoyUu1SRf96pQ6G5n3gY,"You're Welcome - From ""Moana""/Soundtrack Version",2.75,"Dwayne Johnson, Disney",2021-05-28,2021,rock
05H9k8bBzPaqHyvwj9wsH0,You Wanted More,3.07,VIOLENT VIRA,2021-11-23,2021,rock
5YqSrjQBvCpsnEZjYyUiOb,Ode to a Conversation Stuck in Your Throat,3.32,Del Water Gap,2021-10-08,2021,rock
1rC8X5z0RpDlwM2jmIXyNb,Thank You for Hating Me,3.16,Citizen Soldier,2021-08-11,2021,rock
7ePG9xYttxkB68Ven3LZDe,Letdown,4.25,Letdown.,2021-03-26,2021,rock
015pttd093IepgjMxRwmIW,Shaking Cages,4.27,Silent Theory,2021-05-04,2021,rock
52KlXDEkCkgZxuMjSqzY4L,Last Resort (Reloaded),2.29,"Papa Roach, Jeris Johnson",2021-01-27,2021,rock
2R8i4i4Zv6MvtqMrmEP4mz,Sticks and Stones,3.61,Silent Theory,2021-05-04,2021,rock
43oofAIQViHPlgYCDfpkAi,Innocent,3.76,MYTCH,2021-04-16,2021,rock
1eGNgTzF0YBoGN1BYNyvJJ,La Parte de Adelante,4.55,Los Fabulosos Cadillacs,2021-03-05,2021,rock
4WiRsBAUd4fqHmIqrSoznL,Chillthefuckout.,2.78,ROMES,2021-11-19,2021,rock
09IxxhA21trMGC14MH76R1,Isabelle,2.25,Zach Hood,2021-02-05,2021,rock
2RzNcploLYdPrbWRgMT2EF,2am (Love Again),3.59,Paloma,2021-03-26,2021,rock
2tDAxN5dTsBxMmubf3oTwE,Motionless,3.3,Colorblind,2021-07-02,2021,rock
2UaY28XFovGjIJ42AB9RTc,Pretty Lies,2.23,Yoza,2021-08-11,2021,rock
5Ws8QOTBn4fJP3ZZ2tx9ma,Escape,3.26,Destroy Boys,2021-10-08,2021,rock
5ubH6wM2PbzRcTbAoWAZAG,Fuck It,2.35,New Medicine,2021-06-03,2021,rock
7ofTIXZ9qwn9inBvaOxIQ9,Waste No Time,3.04,"Passafire, Collie Buddz",2021-05-27,2021,rock
0PXX5s9SXJWYWaYTg29oZc,Waste My Time,3.23,The Crystal Casino Band,2021-08-11,2021,rock
18GpAzMOsQ7PHn7fxiBNZU,DANCE!,2.72,"1nonly, Ciscaux, Wassup Rocker",2021-07-16,2021,rock
0JuSGEldfovcc8IS9va1wa,Believe What I Say,4.04,Kanye West,2021-08-29,2021,rock
3p94RpSxQdZocUfrzpemmm,El Dorado,2.27,Stellar,2021-02-19,2021,rock
040jWZw29UCBxaJRoLch7h,Waste Away,2.25,Closed Tear,2021-02-26,2021,rock
3YqBS3rfoQUjYkZGwydkia,Wasteful Games,2.34,Benny Bellson,2021-02-26,2021,rock
43AG0J2JNYfnH4QnJdzeOr,Waste My Time,3.45,Oliver Tree,2021-05-28,2021,rock
4NjSUepZkiJyxsrTB8qUnu,Waste My Time,3.23,The Crystal Casino Band,2021-01-29,2021,rock
1ZwsRAtzXdcYz9HqVWGST0,Wasted,4.17,The War On Drugs,2021-10-29,2021,rock
6uw5plNLbf0ZCKjMm9GAcP,One Right Now (with The Weeknd),3.24,"Post Malone, The Weeknd",2021-11-05,2021,rock
4NSpyfv8DeOtPFLnxwNyLQ,Waste,3.43,Foster The People,2021-11-12,2021,rock
2GPZabUIgz0XJkvUoqVKQQ,Wasteland - Alternate Version,4.34,Seether,2021-06-25,2021,rock
2IM62Gocn1627nKL1aSifz,A WASTED YEAR,2.62,jxdn,2021-07-02,2021,rock
29BzkuOmr3QeKmdLGW15ZA,"boyfriend, girlfriend",3.51,carwash,2021-07-15,2021,rock
00KBMCig03dtdMJG4jkrIu,Wasted Days (feat. Bruce Springsteen),4.52,"John Mellencamp, Bruce Springsteen",2021-09-29,2021,rock
02Lki714RZrfUS65pzJ2lj,You’d Be Paranoid Too (If Everyone Was Out To Get You),2.52,Waterparks,2021-05-21,2021,rock
2HhKg8Q27LphO8ojKrNAz3,Waste My Hate,2.44,Icon For Hire,2021-02-19,2021,rock
7dpLIfbVuRVeKsUQjfAGM2,Wasteland,2.9,Sam Riggs,2021-05-14,2021,rock
3sIYkvqUeTaB962wPzajMg,Wastelander,3.0,Vestron Vulture,2021-12-03,2021,rock
0sTlGEld0h8kIPZaKDYUf4,Notion,3.25,The Rare Occasions,2021-12-02,2021,rock
0yzj6eBs5a6X6d3P5qaQ5J,The Outside,3.61,Twenty One Pilots,2021-05-21,2021,rock
0sebTZntRpyDA1NnXhUw5i,The Thunder Rolls,3.65,"State of Mine, No Resolve",2021-01-22,2021,rock
67ekoKwEg9s0i2zSW5Fyuq,Rock the Cradle,1.4,Joanna Chakri,2021-01-01,2021,rock
7M7AFtWYg73Kvj5cTZUjiZ,The Past Is Dead,3.6,Beartooth,2021-06-25,2021,rock
51crbTZpXwgiJf6hZH9zie,The Balcony,4.15,Fruit Bats,2021-03-05,2021,rock
18wpKV12uZx5ZCezZiWTUf,Her,2.15,Poppy,2021-09-24,2021,rock
1NkMyeGVP0F9kzrvE68YMh,Hercules,3.48,Livingston,2021-05-14,2021,rock
5XocfciljGsKtRT2JDgWdZ,The Hermit,3.35,Twin Suns,2021-08-23,2021,rock
5AprQMAX0PtpG923NUgZN6,Hero,3.94,Weezer,2021-05-07,2021,rock
2TLvNeJJ0AwuqPS1ZFviZv,Here's To Being Single,2.92,Lost Stars,2021-04-02,2021,rock
7nmAK0dCRiVCvWgmL7yGUo,Hero,3.54,Surfer Girl,2021-05-07,2021,rock
5MMbbkcNpHBcnbbBLLIrli,Red In My Last Name,3.13,Redferrin,2021-02-19,2021,rock
0zpxJZIcJUZZTAuhpkmas2,Stuck,3.15,Redferrin,2021-05-14,2021,rock
24MftPdGlbDZQG85d7ZhWm,Iris,3.75,"DIAMANTE, Breaking Benjamin",2021-05-07,2021,rock
3V7avwgec6ILm4pyqt8XL5,Here Comes The Rain,2.45,Weezer,2021-01-29,2021,rock
3qDFTgwGko13BbFYoSiDgh,Hero,3.28,LUCY,2021-02-16,2021,rock
1KAsH8FgO6nRUyaHdhX0P0,Here With You,3.45,Jeremy Camp,2021-09-10,2021,rock
3cf1lZQP3vFZ0KRK0TRYtm,Hometown Heroes,3.11,Moon Taxi,2021-01-22,2021,rock
0Dp8RGNew79ALNX4ra10xO,Who Do You Know Here?,3.06,The Home Team,2021-10-22,2021,rock
4Xg1iXyfUL2pIVd5IpnSqD,Heroes,3.27,Dead Sara,2021-09-17,2021,rock
0dYruO6d5C4VU1X3IbQAkr,Him,3.15,James Marriott,2021-01-01,2021,rock
4Ut1yVtaTsq0Mp6F2V2yJC,生命線,4.26,ReoNa,2021-09-01,2021,rock
3I4ZGHj2H3Vl99i4biNCz0,チューリップ,4.59,indigo la End,2021-02-17,2021,rock
5aUIAey9fEIn1JK6NWvA8M,Him,3.15,James Marriott,2021-01-15,2021,rock
22WF5vcNEN1KHd56QV8gsE,世界の秘密,5.82,Sayuri,2021-09-08,2021,rock
423g0qldElg2Ge2UwLyCjt,夜行,3.85,indigo la End,2021-02-17,2021,rock
1nm03vIcYCFxPYl8wlhCH0,秘密,3.92,Tokyo Incidents,2021-12-21,2021,rock
6ABEtJ8aptWhrHlNOJhdA6,Wind Him Up - Remastered,5.79,Saga,2021-04-16,2021,rock
46Bu06WCeBbDKiNH7ZJTDY,Leave Him There (Outro),1.9,Jace!,2021-11-03,2021,rock
4GTqvaOC6rlnjHOPqqZ5jm,I Might Die (feat. Chloe Lilac),3.15,"Ricky Himself, Chloe Lilac",2021-09-29,2021,rock
5IIvi9CAHNqObMVnD6TCPk,F'd Up (but it's true),3.28,Ricky Himself,2021-04-07,2021,rock
0VIJmsMhHxl80sixbMwn4K,たまゆら,4.06,indigo la End,2021-02-17,2021,rock
4kacskHrGu8aEctvW1iL1i,"Når Himlen Falder, Kommer Lyset Tættere På",5.97,Nordsind,2021-03-26,2021,rock
1nAW8WhhqqpBCXyxiH7MKS,I Broke Nick's Bong (And Now I Owe Him $160),1.52,Sun Junkies,2021-07-16,2021,rock
02EMr6pIQHAv8x0MMoPpxH,I Know You Like Black Flag,2.53,Ricky Himself,2021-02-24,2021,rock
7qMOUpYDJNI2rMyIi0Npjc,Rest Your Love On Me (feat. Olivia Newton-John),4.03,"Barry Gibb, Olivia Newton-John",2021-01-08,2021,rock
451aGkXykX8DXG3RctFcSw,Baby Tonight,3.31,Black Polish,2021-10-16,2021,rock
74WythchKwCu4F9o3d67Wb,Rock-a-Bye Baby,1.5,Parker Zion,2021-01-24,2021,rock
2Ar3gB2dj1xPFULwY7NI43,Baby Teeth (feat. Mothica),3.53,"Joe P, MOTHICA",2021-10-22,2021,rock
75Ts9hRtbg1AVGy9vRJtsK,Rockabye Baby,1.2,Jeremy Weber,2021-05-09,2021,rock
6jdH1T167abmhAvIz0M3CR,White Home Noise,2.18,Rocket FX,2021-11-09,2021,rock
66WHjvpfrT2PJp4Dkv6r39,Rock A Bye Baby,2.08,Nursery Rhymes ABC,2021-01-15,2021,rock
5BCYtpbTyUQSMRwDVPb5wk,Dover Beach,3.63,Baby Queen,2021-09-03,2021,rock
3pxobkrGecsRGt0YAT99nA,Rock-a-Bye Baby (Harp Version),1.84,Gabriel Lucas,2021-10-29,2021,rock
1CLRYGKMwpi6n6rNgOgwfh,Bad Dream Baby,2.97,Hippo Campus,2021-08-06,2021,rock
0JlNtj7KalsjE4MWnwfv3U,Babylon,4.09,Normandie,2021-02-19,2021,rock
49pxNQ17mBxJlmqg7GCoou,Rocky River Chills,6.8,Nature Therapy,2021-10-06,2021,rock
6WuXpEDnevdok1wn7VxiHO,Rock-A-Bye Baby (Piano Version),1.96,John B. Lund,2021-02-19,2021,rock
75QktuEju5vz9lyXiLaUao,New Again,3.05,Kanye West,2021-08-29,2021,rock
4T6FWA703h6H7zk1FoSARw,New Light,3.62,John Mayer,2021-07-16,2021,rock
6DD5beNG6Ji3AYp5WrYnwD,What's New Scooby-Doo?,1.14,Simple Plan,2021-07-23,2021,rock
1dVxrsUVT7pS1MBczOhxzW,new low,4.95,nightlife,2021-07-09,2021,rock
4yMkkvyERLHA7AFlxXVmrg,new friend,2.97,"Nevertel, Andromida",2021-05-21,2021,rock
0AM92A4kr44yHi74mwNcBg,INVISIBLE,3.19,Duran Duran,2021-05-19,2021,rock
1JV9bkbVj1ctA61WzVl7mQ,Made Your Mark,2.76,Hail The Sun,2021-04-16,2021,rock
2KlKLcZPU4CptMCQ3TY5ls,"Turn It Up, Bitch",2.35,Limp Bizkit,2021-10-31,2021,rock
672h5dJCAAHaCHSe9FoAG9,New Bad Habit,2.1,Adam Jensen,2021-09-24,2021,rock
0nDutgrxpQi7CCnLkHp4Xs,New Invention [Feat. Tessa Violet],3.2,"I DONT KNOW HOW BUT THEY FOUND ME, Tessa Violet",2021-11-19,2021,rock
4jzK6Ey84SAexMK5C2JWKx,Getting Started,3.16,Sam Fender,2021-10-08,2021,rock
4s2aZoSu3S0gW0GIbXCtJT,New Tricks,3.1,Petite League,2021-01-08,2021,rock
4CP5zdy0pLR5Q3IeLeY1qU,Old School Feeling,3.94,Rebelution,2021-06-18,2021,rock
7ItRhzK7rStWtb2awf85xN,Old Glory,3.28,Seth Anthony,2021-08-30,2021,rock
0Iu5G8PJC1G2zbac7SSxqj,Rock Scissors Paper #4,2.07,Super Simple Songs,2021-01-22,2021,rock
2BvzHILHUu9bIQiz0RyPo3,Old School’s In,3.89,Heath Sanders,2021-01-29,2021,rock
54GuCaNBEr3dcPAZq4SNkB,Old School Feeling,3.94,Rebelution,2021-04-23,2021,rock
4VFGpluBaU1WcquEMzhSz6,Wild Blue,4.21,John Mayer,2021-07-16,2021,rock
6M19PKEgLE5pzGZWmRABB2,Old Dreams,3.0,Chris Renzema,2021-09-03,2021,rock
0KLXt0j0Dp0wRGcQFY0Zbp,Old Skin,4.87,The War On Drugs,2021-10-29,2021,rock
5yZCsL6wNFtUNAomeWTQJZ,老人と海,4.26,ヨルシカ,2021-08-18,2021,rock
0LpgphRw8BvqTOwHXGDR84,Never Leave Your Guns Behind,2.78,Bryan Martin,2021-10-01,2021,rock
50wplGw8gfqUx04sZQOzve,Old School’s In,3.89,Heath Sanders,2021-01-29,2021,rock
24eE6aCdGdM3mzUzNg0bnv,Old Soul,4.16,Delta Sleep,2021-11-12,2021,rock
2MrQSoqGlb0MC9XuR8ogck,Old Scarecrow,3.62,Blackberry Smoke,2021-05-28,2021,rock
6D6yGjlvPhHTbugGpih0vh,Old Fashioned Way,2.14,Lupine,2021-01-12,2021,rock
2ApRsQ1iVlj2DEFgPFLSvj,Old Sob Story,3.27,Birdtalker,2021-10-08,2021,rock
4buxOh1uX0TNEtbFL8muft,Old Gods,3.97,Green Lung,2021-10-22,2021,rock
13YWByXibBltt3T5u3IcT7,Lost in Echoes,3.63,Caskets,2021-08-13,2021,rock
1nxbn0COjeyH7MQZ27T3CR,Glass Heart,3.74,Caskets,2021-08-13,2021,rock
6xVd8klTvL6ZRovgIhIs98,Not Dead Yet,2.96,Lord Huron,2021-05-21,2021,rock
5nxcR7W60CU3cvmGX1jBzQ,Drowned in Emotion,3.71,Caskets,2021-08-13,2021,rock
0JWpbl3Ppr71ONy6VDP5vu,Hold Me Now,4.0,Caskets,2021-08-13,2021,rock
4g2N7Ji8zMOFRnGVoqH9sj,Lost in Time,3.42,"More Plastic, M.A.S.K.",2021-09-02,2021,rock
3b0iJZyBfRnTDpViV6hUAe,The Only Ones,5.02,Caskets,2021-08-13,2021,rock
1XlKHZ3SkYa7Ea0fQBpjHv,Nothing to Hide,4.33,Caskets,2021-08-13,2021,rock
1gZCi0kvlZmd5QRJ56xhG7,Blacklist,2.75,Lost Stars,2021-08-13,2021,rock
31BXZpthSAv7PE0VnIUUUu,Lost Without You,2.57,Chico Rocket,2021-02-03,2021,rock
1CLXKxEo3nyNcglJrt2S4p,Lost in Digital Woods,4.02,Chevelle,2021-03-05,2021,rock
0AjniNgqznnbvpEWwKBLEp,"Lost In Control (From ""Paradise City"")",3.28,The Relentless,2021-05-14,2021,rock
6RjhyqZZgQz65hOUFdBIEm,lost ‘cause,3.75,Switchfoot,2021-08-20,2021,rock
76WJ6DfdUNCC3lqdy5s19K,Lose Myself,3.91,Caskets,2021-08-13,2021,rock
37QT8fENZDrBCZZSR2NxHE,The Final Say,4.51,Caskets,2021-08-13,2021,rock
1jtPQpFJsySMI9shZCBBeR,Lost Without You,3.5,Huddy,2021-09-17,2021,rock
0NZlMfWeSWZGLTVqF5YNfI,One More Time,4.04,Caskets,2021-08-13,2021,rock
6kAOOamDflxqkrAWI6wZRR,Free,5.46,Parcels,2021-11-05,2021,rock
77wBrJNgbgPLlxsSBQN9Wx,Rockstar Status,2.68,Lil Double 0,2021-01-22,2021,rock
4Ux0OxCoPN8SZ9SWbGKbtT,Free the Slave,4.13,KALEO,2021-04-23,2021,rock
4mqr8rxtDEUZ8Xl0FRnssJ,Free,4.06,Raizer,2021-10-27,2021,rock
5kbIVHndZIaYyBtKLb46pQ,Free,3.68,Greg Marnik,2021-04-09,2021,rock
4D65zMx01EirTnqzJMJ9PF,Free Bird - Edit,4.33,Lynyrd Skynyrd,2021-08-31,2021,rock
5Y3bRbYlVgoVs1ClHvAUic,Set You Free,3.97,Black Label Society,2021-11-26,2021,rock
5hGrNVT85ReymEI6Syk1Ep,Freeway,4.18,Briston Maroney,2021-04-09,2021,rock
4HNRcvPu7swdYWCzMIDaCg,Rock With You,2.13,YSN Marrr,2021-09-12,2021,rock
4GoLUKFWZaid551Z1GS6wi,Free,3.45,Ayron Jones,2021-05-21,2021,rock
5RWkakv9Kg0MtYnXdQUHWm,Free Your Mind,2.96,ATARASHII GAKKO!,2021-11-12,2021,rock
0t7bk7fBfEgjFcEaOfc8dT,Altitude,3.77,Free Whenever,2021-10-15,2021,rock
3eelpLQrGHhiGycLeKzBg2,Freely,3.93,PassCode,2021-10-29,2021,rock
4o7l8mhu38km4KdQvKbBko,Sex With Me,2.93,TRAMP STAMPS,2021-01-27,2021,rock
2tFqJqPExm4J8sOnvIx6nQ,Set Me Free,3.5,Pop Evil,2021-05-21,2021,rock
2rFKPqwnD47Oyvw3nocFnv,Free If We Want It,3.88,Nothing But Thieves,2021-10-29,2021,rock
3t1BvaPhKaAeB6prR7sS7w,FREEZE MY MIND,3.33,Emigrate,2021-11-12,2021,rock
0vD4NlJVWTYE8rdj1UGsAt,Always Free,2.95,Jackie Venson,2021-09-24,2021,rock
11PZRsZn6CM1rYXUYcuEW2,Now That We're Alone,4.81,The People's Thieves,2021-08-20,2021,rock
2yXqB39KaLxGPX3h2Vx5iG,Now Here,5.41,Red Rocks Worship,2021-02-19,2021,rock
74zUPQTB6HMnfS1cagJnd8,Nowhere Generation,3.88,Rise Against,2021-03-18,2021,rock
2hsUzg683EDNgfLFcSE1Od,"Now, Life is Living You",3.62,Modern Color,2021-09-24,2021,rock
7G66MHMKZFlajn5iNiH8Uc,"Goin’ Nowhere (feat. HARDY, Morgan Wallen & Chris Shiflett)",3.15,"HIXTAPE, HARDY, Morgan Wallen, Chris Shiflett",2021-12-10,2021,rock
3j7V0K2tn1IJF1Yciu91Gv,Nowhere Generation,3.88,Rise Against,2021-06-04,2021,rock
4j6jX9l4x3ay1pBUAJfVKO,Nowhere Fast,3.8,Pacific Dub,2021-06-25,2021,rock
064C5ivM2FUsY0ghkyt4YK,Don't Stop Me Now - Remastered 2011,3.49,Queen,2021-07-02,2021,rock
0TvYOrk7PveL1DKmVnr6a6,Now Here,5.41,Red Rocks Worship,2021-09-24,2021,rock
6JxI8GiOxAEiqD5zDAgvgi,Now Now Now,3.33,A Story Told,2021-07-16,2021,rock
4NAgFUDP9yL0DascpS0bJb,Now I'm Here - Remastered 2011,4.22,Queen,2021-07-02,2021,rock
5kHx4s1ykuT9cRFqjxK3aq,She Only Knows,2.18,all under heaven,2021-01-26,2021,rock
3LqfFydG9tU5qCb5pzH7rU,Everyone Knows,3.57,Cafuné,2021-07-20,2021,rock
7GyxAMUQvBATuWG6pu5oZh,Now That I Know You,6.12,"John Jin Han, Laity",2021-07-02,2021,rock
4VfYnUUV9FBxWYUCYHgrjA,Opiate,4.08,Modern Color,2021-09-24,2021,rock
01mRJG8JVQnzGpVnGhNQKC,Gone Away - 2021,3.27,The Offspring,2021-08-20,2021,rock
7b5qjSnusll0Ll9vDdkuLh,Gone,2.96,"Chiiild, Jensen McRae",2021-07-23,2021,rock
57JsuAsGpOTsTlxC6HUgL4,gone my way,2.84,Mia Morris,2021-01-06,2021,rock
4uxFSSGKtzhwA8wszNhO9w,Gone,3.68,Bad Wolves,2021-10-29,2021,rock
11DQqsDRpauYYpqdiC2QAw,I'm Gone,3.08,Oliver Tree,2021-05-28,2021,rock
1XhoSnaatgea6kxCh8bLt1,Gone,4.32,"Seas on the Moon, Athena",2021-01-01,2021,rock
00Z2fJODQOFZHIO93mJBBV,Too Far Gone,3.9,The Plot In You,2021-09-17,2021,rock
0RORZoU2wRUvpu2PuHpQar,Gone Forever,3.9,From Ashes to New,2021-10-15,2021,rock
0pUNyIK9UsvFpXHbJ6gunK,Bitter,3.19,"Chunk! No, Captain Chunk!",2021-07-30,2021,rock
0ZdALxNt3mWQoRGTWC3Z3V,Gone!,2.92,Rightfield,2021-01-29,2021,rock
43cTT8Hpxy0K3NCTRlQ5Kr,Gone for Days,3.71,OTE,2021-11-19,2021,rock
0jc55U2FwACnFyzWSHHzpn,She's Gone - 2021 Remaster,4.85,Black Sabbath,2021-10-01,2021,rock
0hax2uTFsIjZ1CDys61GJz,Already Gone,4.02,From Ashes to New,2021-10-15,2021,rock
3nKlUiWQkT0r4ACNuivukK,"Near, but so Far Gone",1.76,Gold Necklace,2021-11-12,2021,rock
0JhfZCUb0TautTeYctVJhK,Low,3.39,Nuns Of The Tundra,2021-03-19,2021,rock
1ZbVqL2ErCQH26Zj4JkHy0,I'm Gone,4.72,VISION ARCADE,2021-10-29,2021,rock
5Ld4r9JwHuOU5lBKCGCt09,Summer's Almost Gone,3.75,Mothé,2021-11-12,2021,rock
6PODXSbIG3R67LS18MEGLy,TOO FAR GONE,2.27,Fai Laci,2021-09-17,2021,rock
2HOLWkGDaqPlVMnh7deowI,"Gone - Live From The Foro Sol Autodromo, Mexico City, Mexico / 1997",4.82,U2,2021-04-01,2021,rock
13nlsHRo5I7fFNYFlxht96,She's Gone,3.91,The Dust Coda,2021-03-26,2021,rock
1pEpnFsBtUQEtA7TfKS1EH,Rock Back & Forth,3.1,John-Robert,2021-03-19,2021,rock
2mVblJ1gaLw0TZz822Oy31,Backbone,3.88,KALEO,2021-04-23,2021,rock
766bpReowqK4hC9v4tYNKz,Backslide,3.06,Jelly Roll,2021-09-17,2021,rock
117bZk1Y2LfrD9BDgj3a0I,back on me,2.99,Nevertel,2021-05-21,2021,rock
0IvzMmdUqsKnr439kb12le,Back To The Start,4.74,"SOJA, Mihali",2021-09-24,2021,rock
4f74h9bcuHOroCaVsKIr4F,Don't Back Down,3.76,Mammoth,2021-06-11,2021,rock
3aCmy4NaefbLAtcnikQUfY,Back To Me,3.74,Cool Sounds,2021-02-12,2021,rock
3cLJUuJRWBAP2k8LhWgONB,County Roads,3.2,Elvie Shane,2021-10-29,2021,rock
16rLK7flCbHouatIAKHzpV,Back on My Bullshit,2.72,"Magnolia Park, iamjakehill",2021-10-29,2021,rock
0qyZVwRnAUDSDPMs6c2mox,Back at It,3.28,Zayde Wølf,2021-05-07,2021,rock
1BJ9APNbbDWvEz0lHwr1iU,Back Of My Hand,3.5,"Bachelor, Jay Som, Palehound",2021-05-28,2021,rock
24pAbLnjzdfK7KAfE4jSlr,Backup Plan,3.93,Carry the Day,2021-05-28,2021,rock
1AhLmSV0uOFvLIyrGO2zJc,Back To The Middle,3.87,Modest Mouse,2021-06-25,2021,rock
4K3hZHBrWQOlwYwRJWK4dS,Backwards,3.34,AMH,2021-08-20,2021,rock
4Bp4qE9xx0i9XLHxsqsMAQ,Rock Back & Forth,3.1,John-Robert,2021-04-02,2021,rock
4uvKLb0wYPnmnYgSZSDthu,Back in the Game,2.93,Desi Valentine,2021-03-10,2021,rock
2TtezxgSqQUpkTuomfiJDM,Back from the Dead,3.05,Royal Republic,2021-10-29,2021,rock
0Wd26LWEJlrkZj61xMdGJ9,Back In My Head Again,2.91,Levi Evans,2021-08-13,2021,rock
4hDXe9C6UbApzZhw5AXbC7,again&again,3.27,"Against The Current, guardin",2021-07-23,2021,rock
1Abpbf6njAB2JslcQx6gA7,Again and Again,4.93,Red Rocks Worship,2021-09-24,2021,rock
0wAQ6poi7NXQdjejGnf5Mn,Again and Again,4.93,Red Rocks Worship,2021-08-06,2021,rock
5KfXH2tHeTqIX9WvJwXTz1,Breathe Again,3.19,Pop Evil,2021-05-21,2021,rock
5z0QlOV93W6Yo7DG2SYOJP,weapon,3.29,Against The Current,2021-07-23,2021,rock
7JP8lWYrxpA8luKU8IPd3Y,Alone Again,3.82,Asking Alexandria,2021-10-01,2021,rock
53mkoU4zonxWTbgcNOYy1b,FLY AGAIN,2.53,Turnstile,2021-08-27,2021,rock
0VsZgzCzMdJol4zTA4HdIM,Born Again,3.66,Black Veil Brides,2021-10-29,2021,rock
2UuZvR0nsKZt1OtncgzPMY,again&again,3.27,"Against The Current, guardin",2021-06-23,2021,rock
7c7iiyRHZQB2VUxyUQA8ZI,SPARK-AGAIN,4.05,Aimer,2021-04-12,2021,rock
14gw6qQSrs9pEf8ADJuHo1,Again,2.65,Casper The Ghost,2021-03-05,2021,rock
7ioYcj2MKilwzLKO65Aw7H,Fog - Again Again Version,2.42,Radiohead,2021-11-05,2021,rock
6MlQJCjsxksoruwsgKfLMe,that won't save us,3.35,Against The Current,2021-07-23,2021,rock
3R6WrsYpIuxJw7ZGHT5w85,Alone Again,3.82,Asking Alexandria,2021-08-20,2021,rock
2NbTcTv3m8t7wAGUvPhhp0,jump,2.67,Against The Current,2021-07-23,2021,rock
1s9AxSlrFsC5P8RLjQqg09,I Gotta Rock (again),4.05,Dee Snider,2021-07-30,2021,rock
20n2wlqXIv1o9Crmv9dtOC,Forever And Ever,5.19,"RIDERS, Eileen Ballew",2021-11-19,2021,rock
3tbHqU6PKS2bIGWx9cn082,Forever Has Always Been,3.95,Redoor,2021-01-09,2021,rock
5kZof7ps9uLrfwFxF5C9uR,Forever Always,3.31,THE DRIVER ERA,2021-10-15,2021,rock
4xlm4TJeOZAkJR6PkLL4Gx,buzzkill,2.34,MOTHICA,2021-03-19,2021,rock
3r9oTks9lv5HvT5ABzxsNc,Forever (Sailing),4.31,Snail Mail,2021-11-05,2021,rock
76Tp5fIDJRWRJKzBktWnUi,Forever & Always,5.17,"Written by Wolves, Becks",2021-09-17,2021,rock
1GEJHy8eQFvA4RIosQwQMD,Rocky Flow,1.37,Lil 2z,2021-12-17,2021,rock
04u5hUVCypzrSJrDmdKczA,FOREVER,4.61,L'Arc-en-Ciel,2021-09-29,2021,rock
6fGNYNyM6PL9qE6kkFaW49,Mine Forever,4.8,Lord Huron,2021-03-19,2021,rock
20eIE5eoSDrtAKBslQuQmW,forever after,2.98,ACADEMY,2021-10-29,2021,rock
5eLUHTUUnkiIrDE3TgtgjA,Forever Rain,5.58,Tor Lundvall,2021-12-10,2021,rock
0QpMPiKC7mSKfw9AtoQtNV,Forever,3.73,Same Eyes,2021-01-22,2021,rock
189mFY45DthbWz4oFR9P8z,Forever and a Day,4.16,Black Label Society,2021-11-26,2021,rock
5e49INy8CAmgvqU7H8n9C6,Can't Run Forever,3.82,Vacation Manor,2021-06-11,2021,rock
1LJvvS1WKQgWv6cgk2pqdU,Forever & Always (Tiny's Version),3.41,Picture Us Tiny,2021-12-01,2021,rock
6tXPUEElfHbLBJJahV3YcO,Sick Little Games,3.35,First and Forever,2021-10-08,2021,rock
13YWhpzZRhd5qTJ5r5R112,Forevermore,3.89,Fragrance,2021-11-05,2021,rock
0zf4S7JGIW0V9tRegfNidB,TONIGHT (feat. iann dior),2.26,"jxdn, iann dior",2021-07-02,2021,rock
2zl353g1f7TGgDSAzwZsfM,Tomorrow's Not Tonight,2.84,Ryan Waters Band,2021-06-03,2021,rock
5pUadfL42wbrOonQKkwpq2,Tonight,3.73,Seether,2021-10-15,2021,rock
08IVkvb5aqoslfiRWrtj8s,TONIGHT UNITED,3.13,Duran Duran,2021-10-22,2021,rock
5lfDVhTrwS4sRVkMHq5xPa,Hug Me,3.45,Rockit Music,2021-11-16,2021,rock
5Lp5x32wJQwBAOKiuv42At,If Only for Tonight,4.94,Vacation Manor,2021-06-11,2021,rock
2ctUd4poKcSurfMUr772fK,TONIGHT (feat. iann dior),2.26,"jxdn, iann dior",2021-07-02,2021,rock
3Kc7tE0f6fntmULGaHdDWA,Tonight Your Heart is in Pain,3.44,Cheridomingo,2021-08-10,2021,rock
1XlbYO6TrrwzL5bZtSmXa5,"Tonight, Tonight, Tonight - 2007 Remaster",8.86,Genesis,2021-11-19,2021,rock
0lx8aBNpSXclwOS44SVBVQ,Tonight's the Night (Gonna Be Alright),3.97,Rod Stewart,2021-02-12,2021,rock
53jMpeMc7r0cjAEx2SDIYC,Tonight Tonight - 10th Anniversary remastered version,3.33,Hot Chelle Rae,2021-02-19,2021,rock
2b7YMoP53L8BBwomBnhw96,Tonight,3.87,Main-De-Gloire,2021-05-29,2021,rock
0n5repUNmz9sKIUs22A70s,Tonight's the Night (Gonna Be Alright),3.94,Rod Stewart,2021-06-04,2021,rock
4pZFPWY3B4qPfcJvvwZ5L2,"Tonight #2 - Live at Red Rocks / September 20, 2020",5.62,Nathaniel Rateliff,2021-07-16,2021,rock
4T7ZVLsQOjmByGOQ1NVHam,INVISIBLE,3.19,Duran Duran,2021-09-24,2021,rock
4DoKS63OqY7Md22yNk6Ky4,TONIGHT (feat. iann dior),2.26,"jxdn, iann dior",2021-01-19,2021,rock
1IBDbokyVG3fcoH18U7eFa,Wonderful Tonight (Instrumental Piano),4.08,Matchstick Piano Man,2021-11-23,2021,rock
7vhjT5WS4iPJjBIbIwCywU,I Don't Give A Fuck About It,3.39,"DAMPSTATE, Dolo Tonight, Roe Kapara, Ethan Ross, Neanderthal",2021-07-02,2021,rock
6pjJUY0O4XgrYFGf9SwD7u,Wet Dream,2.33,Wet Leg,2021-09-28,2021,rock
43phhhh1hQF7koWX3uNvO3,skipping tiles,2.27,julie,2021-08-12,2021,rock
37lsYieRthT9tMgprcmfiG,DREAMCATCHER,4.88,STARSET,2021-10-22,2021,rock
4mBApNWombE2NU9npSt8TR,Dreamsickle,2.45,Wombo,2021-03-30,2021,rock
3wspcUZH4fBGmBy5fHY4Y8,april’s-bloom,2.7,julie,2021-08-12,2021,rock
3iw5Fp77FjragxeTKEY59A,Dream Away,3.23,Keith Wallen,2021-08-13,2021,rock
6jVRAoxkoiDEAJWIsSD076,Dreams of Beyond,2.94,Liquify,2021-01-09,2021,rock
2w0KKiXPoScpWtZwoDokqc,daisy pusher,3.55,julie,2021-08-12,2021,rock
2uk6d7CyQ0wJMTv9cygArl,Dreamin,3.35,The Polar Boys,2021-07-13,2021,rock
5LtrJHnBO57EoVHsLR6xR8,Palm Reader,3.01,"DREAMERS, Big Boi, UPSAHL",2021-03-05,2021,rock
1mjw2uldWHlx6zE9xuizJ0,All Dolled Up,3.38,The Orion Experience,2021-10-22,2021,rock
3jejhuzkDEMMo4QwBg1Mpe,Dream House,3.08,COIN,2021-04-30,2021,rock
4hi2vCpQSMNe3plguPVPLd,vanilla,4.0,xela fella,2021-10-14,2021,rock
0kU19o73JmFA5HS2kuYFWe,lochness,3.42,julie,2021-08-12,2021,rock
4Qzx5fRypU4q1wEaYwHpnr,Harmonia's Dream,6.44,The War On Drugs,2021-10-29,2021,rock
4GHmWmF0qzaRwOmh0ol3dg,Dream Alight,4.71,The Dust Coda,2021-03-26,2021,rock
3Bxmc2ec9WnZODCDkeIejr,Dreaming Still,2.71,Carpool Tunnel,2021-02-26,2021,rock
0ysCB1Jg4hli0XlEWlipo7,Heart On Fire,4.31,Eric Church,2021-04-16,2021,rock
2lgK3q3cnmrHzZwDOgfMdG,Anxious Heart,2.96,Jeremy Camp,2021-09-10,2021,rock
44KrYqGp7gFI9G5Rl07wXP,Heart Emojis,3.14,"Tom MacDonald, Nova Rockafeller, Brandon Hart",2021-04-02,2021,rock
0RshiY6XKLbdsnFNEQoHFH,Heart On Fire,4.31,Eric Church,2021-01-29,2021,rock
76BuXMJVn3ntaPyv5I7s6D,Heart of Mine,4.41,THE DRIVER ERA,2021-10-15,2021,rock
0bMOyiuk22fAKiwNoYsRYN,Can You Feel My Heart - Remix,3.29,"Bring Me The Horizon, Jeris Johnson",2021-03-05,2021,rock
6SJyHGd8cGht6OwSEEcTyR,Heart Shaped Box,3.06,Sophie Powers,2021-09-24,2021,rock
0JrEqbKINGnTJAjJPpCTqK,Stick That In Your Country Song,3.81,Eric Church,2021-04-16,2021,rock
5synad4IUUw83GA6wLYQhQ,Heartbeats,3.51,"Stray Fossa, Nice Guys",2021-12-15,2021,rock
6mqnOVoKdIePXmDtWjIbk1,Heartstrings,3.16,LeBrock,2021-12-08,2021,rock
3DFQJJxWiFr0FuYj2tMr5V,ハートの合図,4.04,DADARAY,2021-09-22,2021,rock
3v4IOOBYRRM3MpjTkQxqCH,Can You Feel My Heart (Mothica Version),2.36,MOTHICA,2021-03-12,2021,rock
3xWlnESMkUfsHDetkTZLd6,The Heart of a Graveyard (Resurrected),4.57,Demon Hunter,2021-03-05,2021,rock
1YqTnkizHfAqI8D6dgoau2,Heartache and a Memory,2.91,The Vegabonds,2021-09-24,2021,rock
2Aow3BMlrJXmz19No3cj0u,Stop Beating on My Heart (Like a Bass Drum),3.75,Tigercub,2021-06-18,2021,rock
4sb2JUFkGwT9jfzM7lcQBI,The Heart That Never Waits,5.85,Joe Bonamassa,2021-10-29,2021,rock
5FlH6d0KmoETkEi0U0SvIC,Heart’s Not In It,2.66,Hastings,2021-12-03,2021,rock
3RKdsUIRmpcYQRI50CV7Bj,Heartless,3.23,Recent Rumors,2021-01-29,2021,rock
5aqUqSq0SqGBAqEn27PEzc,Pure Souls,5.98,Kanye West,2021-08-29,2021,rock
1QL7nSDZCwZMnbisV4KOXt,t r a n s p a r e n t s o u l feat. Travis Barker,2.8,"WILLOW, Travis Barker",2021-04-27,2021,rock
7ITdt0me2VEjKchX3iPzKp,Souled Out On You,3.55,Robert Finley,2021-05-21,2021,rock
5JKnYZOhSP7rOK0jPYcCjV,t r a n s p a r e n t s o u l feat. Travis Barker,2.81,"WILLOW, Travis Barker",2021-07-16,2021,rock
0uuqi1dTEf5KJDlFsKWHKt,Rock & Roll Found Me,4.16,Eric Church,2021-04-23,2021,rock
6PRhbGj1xQg4OZOHHHiZtK,t r a n s p a r e n t s o u l feat.Travis Barker,2.8,"WILLOW, Travis Barker",2021-04-27,2021,rock
4iZWc02T4nDHq2pihGJFYL,Phantom Pool,2.95,Soul Blind,2021-09-16,2021,rock
40Gwp1bzkies970gjg2Fr5,Rocky Mountain Soul,2.71,Bartel Union,2021-08-19,2021,rock
0KbCBafoO4ShzNvkcY2cJe,Black Powder Soul,3.6,Taylor McCall,2021-09-24,2021,rock
3ezJklJWZRm6pWI3DQjW9e,Right,5.15,Khruangbin,2021-05-28,2021,rock
1IKxt9xqxzHXtFylsfcNw6,Mol y Sol,3.51,Hugo Brijs,2021-03-12,2021,rock
09yMMsDD3byXYH8S4SaiLa,soul eater,2.8,Ethan Bortnick,2021-02-19,2021,rock
6jgPqFPqMaGU3xpyb01kpR,You Were Made For Me,2.39,54 Ultra,2021-08-07,2021,rock
37bsjkRREVc7Wr2bDyFh0x,Heavy Soul,3.04,David Shaw,2021-05-07,2021,rock
4OwhwvKESFtuu06dTgct7i,Tiroteo - Remix,5.36,"Marc Seguí, Rauw Alejandro, Pol Granch",2021-04-01,2021,remix
0G2zPzWqVjR68iNPmx2TBe,Volando - Remix,4.56,"Mora, Bad Bunny, Sech",2021-07-08,2021,remix
7rglLriMNBPAyuJOMGwi39,Cold Heart - PNAU Remix,3.38,"Elton John, Dua Lipa, PNAU",2021-10-22,2021,remix
6zSpb8dQRaw0M1dK8PBwQz,Cold Heart - PNAU Remix,3.38,"Elton John, Dua Lipa, PNAU",2021-08-13,2021,remix
5uEYRdEIh9Bo4fpjDd4Na9,Goosebumps - Remix,2.71,"Travis Scott, HVME",2021-01-15,2021,remix
2sQH02O2HBCPJCztBrCWNa,"34+35 Remix (feat. Doja Cat, Megan Thee Stallion) - Remix",3.04,"Ariana Grande, Doja Cat, Megan Thee Stallion",2021-02-19,2021,remix
1Tfl1OLWRg2l2gmrLudDEL,22 (Remix),2.6,"Lil Candy Paint, Bhad Bhabie",2021-11-19,2021,remix
7zl7kehxesNEo2pYkKXTSe,Killer (feat. Jack Harlow & Cordae) - Remix,3.94,"Eminem, Jack Harlow, Cordae",2021-05-28,2021,remix
4dGuRldChjvboZktprNJFM,Hush - Still Woozy Remix,3.04,"The Marías, Still Woozy",2021-09-16,2021,remix
2iBu5NJGjDHMneIQ8Iqvfg,Chocolata (Remix Song),3.73,SeeYa,2021-08-03,2021,remix
05bfbizlM5AX6Mf1RRyMho,AM Remix,4.36,"Nio Garcia, J Balvin, Bad Bunny",2021-06-24,2021,remix
5TMLavqGRKNxgzMBrVpC9R,Mon Amour - Remix,3.0,"zzoilo, Aitana",2021-08-18,2021,remix
0Uru1UoJdHKf2lxssQT3kC,Streets - Silhouette Remix,4.04,Doja Cat,2021-03-12,2021,remix
03eyNjBM2mpx28H6kdaufN,Overwhelmed (Ryan Mack Remix),1.72,Ryan Mack,2021-07-14,2021,remix
4Kh6cq3XgOGUK9yXQu7RTq,overwhelmed - Chri$tian Gate$ remix,2.24,"Royal & the Serpent, Chri$tian Gate$",2021-02-05,2021,remix
3UcOOU9tyT7ymLzlIr8ACI,Sin Ropa - Remix,6.21,"Anonimus, Lenny Tavárez, Brytiago, Nio Garcia, Casper Magico, Darell, Jay Wheeler, Mikey Tone",2021-06-10,2021,remix
5072hCBK3Z15qRnTEzd8fy,Titanium (feat. Sia) - David Guetta & MORTEN Future Rave Remix,3.52,"David Guetta, Sia, MORTEN",2021-08-20,2021,remix
6Au1l0egQFYxbnCZxakoOL,Sinnerman - Sofi Tukker Remix,3.88,"Nina Simone, SOFI TUKKER",2021-10-08,2021,remix
1a3u6JpaSEndtkzDyUFOqC,Weightless (jamesjamesjames Remix),4.16,"Ben Böhmer, Panama, jamesjamesjames",2021-04-09,2021,remix
59o6ojGNGJOYiVJSzC6Lsa,Memories (feat. Kid Cudi) - 2021 Remix,2.72,"David Guetta, Kid Cudi",2021-01-08,2021,remix
12N23tQKmfGcEO0z8ObwtM,Bad Habits - MEDUZA Remix,3.24,"Ed Sheeran, MEDUZA",2021-07-30,2021,remix
589jILaMtVqRiVxubmnLiF,On Me (Remix) (with Megan Thee Stallion),2.26,"Lil Baby, Megan Thee Stallion",2021-04-27,2021,remix
2DnXXNkr3YQICQqdg9NH9F,One More Chance / Stay with Me - Remix; 2007 Remaster,4.48,The Notorious B.I.G.,2021-03-01,2021,remix
52smbKgq69kxydtKFm8Yau,South Memphis Rugrats (feat. PaperRoute Woo) - Remix,3.22,"Paper Route EMPIRE, Young Dolph, SNUPE BANDZ, PaperRoute Woo",2021-07-30,2021,remix
3jjBPF4NDMCU51psU8JPpR,"34+35 Remix (feat. Doja Cat, Megan Thee Stallion) - Remix",3.04,"Ariana Grande, Doja Cat, Megan Thee Stallion",2021-01-15,2021,remix
34KeJfIbHC842TUVkcy4z1,On Me (Remix) (with Megan Thee Stallion),2.26,"Lil Baby, Megan Thee Stallion",2021-04-27,2021,remix
3p4WMekidOIiyf8SFvfrIC,Memories Remix (feat. Nipsey Hussle & YG),3.16,"Maroon 5, Nipsey Hussle, YG",2021-06-11,2021,remix
474VqnPDr0251lsQBB8sQB,Butter (Megan Thee Stallion Remix),2.74,"BTS, Megan Thee Stallion",2021-08-27,2021,remix
6ZIR3HiLbpy5xPAShl2a7u,Wockesha (with Lil Wayne & Ashanti) - Remix,3.63,"Moneybagg Yo, Lil Wayne, Ashanti",2021-10-22,2021,remix
5r43Rwy2cBKF6HQYIS41Bw,Hide U - Tinlicker Remix,3.68,"Kosheen, Tinlicker",2021-04-09,2021,remix
5sMHuOIvtsSuFZafTcF19Q,Guaro (Remix),3.7,"Pipe Bueno, Jessi Uribe, Yeison Jimenez, Carín León, Alzate, Darío Gómez, Luis Alberto Posada, El Charrito Negro, Jhonny Rivera, Jhon Alex Castaño",2021-09-16,2021,remix
0IqCoZ168iRc9LqfrYgpZy,KESI - Remix,2.94,"Camilo, Shawn Mendes",2021-07-14,2021,remix
4XZ8YGsNIF4UqE324Mbgfg,Memory - GOLDHOUSE x Mokita Remix,2.96,"Kane Brown, blackbear, GOLDHOUSE, Mokita",2021-11-05,2021,remix
0AxhXARnISmbH5UqbqvtDP,My Head & My Heart - Claptone Remix,3.04,"Ava Max, Claptone",2021-03-04,2021,remix
43qcs9NpJhDxtG91zxFkj7,Fiel - Remix,5.83,"Wisin, JHAYCO, Anuel AA, Los Legendarios, Myke Towers",2021-06-15,2021,remix
6BeOJPXMstvXolxKbL09kR,My Universe - SUGA's Remix,3.14,"Coldplay, BTS, SUGA",2021-09-26,2021,remix
3jCMS72hCFNF1NESsL6L9m,My Humps - JBroadway Remix,2.25,"JBroadway, Black Eyed Peas",2021-10-15,2021,remix
23S9UFWrkq2FcDAU2zUzey,My Own Drum (Remix) [with Missy Elliott],2.95,"Ynairaly Simo, Missy Elliott",2021-08-06,2021,remix
1DlczmjByrS4qxRVfGjpqN,My Universe - Galantis Remix,3.75,"Coldplay, BTS, Galantis",2021-10-11,2021,remix
0VWLId2RwPCno9s1cJm2Vy,Travesuras - Remix,5.41,"Nio Garcia, Casper Magico, Ozuna, Wisin & Yandel, Myke Towers, Flow La Movie",2021-03-11,2021,remix
54hA0ldJYyT1huGfSeOjdQ,On My Mind,3.15,"Diplo, SIDEPIECE",2021-03-12,2021,remix
3btsAwBdn0ndjBiVrOlvfH,My Own Drum (Remix) [with Missy Elliott],2.95,"Ynairaly Simo, Missy Elliott",2021-07-30,2021,remix
5YYW3yRktprLRr47WK219Y,Ella No Es Tuya - Remix,3.63,"Rochy RD, Myke Towers, Nicki Nicole",2021-02-03,2021,remix
5FvxRvrQ8qzKjBJ6ST9aiu,My Universe - David Guetta Remix,3.32,"Coldplay, BTS, David Guetta",2021-10-13,2021,remix
4LwfWl3qDCoAAB04ItZVs3,miss the rage (Jersey Club Remix),2.47,Rrodney,2021-12-26,2021,remix
0kgRRHa5CMeCciIgYT67re,Colt 45 (Country Remix),3.4,"Cooper Alan, Rvshvd",2021-06-25,2021,remix
41AwJ5xvxNdVqeSESI8xbk,My Humps - PARTY SHIRT Remix,4.05,"PARTY SHIRT, Black Eyed Peas",2021-10-22,2021,remix
72srz1PlxoUUNiw6JcqaaI,Blame Myself - ILLENIUM and Virtual Riot Remix,3.31,"ILLENIUM, Tori Kelly, Virtual Riot",2021-07-16,2021,remix
7dxeBGIoTDfLs4LYXHHviV,My head my heart - Nightcore version,2.65,"leandra, Msrayray6532, Marc Strain",2021-02-17,2021,remix
4DHATlv5A1Gs9pMaWSHDMb,I'm Fine - IMANU Remix,4.07,"Apashe, High Klassified, Cherry Lena, IMANU",2021-02-04,2021,remix
79GPVGNiZyRrlWwYMrCPmW,Missing Piece - Sofi Tukker Remix,3.44,"Vance Joy, SOFI TUKKER",2021-10-15,2021,remix
37BZB0z9T8Xu7U3e65qxFy,Save Your Tears (with Ariana Grande) (Remix),3.18,"The Weeknd, Ariana Grande",2021-04-23,2021,remix
6kWNMFptUFZE1tlkbRCwav,Lick Back Remix (feat. Future & Young Thug),3.23,"EST Gee, Future, Young Thug",2021-07-21,2021,remix
3ZUGQQQdTteMWdPg2bvLsp,Your Love (9PM) - Tiësto Remix,3.11,"ATB, Topic, A7S, Tiësto",2021-03-26,2021,remix
6zCFXBYD4mZCCmDjk33gzb,Rich Off Grass (Remix) [feat. Young Dolph],2.98,"Bankroll Freddie, Young Dolph",2021-04-02,2021,remix
6GUiCjtZGTvgUKKm1w9mwG,RIP Young (feat. Project Pat & Juicy J) - Remix,3.0,"Isaiah Rashad, Juicy J, Project Pat",2021-11-19,2021,remix
3ciwqyzl11PKbeJeXJSld1,You Don't Ask - Remix,3.3,"BRE-Z, Chelsea Tavares",2021-04-09,2021,remix
5bbtc9t6FcerXp732H2XNu,You - Topic Remix,2.62,"Regard, Troye Sivan, Topic, Tate McRae",2021-05-28,2021,remix
1Jz1yhcPm1Yt6aoed3zact,"Go Crazy (Remix) (feat. Young Thug, Future, Lil Durk & Latto)",3.79,"Chris Brown, Future, Latto, Young Thug, Lil Durk",2021-02-19,2021,remix
3BTzwW4PLNDtREjesuYy03,Don't You Want Me - Purple Disco Machine Remix,3.5,"The Human League, Purple Disco Machine",2021-11-19,2021,remix
0tM1GsbzKXq1Iy3O1YhaDU,Fire for You - Tiësto Remix,3.77,"Cannons, Tiësto",2021-07-09,2021,remix
0l0OsrmY6qp8SnMnkCJFsF,You make Me,3.65,DAY6,2021-04-19,2021,remix
2xukUi9mX3gH3n6j0aPyD7,I Need Your Love,3.35,Charley Crockett,2021-09-17,2021,remix
3JobhEU0v9Mvz9TsYIBPNP,Get Ur Freak On,3.18,Seloura,2021-10-26,2021,remix
5tRnzF4v2KL72QQdCjopyt,Black Out Days - Future Islands Remix (Slowed),3.57,"Phantogram, xxtristanxo, Slowed Radio, Future Islands",2021-09-10,2021,remix
6T3Ebo7EOh8cUOyE4OhFpp,Good & Plenty - Remix,3.41,"Lucky Daye, Masego, Alex Isley, Jack Dine",2021-03-17,2021,remix
5GatbvzGOo8DZvOm66IQ0l,This Is It - Ian Asher Remix,2.44,"Kenny Loggins, Ian Asher",2021-07-16,2021,remix
1NdEK4WbvCYcXcI8XAxUKX,IT IS WHAT IT IS (with J.I the Prince of N.Y feat. Lil Tjay) - Remix,2.83,"YXNG K.A, J.I the Prince of N.Y, Lil Tjay",2021-03-19,2021,remix
7I8WD3o1nF8wO22p9wEmqF,Is There Life Out There - Revived,3.55,Reba McEntire,2021-10-08,2021,remix
7BkNs7DRxzsa09I3tzk2XO,Drive (feat. Wes Nelson) - Topic VIP Remix,2.93,"Clean Bandit, Topic, Wes Nelson",2021-09-17,2021,remix
4Wt7ZGzelNDUZCCZxgLsuK,Together Is A Beautiful Place To Be - Nala Sinephro Remix,2.45,"Nubya Garcia, Nala Sinephro",2021-10-22,2021,remix
4L42hh6L8tpg1KPVwGkUja,Hello Hello Hello - Polo & Pan Remix,3.93,"Remi Wolf, Polo & Pan",2021-05-05,2021,remix
6mS5UKJZo37hlMjru7qkfP,Rufufus - Sylvan Esso Remix,4.12,"Remi Wolf, Sylvan Esso",2021-05-05,2021,remix
6Hkr4K98wyBiphwh8oMDNi,Not My Girl (Yuksek Remix),3.89,"Ishi, Yuksek",2021-04-16,2021,remix
4PZW5GQCtmdHAocDXLdU4j,Paradise - Topic Remix,2.9,"MEDUZA, Dermot Kennedy, Topic",2021-02-12,2021,remix
0HQlgAyTXnZ9TJU7SA4xj6,Stay (Blinkie Remix),2.53,"Cheat Codes, Bryce Vine, Blinkie",2021-01-15,2021,remix
1KrNK0L0PEJIexf2Jq7uEc,I Could Use a Beach - Reggae Remix,3.28,"Claire Wright, Zion I, Spencer Thomson",2021-05-21,2021,remix
5RFyJn8V9b1ko9iPpgJbUV,Private Island - coldbrew Remix,2.22,"MÒZÂMBÎQÚE, coldbrew",2021-02-25,2021,remix
1lkKAlsMOjcXApZ5aaPAa6,I Want to Know What Love Is (Instrumental Piano),4.04,Tickled Ivories,2021-07-15,2021,remix
3VU7iYMfUVyn7JGx75Cp70,YRN,4.41,DancingRoom,2021-05-06,2021,remix
7239dUrfELWFzkSn59s9xi,Wish It Was You - Nils Hoffmann Remix,3.56,"Audien, Cate Downey, Nils Hoffmann",2021-11-19,2021,remix
72gFDknOlB0ukDM8pUfAHX,一路生花 - DJ沈念版,3.73,温奕心,2021-01-19,2021,remix
40OBO9Q0kRd7NzYpMI1ucs,Wasted Love (feat. Lagique) - James Hype Remix,2.68,"Ofenbach, James Hype, Lagique",2021-06-14,2021,remix
6GKPgZ6Pp60cmKSMRsXP9i,Take It Back - Wasted Crew Remix,3.07,"Suga7, Wasted Crew",2021-04-19,2021,remix
50QgWhEOQ3yo8SRiOclGH1,Was It You - AWAKEND Remix,4.57,"Au5, HALIENE, Awakend",2021-05-28,2021,remix
419k2Knx0kb3KX3DA0xKQo,Waste of Emotion (ft. BLACKSTARKIDS),3.67,"ELIO, BLACKSTARKIDS",2021-05-14,2021,remix
0zySqK8dJnDFYXR7m1Dea3,Tik Tok,2.43,Wasback,2021-01-22,2021,remix
0JkrLMaPtOgXAvCbWiiof6,Wasted On You - ATTLAS Remix,3.24,"DVRKO, ATTLAS",2021-06-04,2021,remix
1pk4UJmoJROgUl7asHBBYs,LIFE WAS SICK,2.46,Yxngxr1,2021-06-11,2021,remix
6uczBBgwawjqRMhayqTAi9,Hadal Ahbek (Slowed TikTok Remix),4.15,TBeatz,2021-02-04,2021,remix
5z4Nkgbj8j1deVxfvbAWDO,Pain - Remix,1.59,Wasabi Cutthroat,2021-12-19,2021,remix
76QlHCdidXWjCoSSZKs4gy,海市蜃楼 - DJ德朋版,4.25,三叔说,2021-12-02,2021,remix
7IzWkimg02mjvqVVDXHQES,Hide (Amtrac Remix),5.35,"Washed Out, Amtrac",2021-11-12,2021,remix
2HwkoqfXO6scZ9GR7zPQMk,Was It You - Mazare Remix,4.56,"Au5, HALIENE, Mazare",2021-05-28,2021,remix
59QI3gSnv576kHyV4Jqt36,"Whenever, Wherever - Pepsi Super Bowl LIV Halftime Show Remix",2.61,"Shakira, Alexander Castillo",2021-11-12,2021,remix
3rXHiTfElg14Yu9zeIPaiZ,Thought I Was Gonna Stop (Remix),4.0,"Papoose, 2 Chainz, Remy Ma, Busta Rhymes, Lil Wayne",2021-12-31,2021,remix
36BW5j8RGMCFf1Uhoq1a0E,Wash You Off (Oliver Nelson Remix),4.37,"Summer Heart, Oliver Nelson",2021-09-24,2021,remix
5c9wOjKkI7rvfuP3ghKna9,While God Was Sleepin'... - Remix,3.21,"Kari Faux, JID",2021-09-24,2021,remix
3kHaYCI60ExyeSh4I9MVEv,Wasted Love (feat. Lagique) - Dubdogz & JØRD Remix,4.0,"Ofenbach, Dubdogz, JØRD, Lagique",2021-06-14,2021,remix
3zNNXjjjeLrzIXSJZKalDi,I Follow Rivers - The Magician Remix,4.66,"Lykke Li, The Magician",2021-07-16,2021,remix
2AvjlUXWAxxyDmfpUGQ4zz,The Night The Lights Went Out In Georgia - Revived,3.86,Reba McEntire,2021-10-08,2021,remix
4IiuExPFijOGZnVxGsKWcc,Seven Nation Army - The Glitch Mob Remix,4.28,"The White Stripes, The Glitch Mob",2021-04-23,2021,remix
64rqvMhAPLLEag310IG3z9,Greek Tragedy - Oliver Nelson TikTok Remix,5.11,"The Wombats, Oliver Nelson",2021-01-15,2021,remix
6R84ZlQF7gGkPB6o3GLZXB,The Age Of Love (Charlotte de Witte & Enrico Sangiuliano Remix),8.16,"Age Of Love, Charlotte de Witte, Enrico Sangiuliano",2021-08-01,2021,remix
05WPbN0RZeYj62c4VGpldv,Onna Come Up (feat. G Herbo) [Remix],2.93,"Lil Eazzyy, G Herbo",2021-04-30,2021,remix
0dd5fVnl2V03BdZD5dKYgQ,here comes the sun,2.79,Christina Perri,2021-11-24,2021,remix
6bCWyr3C3ngZdwizTYWQTG,Onna Come Up (feat. G Herbo) [Remix],2.93,"Lil Eazzyy, G Herbo",2021-01-15,2021,remix
02KyxGXUFYfCqcnIKvreSF,Heroine - Pat B Remix,2.38,"Dutch Disorder, Pat B",2021-10-29,2021,remix
6DtRS7S6zPdXnU5m4rIkzh,Here Comes Santa Claus (Trap Remix),2.33,StarBoy,2021-07-18,2021,remix
0r1StBVXbGkV9NQ7esRv6n,"Here I Come - Jeymes Samuel Remix (From The Motion Picture Soundtrack ""The Harder They Fall"")",1.77,Barrington Levy,2021-06-25,2021,remix
2344qwORd0Q3bZhwssd2mw,Being Honest (Remix) [feat. G Herbo],2.56,"Kay Flock, G Herbo",2021-11-05,2021,remix
5IEJHMxtfKmx0YYPbCKOWs,Here Comes the Sun - Remix,2.63,Sarah Menescal,2021-11-19,2021,remix
1nr7x5mxvD8RO4vd4w4e8R,Here Without You,3.02,"Costa Leon, TYLER",2021-05-21,2021,remix
7xKUkaxqEUEpZmTFiF1NZK,Unraveling - Ryan Herr Remix,3.34,"Ryan Herr, Momentology",2021-09-02,2021,remix
65xvfgI2nNrOYHhGUzw9XP,Heat Waves - Oliver Heldens Remix,4.06,"Glass Animals, Oliver Heldens",2021-09-09,2021,remix
49NuSXYVcbyHmw8oDNpVDA,Being Honest (Remix) [feat. G Herbo],2.56,"Kay Flock, G Herbo",2021-11-05,2021,remix
4VrWE2Nybmbiu3dHV37IWu,her - East Forest remix,4.08,"Trevor Hall, East Forest, Emory Hall",2021-08-13,2021,remix
0y0u2RRRok7dFvVO7NXjia,Resurrection (HERO Remix),3.35,"MOTHERMARY, HERO",2021-04-23,2021,remix
4QDlt4NhI93bs9TI5s1sCc,Hero - Nicky Romero Remix,3.21,"AFROJACK, David Guetta, Nicky Romero",2021-07-09,2021,remix
0QcdakXA2D75UuA6sDJa3Z,Here She Comes - Archaellum Remix,4.81,"Jackarta, Archaellum",2021-06-11,2021,remix
3HPB28t0SNuEBvk4VgZ5gy,A Hero's Death (Soulwax Remix),4.49,"Fontaines D.C., Soulwax",2021-01-19,2021,remix
3LX6Bv3jfbABw1KQsYOYtZ,Until We Leave the Ground - Steve James Remix,3.29,"Emmit Fenn, Steve James",2021-06-25,2021,remix
43dwQtMPKOrhYg7c9mPLYL,"Here Today, Gone Tomorrow - Positive Remix",2.81,"Banda Do Sul, Cherie Currie, G-Spliff",2021-12-17,2021,remix
0mHz9vqcznnfUcLqfQb3kd,Met Him Last Night - Dave Audé Remix,3.73,"Demi Lovato, Ariana Grande, Dave Audé",2021-05-12,2021,remix
6zngi7VIMwoTrQqVGSnHi2,edamame (Diplo Remix),2.92,"bbno$, Rich Brian, Diplo",2021-12-15,2021,remix
4lrEwQzJj1yjhrnsXuR4WM,Raingurl (Remix),3.75,"Beats Bye Him, Yaeji",2021-04-23,2021,remix
7bbVROxBdCzv1KUh7KoxmI,HIM (feat. YSN Flow) - Remix,3.04,"Jaywall, YSN Flow",2021-08-04,2021,remix
527sljbYZ6GgdFXaQASKk2,Used To Be (feat. Wiz Khalifa) - The Him Remix,3.82,"Steve Aoki, Kiiara, Wiz Khalifa, The Him",2021-04-02,2021,remix
6TDdV9nlmaAgWToIKrZbfl,California (feat. Jackson Wang & Warren Hue) [Remix],4.57,"88rising, Rich Brian, NIKI, Jackson Wang, Warren Hue",2021-07-15,2021,remix
3y8cszrL321MmWUXtK914s,Met Him Last Night,3.41,"Demi Lovato, Ariana Grande",2021-05-12,2021,remix
60b8F15SRP0Ua5qoY7Lcw0,Himba - Vijay & Sofia Remix,3.53,"Glisz, Vijay & Sofia Zlatko",2021-02-05,2021,remix
5feddjzl6SH6xbnlyElIzj,edamame (Diplo Remix),2.92,"bbno$, Rich Brian, Diplo",2021-12-17,2021,remix
4DTiCYirZ0E5OQysDyU4YP,Him & I,2.68,"RushLow, Fyex, Nito-Onna",2021-04-09,2021,remix
3GXn681aDzOL6UXhJ9CSpq,Nyan Cat - HIMAGO remix,3.21,HIMAGO,2021-02-22,2021,remix
5SYOGStpC07ataRDYecVSm,HIM,3.04,Jaywall,2021-08-04,2021,remix
2XylNvlrAYPuypiT0MEj33,Aila Re Ailaa - Bollywood Nonstop Remix 2021,42.44,"Arijit Singh, Asees Kaur, B Praak, Badshah, Dev Negi, Dhvani Bhanushali, Guru Randhawa, Himesh Reshammiya, Hommie Dilliwala, Ikka",2021-12-28,2021,remix
11b7ZwFto9YsOw4sAELRMM,edamame,2.23,"bbno$, Rich Brian",2021-12-17,2021,remix
7FppuFksnRyHFOrtB1tuZr,Met Him Last Night - Dave Audé Remix,3.74,"Demi Lovato, Ariana Grande, Dave Audé",2021-05-12,2021,remix
5pKUqZ6ypo5bdNUC8j0e35,Used To Be (feat. Wiz Khalifa) - The Him Remix,3.82,"Steve Aoki, Kiiara, Wiz Khalifa, The Him",2021-04-02,2021,remix
3wOMdPtqfwN2XpomZTvawm,るーららるーらーるららるーらー -remix-,3.14,"Sayuri, CHIMERAZ",2021-09-08,2021,remix
5lCIWG7tJAibG2Dbq7t1Sf,California (feat. Jackson Wang & Warren Hue) [Remix],4.57,"88rising, Rich Brian, NIKI, Jackson Wang, Warren Hue",2021-07-14,2021,remix
6vqfDYaywOHyNjTQTIGM88,Sorry 'Bout That (Hemai Remix),3.45,"BaggE, Tyegreen, Hemai",2021-06-23,2021,remix
0p2AvPSoGhHdDnmY9Ed8Y2,over u (Himera Remix),4.25,"ultra caro, Himera",2021-12-16,2021,remix
15C4TnrrVdym7UykxQIOTZ,Throat Baby (Go Baby) (with DaBaby & City Girls) - Remix,3.53,"BRS Kash, DaBaby, City Girls",2021-01-21,2021,remix
1qzckO538IWjqa7eCQdSJ4,Throat Baby (Go Baby) (with DaBaby & City Girls) - Remix,3.53,"BRS Kash, DaBaby, City Girls",2021-01-22,2021,remix
4EQ4Tivmjb0Og9HokWocQm,Baby Shark (Gracie's Remix),2.77,Gracie's Corner,2021-01-11,2021,remix
1d3mQY9cJeyx0EMxBkXORn,Babymama - Remix,7.41,"Joyce Santana, Farruko, Luar La L, Eladio Carrion, Myke Towers, Ñengo Flow",2021-12-17,2021,remix
6W1aqjLCj3O4M1Pko8Bq6f,prada (Remix) (feat. Lil Tecca),1.87,"tana, Lil Tecca",2021-07-09,2021,remix
2xw4gYnfIZkH4GO9zPMNVR,Babylon - Bree Runway & Jimmy Edgar Remix,2.8,"Lady Gaga, Bree Runway, JIMMY EDGAR",2021-09-03,2021,remix
20HIAeKwk3foghm9b0TycP,Bedroom Bully - Remix,2.32,"Sada Baby, Soeboy",2021-08-16,2021,remix
35y0kyl6Svv7wJcCUIpNGs,Hey Bunny - Remix,3.42,Baby Bugs,2021-03-06,2021,remix
5WOGp3E41juuRbaw4LlQZT,Paperwork Party - Remix,3.37,"Babyface Ray, Jack Harlow",2021-05-14,2021,remix
21hKipgjcM6JL2mmoUKrQi,TWINNEM (Remix) (feat. DaBaby),2.68,"Coi Leray, DaBaby",2021-11-09,2021,remix
292qvzjSYo7z6EVOoPrnIp,COSMO AND WANDA - Remix,2.04,"Slumptherula, BABYCARTEL, Glofromda4",2021-10-20,2021,remix
3w1KoEKYKrbG0sfx7MbIeh,Plug In Baby - XX Anniversary RemiXX,3.65,Muse,2021-06-18,2021,remix
1qqSQhDwPXl8WY0Fxx9kIt,2step (feat. Lil Baby),2.72,"Ed Sheeran, Lil Baby",2021-10-25,2021,remix
4zKTu2n2ExlcLkx9KHUpeb,Jalebi Baby (Tesher x Jason Derulo) [DallasK Remix],2.68,"Tesher, Jason Derulo, DallasK",2021-08-20,2021,remix
3ELsqgrTHnVhBOqgoC8stu,Michigan (Remix),2.4,"Chavo, Pi’erre Bourne, Babyface Ray",2021-08-13,2021,remix
0AOfDi957mfUMNFM8WeO7n,When U Saw Love (ft. Babygirl),3.45,"ELIO, Babygirl",2021-05-14,2021,remix
7jEujlhw3pirEu6NC6KpRH,Return of the Mack - C&J Street Remix,4.58,Mark Morrison,2021-06-11,2021,remix
4XYe1saIRzKp9d09w8Tgze,New Born - XX Anniversary RemiXX,6.06,Muse,2021-06-18,2021,remix
2OtEqpDAHDZ6bHVjXoiL86,Basketball Dreams (Remix) (feat. Eli Fross),2.55,"Sleepy Hallow, Eli Fross",2021-10-08,2021,remix
1aEGy7HRKISHwdQVHYnDaZ,Toroka - Remix,3.37,"Christian Kuria, Alex Isley",2021-02-17,2021,remix
4jMmXKJjle1GD241r9s1oj,Too Good - Unknown Mortal Orchestra Remix,3.92,"Arlo Parks, Unknown Mortal Orchestra",2021-07-28,2021,remix
13iHmRJhwdAX5upubXFgXQ,Basketball Dreams (Remix) (feat. Eli Fross),2.55,"Sleepy Hallow, Eli Fross",2021-10-07,2021,remix
6hsPeJ3K9zueM5rGcLoPW2,New Ferrari - Harvey Sutherland's Weird Flex Mix,3.69,Surprise Chef,2021-11-05,2021,remix
3MIBCgDvCZnuhj4FjlgVdP,New Love (feat. Ellie Goulding) – Shane Codd Remix,2.89,"Silk City, Ellie Goulding, Diplo, Mark Ronson, Shane Codd",2021-03-05,2021,remix
71ibF8wSVQCYY4Ik8ZB0YL,New Soul - Remix,3.49,Don Gotti,2021-11-30,2021,remix
2xKwWM2o9evwC7uCpXOjBp,Grabba - Remix,3.08,"Ron Suno, DUSTY LOCANE",2021-09-10,2021,remix
4EaADbquy3c8VyxZX2BI5w,I Shot Ya - Remix,5.08,"LL COOL J, Keith Murray, Prodigy, Fat Joe, Foxy Brown",2021-03-19,2021,remix
4fNxBNaDqfOX3Zv41KtQAm,How Bizarre - Madism Remix,2.69,"OMC, Madism",2021-10-14,2021,remix
458PwXRF8eLf8SGKJIxilc,New Love Cassette (Mark Ronson Remix),3.47,"Angel Olsen, Mark Ronson",2021-05-07,2021,remix
5xCR2Bdkd9FSuFdKaknVRM,New Blood (with Boy Matthews) - Riot Ten Remix,3.48,"Gryffin, Boy Matthews, Riot Ten",2021-09-06,2021,remix
2zkZLLgRH6nrJYNlYhK47N,Time (Remix) [feat. KIRBY],3.56,"Sebastian Mikael, KIRBY",2021-03-26,2021,remix
1obJ3mZVKsRN77WETuHCDx,Till Sunrise (Remix),3.92,"Goldroom, New Arcades, Mammals",2021-02-19,2021,remix
4FIX5YydOZuRCzHh8asm9w,Old MacDonald Had a Farm (Gracie's Remix),2.52,Gracie's Corner,2021-01-11,2021,remix
3KW0GAN4i5szC7cvYPp32d,Old Silverado - Remix,3.01,"TrapHouse Koda, Savannah Dexter",2021-12-10,2021,remix
4cRIufi27KDQxyiOQW8ePq,Be Alive (DJ Splash Remix),2.88,"Stian K, Various Artists, DJ Splash",2021-04-23,2021,remix
0WbASIjBCczvHbsx1FXyly,Good Old Days - Classixx Remix,4.47,JR JR,2021-07-08,2021,remix
0uOpOhrVFlRDRU8KFEJGMD,Stan,2.47,"Lofi Fruits Music, Chill Fruits Music",2021-05-21,2021,remix
63ZI5BExtnca6uBsPI55DO,As If - Remix,3.79,"Blaque, *NSYNC",2021-04-30,2021,remix
45jsSaCyemHxEw0LMQETtr,Clocks - Sign of the Times Remix,2.75,Ituana,2021-11-19,2021,remix
79LTivUAyJiIayaqhtyl5R,Old Macdonald Had a Farm (Aussie),2.89,The Beanies,2021-08-20,2021,remix
4WruSE17YS7Jg4oATq3M05,Old Theme - Spiderman - Lofi Remix,2.24,Kioshi,2021-10-21,2021,remix
3f3HQ7e85LIFqax4oIFk8G,Arcade,1.77,"Lofi Fruits Music, Chill Fruits Music",2021-05-21,2021,remix
0F4aBKVccucnLb8ePFhJzQ,What a Time,2.67,"Lofi Fruits Music, Chill Fruits Music",2021-04-09,2021,remix
2LDq4QFXqFnA5zbe4peOdd,Budapest,2.1,"Lofi Fruits Music, Chill Fruits Music",2021-04-09,2021,remix
0y0p1qFZbhPJ56Ad24kLXa,Somebody Else,2.19,"Lofi Fruits Music, Chill Fruits Music",2021-05-21,2021,remix
1AhUCEqMtDdSIP1IQGO35z,Why'd You Only Call Me When You're High?,1.52,"Lofi Fruits Music, Chill Fruits Music",2021-05-21,2021,remix
5zUud9i7nHXojtqNoqUH45,"Hold on, We're Going Home - Urban Love Remix",2.88,"Francoise Sanders, Urban Love",2021-09-10,2021,remix
1oFPRjLI1lwPlVLTZnCS2K,It's My Life - Ronan Remix,2.84,"Ituana, Ronan",2021-11-19,2021,remix
6Xdsx5aWrWVZnyqwtZ4fbp,Wonderful Life - Klub Rider Remix,4.02,"Klub Rider, The Cooltrane Quartet",2021-06-25,2021,remix
2ZVYdYZ7qSoytEbBFl1QKW,lost birds - AYYBO Remix,4.45,"Zeds Dead, Elliot Moss, AYYBO",2021-08-20,2021,remix
5YxOYvChjmjWUiV9QhWcvM,Bloodstream - Lost Frequencies Remix,3.88,"twocolors, Lost Frequencies",2021-05-21,2021,remix
3DewAPeuSR9IIcYDH9HxyV,Throne - Lost Identities Remix,3.22,"Rival, Neoni, Lost Identities",2021-07-16,2021,remix
37uU5wOmkJA19VfU3oK1MJ,Never Going Home - Lost Frequencies Remix,3.18,"Kungs, Lost Frequencies",2021-07-08,2021,remix
1cIosaKteyVqD5nH8tOKCb,Lost - Remix,2.58,"Blake Rose, Sarcastic Sounds",2021-03-05,2021,remix
1KAHbKC1E5mjNT96V8qSIq,Ego Trips - Remix,2.85,LOSTBOYJAY,2021-04-24,2021,remix
2tw3hjwp9jy3ubD5lsfqRN,Lost in the Sun (feat. Ruth Royall) - Simon Doty Night Mix,4.23,"Because of Art, Ruth Royall, Simon Doty",2021-06-04,2021,remix
04khmzzgxS3ZGmsM5QvbG5,"Lost Woods (From ""The Legend of Zelda: Ocarina of Time"") [Orchestral Remix]",2.32,Raymusique,2021-04-01,2021,remix
36iWm9ktt8pwz5Xkt6Nj2I,Nowhere - Odd Mob Remix,4.42,"Otosan, Julia Lostrom, Odd Mob",2021-01-22,2021,remix
6Jzmhn3m6ukvfNAgYVKLqj,The Best Part - Lost Prince Remix,3.31,"gardenstate, Bien, Lost Prince",2021-08-09,2021,remix
6B5ZQpA6rzCHhPMzL55ft3,Lost in Paradise - Remix,5.48,"dj-Jo, Broken",2021-04-09,2021,remix
7qoxxjfnl4kjAU2M3vMYgb,Lost - Gareth Emery Remix,4.28,"Morgan Page, Gian Varela, Fagin, Gareth Emery",2021-09-03,2021,remix
3gVAifyeniXydjROVb0mML,Lost Cause - Paranormal Attack Remix,4.55,"NOVELISTS, Paranormal Attack",2021-02-05,2021,remix
4QkLknlzXdKaxF6BHuJQYS,Lost - Lucian Remix,2.54,"Blake Rose, Lucian",2021-03-05,2021,remix
07UhmFi4950gJ3gS56ajVV,Lost Moments - Monrroe Remix,4.14,"Wingz, Monrroe",2021-02-05,2021,remix
3eGfVLAWjkooordkHSxxJk,Lost in the Sun (feat. Ruth Royall) - Simon Doty Day Mix,3.96,"Because of Art, Ruth Royall, Simon Doty",2021-06-04,2021,remix
2AHIEGwGs0ek2bvhUKbEbk,Lost Dream - Tensnake Remix Edit,4.04,"Aiwaska, Starving Yet Full, Tensnake",2021-12-03,2021,remix
1oM0vPxd5lROtvXnKRxkSd,"Lost in Thoughts All Alone (From ""Fire Emblem Fates"") [REMIX]",5.72,AmaLee,2021-01-15,2021,remix
1JUMTuUWHy5wAnMyoUdurs,LOST!!!!!!,2.24,"glass beach, Dre Dupre",2021-03-05,2021,remix
1ECbRMWtgO9Oeq4j8rHKy4,Free Mind - Remix,3.12,Qua The King,2021-05-06,2021,remix
1zF2enE35rzozF1Qu7rLKH,Free Woman - Rina Sawayama & Clarence Clarity Remix,3.9,"Lady Gaga, Rina Sawayama, Clarence Clarity",2021-09-03,2021,remix
0bA4xeezZfNlNwiGibOMTI,FREEDOM - Big Freedia Remix,2.88,"Jon Batiste, Big Freedia",2021-10-15,2021,remix
69rWseMf3bX8aZefCLgo3Y,Area 51 (Remix),2.63,"Lil Double 0, Pooh Shiesty",2021-09-10,2021,remix
2OjvbtKacpulegyLGJdL7l,Free (Live Your Life) - Felix Da Housecat x Chris Trucher Remix,2.95,"Ultra Naté, Felix Da Housecat, Chris Trucher",2021-07-02,2021,remix
0gHBlXaQWt23tf2616KdzO,Freeze - Mapso Remix,3.5,"Jimmy Sax, Mapso",2021-12-25,2021,remix
3VswnlwZN8u6V31hc0SEPm,Freefall (feat. Oliver Tree) - Tchami Remix,4.25,"Whethan, Oliver Tree, Tchami",2021-01-15,2021,remix
3EKjJFB5frZvTnml08DNRa,Freeze Remix - Mapso Remix,3.5,"Jimmy Sax, Mapso",2021-12-25,2021,remix
0jXp2fCV6jcHEn3ZIgL4NX,No Hago Coro - Remix,5.77,"Ghetto, Farruko, Nino Freestyle, El Alfa, Bryant Myers, Miky Woodz, Secreto ""El Famoso Biberon""",2021-03-26,2021,remix
6FcWpblSozLYYpwKYZTGWS,Peeping in My window (JuanMendezFreestyle) - Cell Therapy Remix,2.53,Juan Mendez,2021-08-20,2021,remix
28L7oHDO10j6MbkTXOqPLy,Friday (Remix),2.93,"Rebecca Black, 3OH!3, Big Freedia, Dorian Electra",2021-02-10,2021,remix
6syv9meXafns0UbFE1KRdg,Tastes Like Freedom - Chaos In The CBD Remix,5.83,"30/70, Chaos In The CBD",2021-07-14,2021,remix
3zsM1eJsFUtXD1XzMMwyaL,Freedom - Sub Focus x Wilkinson x High Contrast Remix,4.2,"Sub Focus, Wilkinson, Empara Mi, High Contrast",2021-01-08,2021,remix
3SLqwymWtyqNJ602MTbdKs,Freefall (feat. Oliver Tree) - Tchami Remix,4.25,"Whethan, Oliver Tree, Tchami",2021-03-26,2021,remix
19mM8MZLnS27poKhi2vDhn,Coming for You - Freestyle,1.17,SwitchOTR,2021-12-31,2021,remix
1u2SUX1QkFAlaPKg2nvMbT,Everybody’s Free (To Feel Good) - Deeper Purpose Remix,3.56,"Piero Pirupa, Deeper Purpose",2021-05-14,2021,remix
5NKglrgeH24lPIfxpcemWr,Free Your Soul (David Joy's Kingdom Remix),2.92,"Gospel of Dance, David Joy",2021-11-19,2021,remix
4Fk2gaLzhVYFXsc8BxOugV,Now we are Free - 2015 Remix,4.2,D FraXce,2021-08-20,2021,remix
4oPLlUqejvlRSMck03LAzl,Now That I'm Paid (Remix) - Instrumental,4.92,"Moore, Low Key Beats",2021-12-17,2021,remix
7iW2RSkkn6hFlW4oePhWc5,Feet Don't Fail Me Now - Paul Woolford Remix,3.71,"Joy Crookes, Paul Woolford",2021-07-30,2021,remix
3to5781s4XqoC4Oljh8SKg,Now Or Never - Liam Mockridge Remix,3.71,"Zimmer90, Liam Mockridge",2021-08-27,2021,remix
6jDoDtx0rieQnlIPn5EDLY,White Flag - nowifi Remix,2.32,"Lucas Estrada, Charming Horses, Sarah de Warren, nowifi",2021-12-10,2021,remix
4555DincgqQlTRAaZyRo7H,Don't Start Now - Rollo & Co Remix,3.41,"Bristol Love, Lee Avril",2021-03-05,2021,remix
7nfPToniIMdfgigwNOHFgu,I Can See Clearly Now - Crystal Rock & Marc Kiss Remix,2.58,"Duguneh, Crystal Rock, Mike Ruby, Marc Kiss",2021-07-23,2021,remix
3ZJEF7VgIehAPkJpwZHMP0,Go Ahead Now,2.55,FAULHABER,2021-04-30,2021,remix
72AeoTKtRB8YvQruvCgaSG,POPPY PLAYTIME THEME SONG - REMIX,2.29,"CRA6, Trap Music Now",2021-11-09,2021,remix
7MJUpvDdGdnbo2Xz6T88wT,For No One For Now (U.S. Girls Remix),2.97,"Lael Neale, U.S. Girls",2021-10-13,2021,remix
5ziaT8tLOGPoRfAscwmTsd,Now We Are Free - Gladiator 2021 Daybreakers Remix,3.08,"Gladiator, Daybreakers",2021-01-08,2021,remix
7lgSu9ocppDwVDOvr8L4cJ,Good Now (Remix) (feat. Anike),3.25,"DOE, Anike",2021-03-26,2021,remix
3EMOSV8YcnPYBGlEo6OL91,NOW - 4B Remix,2.79,"Olivia O'Brien, 4B",2021-02-05,2021,remix
23tR2ZW5gKvgRULcGFdsV2,I Will Survive - Mozix Remix,3.62,"Now O Later, Mozix, Jaime Deraz",2021-09-17,2021,remix
3gXR8akMHgctnigADgbdvE,Right Now - Pascal Letoublon Remix,2.8,"Sophie and the Giants, Pascal Letoublon",2021-05-14,2021,remix
3rFLiqUj6Z1Ggo7QhwgTPM,I Can See Clearly Now - Embody Remix,2.94,"Duguneh, Crystal Rock, Mike Ruby, Embody",2021-08-13,2021,remix
5JUtateNHb58a6QL58FRQc,My Heart Will Go On - Now O Later Radio Remix,3.84,"Saint Müsik, Now O Later, Alina Renae",2021-08-06,2021,remix
4bdIW9WTZ0oopTGX1XFuIG,Waterfall (feat. Melissa Etheridge) - Remix,2.64,"Serena Ryder, Melissa Etheridge",2021-01-29,2021,remix
4olrSI30e4RN11Cz2SQgEv,Gone Are The Days (feat. James Gillespie),3.28,"Kygo, James Gillespie",2021-04-16,2021,remix
3CqSt0L962EmL6V9ATCfZX,Till Gone Day - Sully Remix,3.2,"The Floozies, Sully, Tech N9ne",2021-07-23,2021,remix
5BNCUDSEVj3FnEo34yOPLJ,Gone Are The Days - Piano Jam 4,2.74,Kygo,2021-04-16,2021,remix
5yRKEUragPqyEN5Rs04poc,Dirty Hands (Gone Mad) - Widemode & The Golden Army Remix,2.6,"Kendra Dantes, Widemode, The Golden Army",2021-11-19,2021,remix
4O1TkkCIUo5ye2gkkUpeSe,Days Gone - Lucinee Remix,6.01,"zwyrg, Lucinee",2021-10-21,2021,remix
1HY4YsqSEFpyifzyKkecE2,"Off Poppin Gone Remix (feat. Drakeo the Ruler, Fenix Flexin)",4.17,"Flight, Drakeo the Ruler, Fenix Flexin",2021-09-10,2021,remix
6Vh8LofAy66pHL7M6cjP3T,Consider Me Gone - Acoustic Version,3.5,Reba McEntire,2021-10-08,2021,remix
3oTtkDJizVZfrxmfsNekLZ,Love Is Gone - Armin van Buuren Remix,3.27,"SLANDER, Dylan Matthew, Armin van Buuren",2021-10-08,2021,remix
2JMNzion86EWocg5WhqYeS,Gone - Bklava Remix,3.8,"James Vincent McMorrow, Bklava",2021-01-08,2021,remix
4N8PX5j5dqo3kN7nSS5A6o,Gone - Matt and Kim Remix,2.13,"Tokyo Police Club, Matt and Kim",2021-03-05,2021,remix
5fYuafxD1wEyhsblZQVG0n,Gone (The Lost Remix),3.12,"Rishi Rich, Mumzy Stranger, Jagtar",2021-12-16,2021,remix
4kBUyyyKdQbmiH5MODucZy,Lick Back Remix (feat. Future & Young Thug),3.23,"EST Gee, Future, Young Thug",2021-12-17,2021,remix
4M36wGHO5iGg08M94KIR3g,Back On Track - Yakkle Remix,2.76,"Shing02, Jack The Rip, Yakkle",2021-06-28,2021,remix
1Qfi5VM9r53dnUEZj9BbFW,BRING IT BACK RMX,1.99,LilC4,2021-10-22,2021,remix
3UHsZuF8YOUe7DbQ3XKGBy,Going Back Bounce - Remix,4.06,"Roi ""Chip"" Anthony, Tyree Neal, DJ BSHARP",2021-08-27,2021,remix
5AJsdSy92xTDNWCe2tPnel,Turn Back Time - Wilkinson Remix,4.23,"Diplo, Sonny Fodera, Wilkinson",2021-03-05,2021,remix
40K1Ct79qePRGw7R7JWxpv,Back from the Dead (feat. Pooh Shiesty & Big 30) - Remix,4.0,"GMO Stax, Pooh Shiesty, BIG30",2021-05-07,2021,remix
1JuoTeblhrSlGXFxpI0qxq,Honey Pack (feat. Lil Yachty & DDG) - Remix,3.86,"Bfb Da Packman, Lil Yachty, DDG",2021-02-19,2021,remix
79cp7ZFMnb3NQwATF4ZvCp,Come Back Home (GATTÜSO Remix),3.25,"Petey Martin, Lauren Daigle, GATTÜSO",2021-04-09,2021,remix
0M1gAAVGPJxBu7NdBnrJxf,Back In Blood - Remix,3.07,Raxx,2021-04-14,2021,remix
0VUPd7wCEbp04Bn5ZF4Tbl,Sailing - Back Pedal Brakes Remix,3.52,Chicane,2021-11-19,2021,remix
7MJekc64dR9wJmGLIY0MST,Back to Normal - Remix,3.5,"See Naylors, Anthony B, Zulu",2021-12-16,2021,remix
6c4mLN6NaKa0Js76rCIfTr,Back Seat - Tseba Remix,4.0,"Anna Lunoe, Tseba, Genesis Owusu",2021-11-24,2021,remix
35iJU4FQP2n4sOvbmNyQ33,Back Tomorrow - GUZ Remix,2.64,"Ferreck Dawn, Jem Cooke, Guz",2021-10-29,2021,remix
3sfzgT2rsd1avncFvXxWPv,Back To Me - Gem & Tauri Remix,3.45,"MitiS, Bella Renee, Gem & Tauri",2021-09-17,2021,remix
6AU8cZukUJqQ7tEesxbJaC,Back In Blood - Remix,3.95,"WC Steph, 10/7 Najai",2021-05-25,2021,remix
0quMC69glwaSHko9FS2Bxa,Breaks My Back (All The Damn Vampires Remix),3.84,"MEG MYERS, All The Damn Vampires",2021-09-17,2021,remix
3K8Oy9pPPfmN4MQ0qrHC7G,Take It Back (Reggae Remix),4.69,"Ries Brothers, Echoing Dream, Little Stranger, Gary Dread, Jaime Hinckson, Julian Marley, E.N Young, Kash'd Out, Bumpin Uglies",2021-03-19,2021,remix
0QK4cKWv02vVr4RystlKqh,What's Up?,2.8,"LIZOT, waybackwhen",2021-06-25,2021,remix
4Kl4m1u3DGul5A4pO9807z,Again - Your Lie in April - Lofi Remix,3.0,Kioshi,2021-12-20,2021,remix
0yEE1lH1h5bbFMmZKhmvxb,Love Again - Imanbek Remix,3.57,"Dua Lipa, Imanbek",2021-10-15,2021,remix
5yyzN0Mtt6RQgOheFcmKHe,Again - Moe Shop Remix,3.83,Kizuna AI,2021-05-21,2021,remix
79Sk4vYjE8GwenWuMtOBfm,Again - DLMT Remix,3.16,"Mako, Miles Walker, DLMT",2021-04-09,2021,remix
7yA0MIAVOURtqoYPGNqVMV,"Again (From ""Fullmetal Alchemist: Brotherhood"") [REMIX]",5.8,AmaLee,2021-01-15,2021,remix
20xEL6MAmt2LK2vYl7QQ97,Again,2.29,Aizayah Hills,2021-03-26,2021,remix
3kLmjp78vdorcQFwl1FdIt,I Will Survive,2.24,"Besomage, Meric Again, Nito-Onna",2021-08-26,2021,remix
1A1rR6AQPHxR6YM83gEiEs,Survivor,2.12,"Besomage, Meric Again, Snnr",2021-09-17,2021,remix
3CDopDW0kwwWil87eE4lhI,Love Again,4.3,Dua Lipa,2021-10-15,2021,remix
6PLFvzsIlrBrQp2EaVdFCf,Love Again,4.3,Dua Lipa,2021-10-01,2021,remix
6NntKXBOTMKAKYP1qRkrNo,Love Me Again - Remix,4.45,High Tide,2021-02-27,2021,remix
0gOYsTHfqXccEXUFQtfQzd,All Over Again - Remix,3.42,"Kehina, Indigo Eyes",2021-03-23,2021,remix
6rth8HPp7oZ9ZeZxFfloNt,Again (Fullmetal Alchemist: Brotherhood) - Remix,2.62,ShiroNeko,2021-06-11,2021,remix
6z3z9FkBuyPwTKLh28isgV,Alone Again (feat. Bru-C) - Initi8 Remix,2.74,"Alyssa Reid, Bru-C, Initi8",2021-10-29,2021,remix
1jJeSFNSZ1nEp7MnErX0Fd,The Business,2.43,"Besomage, Meric Again, HALUNA",2021-10-08,2021,remix
1FJeSvgG7DJp5AwaSm02sM,Go Again - Nightcore Edit,2.77,"King CAAN, ELYSA",2021-06-13,2021,remix
0n8zEwBEbLpQi66F6Q29rM,Killing Me Softly,2.23,"Besomage, HALUNA, Meric Again",2021-10-15,2021,remix
5IKR9Ibby3jPWTm13tpwca,Hotel California,2.24,"Besomage, Meric Again, HALUNA",2021-10-01,2021,remix
4vLY6fJQWgBzQYHzguDZme,Forever (Remix),3.36,"Gyakie, OMAH LAY",2021-03-18,2021,remix
1YFNNJoTsuc23hqMr4ykNY,Forever - Remix,2.59,Blazzeitt,2021-01-14,2021,remix
3rX9rP8H83zIwf3ojfvobz,Forever Young - LIZOT Remix,2.56,"UNDRESSD, Ellie May, LIZOT",2021-07-30,2021,remix
0zCp82xICyj1H0vrepU4k4,Forever Young - Remady Remix,2.83,"LE FEU FOLLET, K!ngdom, Remady",2021-03-26,2021,remix
0r5vc5j9eWQv6f0JAns0Ii,Forever Man (How Many Times) - Earth n Days Remix,3.03,"Beatchuggers, Earth n Days",2021-01-08,2021,remix
4NljXae2FK9EISuBndBJuP,"Forever You Remix (Feat. YUMDDA, CHANGMO, northfacegawd, DON MILLS)",3.85,"TOIL, YUMDDA, CHANGMO, northfacegawd, Don Mills",2021-05-08,2021,remix
6Hh9jIEl8UkBB41qS1BLZz,Forever Mine,2.93,Mephisto,2021-02-05,2021,remix
7BeTj0SD56yNO0GBlF5Lqy,Forever Man (How Many Times) - Mike Salta & Mortale Remix,3.18,"Beatchuggers, Mike Salta, Mortale",2021-09-10,2021,remix
3ACQ5yxzKpQ0Ok6f1xQ7ol,Forever In Your Arms,3.05,Camishe,2021-03-12,2021,remix
4A06fkV9qxd6vz6EyVblHE,FEMBOY FEMBOY FOREVER (doki doki forever sus remix),3.01,KeepitEZ _,2021-12-17,2021,remix
1rLZ9CgBGFzzJfaxWregGJ,Forever - 2021 Remix / Remaster,5.27,SIX60,2021-10-21,2021,remix
5H5KaWqDGMvyHRbML30NY7,Forever Forever (Beatsole Remix - John Askew Rework) - Mixed,4.62,"Nifra, Mia Koo, Beatsole, John Askew",2021-04-30,2021,remix
27XOIkHxhxGWXj8riOgvSl,Forever Alone - Gaming Remix,4.15,APOC,2021-01-15,2021,remix
2cX3pmM6V6CbfIT1vJvYcO,Stay Forever (feat. STRFKR) - Midnight Kids Remix,3.8,"Whethan, Midnight Kids, STRFKR",2021-01-29,2021,remix
1Yt5QQUs5uoLJwT5vQnUUQ,Delete Forever - Channel Tres Remix,3.02,"Grimes, Channel Tres",2021-01-01,2021,remix
4MAIvQuFtCirmzwG6AnQXh,Stay Forever (feat. STRFKR) - Midnight Kids Remix,3.8,"Whethan, Midnight Kids, STRFKR",2021-03-26,2021,remix
2bR2O3RJ6yG5rL6dvx4ERM,Hawai Remix,3.25,Ernesto Tapia,2021-03-26,2021,remix
4w4FBnBL6malIz1AY01tp8,Brand New History - Brothertiger Remix,4.32,"Moonrunner83, Brothertiger, BY FOREVER",2021-02-04,2021,remix
3g4TbnOlImILnQMTMwuRz1,(FOREVER!!!!!!!!!) [WOW OK Remix],4.78,"glass beach, WOW OK",2021-03-05,2021,remix
6SsXmVNxEdR00vELvJGWa4,Tonight Tonight - COVID remix,3.09,Hot Chelle Rae,2021-01-29,2021,remix
7jXYSvz5Bq9fJXDwrPzzjL,Tonight - Birdee Remix,5.09,"Tommy Glasses, Birdee",2021-01-22,2021,remix
1alq0JMaOcLfDf89bTRM7J,Fight Tonight,0.94,United States Marine Corps,2021-11-10,2021,remix
70FhY7hwautR5xB1qnHzVn,Fun Tonight - Pabllo Vittar Remix,2.35,"Lady Gaga, Pabllo Vittar",2021-09-03,2021,remix
1rvHY2Mlh6jDAdoSB2yTHV,Tonight - Jr Stit & JMRA Remix,2.24,"ALEMA, NCPTN, Young Jae, JR STIT, JMRA",2021-10-01,2021,remix
5vymIUQwko63LlPzIihENF,Let's Groove (Tonight) [TikTok Remix],4.22,Fenton Rider,2021-09-08,2021,remix
4RNZSezimfcILkPypdVfdk,Tonight Belongs To U! - Jomarijan Remix,4.37,"MEZIAH, Lee Butler, Jomarijan",2021-10-15,2021,remix
2qrgghtBlvcEsCL9YtqQhw,Not Tonight (Tomorrow Sounds Good Steve Aoki Remix),4.68,"JJ Lin, Steve Aoki",2021-04-22,2021,remix
5IS86dsK9niu2GSFlQK2tp,Tonight,3.59,Luna Morgenstern,2021-09-24,2021,remix
726DC6x5REuFBBwZqrpTsu,Tonight - Cheesecake Boys Remix,5.29,"Crazibiza, Ron Carroll",2021-07-16,2021,remix
20gY8D5CE13MKgkNV5d9G4,In the Air Tonight,3.25,"DRESSD, Maja Amcoff",2021-01-29,2021,remix
3jzOQCzJJ54wGQH1dnlFHP,Tonight (I'm Loving You),3.28,"Willyam, Tiago",2021-04-23,2021,remix
6y5c8QFEzM1rHnWNndZ2NV,Dreamers - Embody Remix,3.1,"TGC, Embody",2021-07-08,2021,remix
7mPCgCK0XzmltsHj6IZjtL,Dreaming - Gibson Parker Remix,3.43,"Rootkit, Cammie Robinson, Gibson Parker",2021-12-03,2021,remix
1Mgvh8p8Kqm8H4MTC0UgBC,Let Go - Slowed,2.29,Dybbukk,2021-07-14,2021,remix
5LghBGmNUUwI2BvX2boIdK,Bruuuh (with Denzel Curry) - Remix,3.44,"JID, Denzel Curry",2021-02-05,2021,remix
6qXCxJYDFLBnlRwrHJd5gd,Heat Waves - Diplo Remix,2.36,"Glass Animals, Diplo",2021-09-09,2021,remix
5ALXtxyrTfFVGEPVMQtuCb,Dreams - Alex Ross Remix,3.17,"Jolyon Petch, Reigan, Alex Ross",2021-05-28,2021,remix
5l5kZBPZCo8njkwSWPwQFj,Dreams - No.On Remix,3.33,"Eve St. Jones, No.oN",2021-04-02,2021,remix
5AeSP5QhD34yvr1DIg3tCC,Dream Girl - Nile Rodgers Remix,3.75,"Idina Menzel, Cinderella Original Motion Picture Cast",2021-09-09,2021,remix
2Nr8m3K7qnKwXxp9F5qtJN,Dream Girl - Nile Rodgers Remix,3.75,"Idina Menzel, Cinderella Original Motion Picture Cast",2021-09-03,2021,remix
4yp0JTU9puA4J0X3q9G54d,Dreams - M1 Remix,3.29,"Jolyon Petch, Reigan, M1",2021-05-28,2021,remix
7sEtUpTyBLyqubYy2EbNFg,Heat Waves - Shakur Ahmad Remix,3.3,"Glass Animals, Shakur Ahmad",2021-09-09,2021,remix
4yLtGWKbjiCKbmZkGA0z3m,Heat Waves - Sonny Fodera Remix,3.19,"Glass Animals, Sonny Fodera",2021-09-09,2021,remix
37IkeEZco5yX9ulmDCXKsI,Ghost (2WEI Remix),3.48,"Marvin Brooks, 2WEI",2021-04-02,2021,remix
3P7e3UbstClscX6Sx67tRV,Ain't No Crying,2.62,Derivakat,2021-02-26,2021,remix
5hqXIYPyK2ICjxq8TsDgyh,California Dreamin' (radio Edit),3.64,"DJ Dark, Mentol",2021-10-18,2021,remix
5mnidOH84oGj82xBcypP2j,Sweet Dreams (feat. Imanbek),2.34,"Alan Walker, Alok, Imanbek",2021-07-16,2021,remix
19lT0l1OBkLtWI5iE5zORl,California Dreamin’ (feat. High Jinx) (Vintage Culture Remix),3.06,"Chris Lorenzo, Vintage Culture, High Jinx",2021-11-26,2021,remix
5hw7bUv7NtrsepLROgIxLl,Cold Heart - PS1 Remix,2.78,"Elton John, Dua Lipa, PS1",2021-09-17,2021,remix
3ck2KxuP99yTwWzdf8piiC,Cold Heart - Claptone Remix,3.06,"Elton John, Dua Lipa, Claptone",2021-10-08,2021,remix
5gpy8VcqvPox6XHAIJzuCw,Hearts on Fire - CORSAK & Willim Remix,3.56,"ILLENIUM, Dabin, Lights, CORSAK, Willim",2021-02-19,2021,remix
4mP5mNpxTLpPVGOe86WwSk,Heartbeat - Remix,3.04,"Kill ROB Bailey, CakeKnife",2021-07-08,2021,remix
6a1e2CD4FjOhk6bDnzlg15,Hearts on Fire - Timmy Trumpet Remix,3.51,"ILLENIUM, Dabin, Lights, Timmy Trumpet",2021-02-19,2021,remix
0DrU6Yyzw1MVSLRdvYSoVG,Heartbreak Anniversary (Trap Remix),3.0,Trap Remix Guys,2021-05-05,2021,remix
4mXLGHT2BmmgLwnjXFQ3kQ,Heartbroken - Remix,2.36,Mikun Savage,2021-12-10,2021,remix
5EubhJ3jImkBxBwWp12DpN,HEART ATTACK - Set Mo Remix,3.38,"BRONSON, Set Mo",2021-03-26,2021,remix
74CkeJ0vYYTdQImnaLy759,Ride With Me (feat. Kid Ink) - Brennan Heart Remix,3.84,"Tungevaag, Kid Ink, Brennan Heart",2021-07-02,2021,remix
0AXik9eoKYsfRYzJdS2GXH,Cold Heart - The Blessed Madonna Remix,2.89,"Elton John, Dua Lipa, The Blessed Madonna",2021-09-10,2021,remix
2fZPo83nr6LXvGJOudQDr9,Heartbreak Anthem (with David Guetta & Little Mix) - The Avener Remix,5.61,"Galantis, Little Mix, The Avener, David Guetta",2021-09-03,2021,remix
3ps27lbeT29y1ZIcw7Z3in,Heartbreak On The Dancefloor - Gerry Read Remix,3.69,"SG Lewis, Frances, Gerry Read",2021-09-22,2021,remix
1rfyykBWaWwUCQAmxELLKw,Heartbreak Anthem (with David Guetta & Little Mix) - DJ PRESS PLAY Remix,2.94,"Galantis, Little Mix, DJ PRESS PLAY, David Guetta",2021-09-03,2021,remix
1HRhJK2wykBr6hT0GDblHi,Heartbreak Anthem (with David Guetta & Little Mix) - Tchami Remix,3.81,"Galantis, David Guetta, Little Mix, Tchami",2021-07-15,2021,remix
0wuVciQQN46LhbYZx2JE5G,Heartbreak Anthem (with David Guetta & Little Mix) [Clean Bandit Remix],3.46,"Galantis, David Guetta, Clean Bandit, Little Mix",2021-08-06,2021,remix
7ksAGloyLZyKThB86rErvT,Nightlight,3.71,"ILLENIUM, Annika Wells",2021-07-16,2021,night
583Fc6qU9thMdXu64j1Wus,Nights Like This,3.17,St. Lundi,2021-09-03,2021,night
12ZCF1YHZTtygHyl1h0wEe,Nightmare,3.87,Halsey,2021-08-27,2021,night
1I6QdR3AsN37JMBaoqsbEn,Night Storm,2.54,Lush Waves Creators,2021-05-27,2021,night
7pCpJJEnBi4ANgiUG3Ha3u,Night Thunderstorm,2.81,Dieter Esther,2021-10-24,2021,night
4cG7HUWYHBV6R6tHn1gxrl,Friday (feat. Mufasa & Hypeman) - Dopamine Re-Edit,2.82,"Riton, Nightcrawlers, Mufasa & Hypeman, Mufasa, Dopamine",2021-01-15,2021,night
6BxDMOnim3Ut7nQaOj01DJ,Nightflyer,4.93,Allison Russell,2021-05-21,2021,night
3jiKUMXqwEodB7gVv1RMZU,After Last Night (with Thundercat & Bootsy Collins),4.16,"Bruno Mars, Anderson .Paak, Silk Sonic, Thundercat, Bootsy Collins",2021-11-11,2021,night
5nMbf1TCIXxtgWjcCT7pzs,Every Night White Noise,2.7,The Noisy Outdoors,2021-08-30,2021,night
6NjY2QmltNePODQYrqPXYE,Rainy Nights,2.89,Digilake,2021-03-18,2021,night
3GpOnGJyl0CjBULkdYTgMs,The Night Song,3.8,"CityAlight, Colin Buchanan",2021-12-05,2021,night
0YGZRixwJxImRZmJM5RP2i,Night Song,3.09,Ryohei Shimoyama,2021-03-05,2021,night
6c8pVKT7KBUzp6fYNDFqlL,Night Drive,3.74,Part Time,2021-11-16,2021,night
7FT7a5DV7Mk6Mc9ZRJnX70,Night Train,3.27,Milena,2021-11-04,2021,night
54XN8ydl4ZaUnwr7tBq0JP,Nightstand,2.7,Justus Bennetts,2021-04-06,2021,night
08OHurCTftTHPuRz0S7zdg,Summer Night,1.93,Ahzura,2021-01-09,2021,night
7v4pPS4A7NgY7bxFA3Etv3,HOT DEMON B!TCHES NEAR U ! ! !,1.6,"CORPSE, Night Lovell",2021-09-03,2021,night
3Wp9Sk1xDOnBDxbu8I24v3,this night,2.17,sleepy planet,2021-05-07,2021,night
5qBURD07mYmymBewmZf3de,Rain Wall For Sleep,2.55,Natures Acoustics,2021-05-06,2021,night
4yyX2Iu4xJjW9xMvBZKSBi,Met Him Last Night (feat. Ariana Grande),3.41,"Demi Lovato, Ariana Grande",2021-04-01,2021,night
6mzDDGA0c1eNIFRqMt6kB1,Nightmares,3.02,Hedex,2021-12-30,2021,night
428k2maDtAdSh0wfgC0jQw,Mellow Night Melody,1.97,Luna & Stella,2021-11-12,2021,night
6kksmL4t09IgxhajuVDDxR,late at night,2.91,Roddy Ricch,2021-12-17,2021,night
0BPNaqJnsHuUP941UISQ9B,The Night We Met,3.45,"Marianne Beaulieu, Justin Beaulieu",2021-05-01,2021,night
0BI0hfbmqybnd3TezrDME3,Met Him Last Night (feat. Ariana Grande),3.41,"Demi Lovato, Ariana Grande",2021-04-02,2021,night
6hTLEmoTUm2PKaJKKiOeO8,The Night We Met,2.34,Amber Run,2021-12-10,2021,night
6ukoIjXp3C3IdrzMHWcoE9,NIGHTMARE,2.32,"SXMPRA, Dozy Doe",2021-07-16,2021,night
20KpbwZ8UeztkpUJ0VUCag,The Night Is Full Of Wonders,2.57,"Living Room, mell-ø",2021-08-02,2021,night
3lUVqqvzWUZnumjPfZCkE1,Nightmare,3.2,"UNDREAM, Neoni",2021-02-05,2021,night
7K2Y8jAajJbplaWxQ5cTh5,Nightmares,3.51,Until I Wake,2021-07-16,2021,night
4ELpTiWFYUgFBzrjqt5Q8e,nightmare,2.9,"nothing,nowhere.",2021-02-19,2021,night
1YPhN3iJpT26q1F5CitVlX,lullaby (goodnight my angel),3.31,Christina Perri,2021-11-24,2021,night
6ANaXvian8fFIWgwL6RcEt,Goodnight My Little Darling,2.96,"Jenny & Tyler, Jenny Somers, Tyler Somers",2021-05-28,2021,night
2lxoIZS8tpFwbiJyrDYguI,Miss You,3.33,"SLANDER, Ganja White Night",2021-09-03,2021,night
5tjJQQgUdR5QPFK5mAruo2,Goodnight My Love,2.99,Everett Boggs,2021-10-01,2021,night
06gtbxmgyG7uYuDDsorKSg,Thunder Through The Night,2.2,Myrs,2021-09-17,2021,night
0RnDVL1UJS8t5Dh4mcVTg6,Goodnight My Love,4.3,Beautiful Chorus,2021-05-07,2021,night
1XjeGxINZGahvoNJ69gcEt,Meet Me on the Battlefield,3.58,"Nightcore Reality, SVRCINA",2021-02-10,2021,night
5ieLgDLe8YnHJ8ZVEVz60l,My Love,3.93,NightCove_thefox,2021-02-05,2021,night
71NBvIYtWygMmp7XgQXbvz,Met Him Last Night,3.41,"Demi Lovato, Ariana Grande",2021-04-01,2021,night
2CNQXaZCnqxYXehrSUzHTa,All Night,2.89,Brando,2021-11-05,2021,night
3vBHBIVK7xpRSk2v5BmEHd,Main Hoe,2.25,Aflacko,2021-11-05,2021,night
3KjqsDXzrSSHm8pSy11wPb,My Father Said,4.21,Hurtwave,2021-04-30,2021,night
0SbcVQyMO5M68AzhX8gYaS,SIDEWAYS (with Travis Barker),2.07,"Jack Kays, Travis Barker",2021-12-10,2021,night
4HbdRcLLnUHgBVBDVRD14M,White Noise Rauschen,2.9,Night Time Sounds,2021-09-20,2021,night
1lgNvkh1uWb0nleFISX63Y,The Night You Left,2.66,Ashley Kutcher,2021-11-19,2021,night
2zQXwqm2gChVJSVcwOM1oq,The Night You Broke the News,2.29,Dave Dudley,2021-08-10,2021,night
3jtGxpds5XRe1Drh2F6s7Y,you broke me first,2.8,Our Last Night,2021-01-28,2021,night
6F4TOoYVIlSqntORVyJmUX,The Night You Broke the News,2.9,David Price,2021-08-10,2021,night
1mx32ss1hHkafzNciqic61,You Can Kill With It,2.5,"idontknowjeffery, Xavier Wulf",2021-02-14,2021,night
6Su8E2Kb1dJhXduvAKNJy5,You Motherfucker,2.39,Night Lovell,2021-05-07,2021,night
2EiolTlqMdkqe77MVYRcb9,Take You,2.28,Young Slo-Be,2021-10-29,2021,night
32gSPav2xqFylAeCjJCxWi,Alone,2.17,Night Lovell,2021-05-07,2021,night
2kfQ21uiYIEfOmqtDwUQdf,"Your night, Your star, Your moon (Prod. Rocoberry)",3.14,"GIRIBOY, Kim You Jung",2021-12-12,2021,night
58r0Fu6hqtG95iQ69347ha,You Can't Run (Friday Night Funkin' Vs. Sonic.EXE Mod),2.66,MarStarBro,2021-11-27,2021,night
5e4taug6VDrjagRp2idFgu,The Night You Left,2.66,Ashley Kutcher,2021-11-19,2021,night
4KE91Xg3FL51yMhnpSqRvE,You and Me,3.76,"Nature TV, Nice Guys",2021-02-26,2021,night
2WD93lsfJonaKtrQtpLB2R,You're the Sea,2.91,Andrew Belle,2021-08-20,2021,night
0fcTuJOYfo4wDR0EjJ62xx,On Your Mind,2.4,cloudy night,2021-05-10,2021,night
1nRLw4PaPK8YtAuhGYBklS,Night Is Faint,3.28,Trickle,2021-08-04,2021,night
4xHftHj7Lx36W1HcM7yhrX,The Night Is Still Young,2.56,Kidz Bop Kids,2021-10-08,2021,night
0giBb5q4vwZi6Zn6BviLgI,the night is just humming,2.1,96 Zeus,2021-08-06,2021,night
7tj10pVGU1N4Pr9ZTCWy8L,Night Is Mine,5.03,ULTRA SUNN,2021-02-07,2021,night
0C9FYzqgQPxjgnZKc9SbAo,Keep Your Eyes Peeled,4.0,ULTRA SUNN,2021-02-07,2021,night
3skyeuj2qNbbIuAP3Gv2dz,When Night Is Falling,3.4,Wonstein,2021-07-07,2021,night
47xbMnBeHr6FchbswHN3pu,The Night is Young,4.63,"#SplashBrothaz, Ziglah Skeleton Grp., Lex Lakaiser, Michael Cesar Leo",2021-09-24,2021,night
2JXMxoiqFf6L4FY2JlfKBw,the night is BLACK,3.12,El Sameto,2021-04-28,2021,night
7j4FSn5ax4uDTLjVu3h6JM,207,1.86,"idontknowjeffery, Xavier Wulf",2021-02-14,2021,night
4YrQuaXq5MCt5xoNheO7XD,The Night Is Young,2.48,MUNICH MONSTRS,2021-04-02,2021,night
70aEusCxxz7FdADCUg8mpj,Looking for the Juice,3.15,"idontknowjeffery, Eddy Baker, Xavier Wulf",2021-02-14,2021,night
5OTGfqutu7zEU7aKN1qWEe,& I Know What You Did Last Summer,2.08,idontknowjeffery,2021-02-14,2021,night
7c9gHRMBmJWmEVnbD0pL3H,Quiet Night (Radio Edit),3.27,Peder B. Helland,2021-05-06,2021,night
7GnBJoahL4uE7FTgwhtd2F,The Night Is Full Of Wonders,2.57,"Living Room, mell-ø, Lofi Girl",2021-12-31,2021,night
71snNfmQO8wCJHKix2aREp,I Thought the Club Closed,2.2,idontknowjeffery,2021-02-14,2021,night
6BxhzevDe4Mzrabj9Pa1eZ,nightmares,3.46,hard life,2021-05-28,2021,night
7ATsfqjK198stLSKLAtx6P,Last Night Was Fun,2.09,Hannes De Maeyer,2021-08-20,2021,night
4Msk7xlJpA8akriaYP0P0G,Night Wash,2.8,Kid Tarô,2021-05-14,2021,night
1KSzXx0AGhraxFFYSVpi45,Wasted All Night,7.6,"Cold War Kids, Lucius",2021-09-24,2021,night
5vW67QZ5MPuE5oBQrEUkDV,Night Lines,2.39,Duan Wasi,2021-08-06,2021,night
7Frf5VcwEjHP54fclvWnFk,The Night Was so Young,2.15,Brian Wilson,2021-11-26,2021,night
0w3ku04EMw8TKHTioEwIef,That day was also night…,2.32,神前 暁,2021-03-25,2021,night
1QGJQknWktbJCXdgo20rU2,The Night's Gone (Joy Is Coming),5.88,"Brave Worship, Michelle Martin, Amanda Blankenship",2021-08-27,2021,night
6IoC5iWwNYEbzc9OOALlO0,Nah Neh Nah (The Night Was Young and so Were We Dancing),2.85,"Balkaneros Banditos, Haris Abdagic",2021-02-15,2021,night
1FvGhgw5vv5o5Hy8wv4DRD,Waste Your Time,1.3,BIGBABYGUCCI,2021-05-14,2021,night
2qI4Y0kXfh44jxS3rajpB1,No Wassup,1.98,idontknowjeffery,2021-02-14,2021,night
22E1XhnhvSi1NDbRmb5BDn,Hurry - Live,6.51,Kim Walker-Smith,2021-11-19,2021,night
5Ey9Dyk6hROyye9Yv1wqlM,Last night was terrible,5.81,Against Umanity,2021-06-21,2021,night
1sXE755hP0A1YKVevV1jvh,Lovely Night - 和声伴奏版,3.67,KIMAHYOUNG,2021-08-25,2021,night
5E2gwuCbDl30w4TbINzxwW,I Was Not Me,2.57,YuB Music,2021-01-15,2021,night
5l0s0VFBhuTUrQIiPqR7Jn,Last Night Was Crazy,2.84,xJERMx,2021-08-20,2021,night
2O8uQ0CbOaNo4BVFjG5HH9,Another Wasted Night,2.39,Greg Rowland,2021-02-28,2021,night
0ifjiUaChjRU4VYfhAGDHo,NIGHTWALKS,3.31,622WASAMISTAKE,2021-07-15,2021,night
3pTCrlfUeFduZKO97giXrB,Last night was a movie,2.42,Gysher,2021-11-13,2021,night
6y8bdNhz0AM5kN1xBrWEXt,Christ Was Born On Christmas Day - Harp Version,1.43,Harmony Night,2021-10-21,2021,night
73yXOxZAK9FymtlXDfLVnR,Late Night Jam,2.45,Wasted Glitter,2021-10-18,2021,night
6pYNq0ZwpPVazKzsqpf0G8,The Very First Night (Taylor's Version) (From The Vault),3.34,Taylor Swift,2021-11-12,2021,night
1KjHeNyp4SylZAUTNZj76O,Bleach,3.31,Hurtwave,2021-04-30,2021,night
3CCx4xeyrZQTONz6MvURaX,The Night The Lights Went Out In Georgia - Eric Kupper Remix,5.07,"Reba McEntire, Eric Kupper",2021-09-17,2021,night
1ULiRo0xT08EQeiZ5OyzmE,Sever,3.96,Hurtwave,2021-04-30,2021,night
19yvhZN9TaT5rbvRGG3V5y,Fever Dream,3.82,Hurtwave,2021-04-30,2021,night
0GGHxdy1mw6OcS2dVAH0es,The Sky's Awake,3.47,Drivotra,2021-08-20,2021,night
7j9JbtRbLDAzVeLCrOcd55,Dreamz,3.77,Night Heron,2021-05-14,2021,night
1CUQRJF4dKNodkDW0Q2rqn,Night of Heroes,2.41,Francesco D'andrea,2021-02-05,2021,night
0o0xvvWmCtMdnJ3F8FBurv,Here Comes The Night,3.53,Agnes,2021-10-22,2021,night
5BAgpDvIFoatAbV9Zcxaw3,Here Comes the Sun,2.86,Nora Van Elken,2021-04-30,2021,night
22JsQfo4RDvmKcUcSrKFQ8,To Sleep,3.7,Night Heron,2021-05-14,2021,night
5yzFpnMtSQGe7IrV5W8DHF,Strangerz,4.77,Night Heron,2021-05-14,2021,night
14G8g61dZX92L7Gr7VFjTO,Loneliness #3 (Night Talking),3.42,"Arcade Fire, Owen Pallett",2021-03-19,2021,night
1XUYX4CCKUZr5yF46Hr0HO,Feeling Moody,3.66,Kitty Sucker,2021-01-05,2021,night
0Pzj6exbM9eTRujQ65qQB4,Here We Go Around The Mulberry Bush - Piano Version,1.02,Harmony Night,2021-08-12,2021,night
1ZYSM8atvgiW5wGqSuuj13,1000 Mirrors,4.12,Night Heron,2021-05-14,2021,night
4oMw2Ot4acxXabaw2PI0NU,All Night,2.39,SixForty1,2021-10-22,2021,night
5RwaapSUxRCmRrwGa2BBWz,Leave Her Johnny,2.16,Colm R. McGuinness,2021-04-09,2021,night
1oZGgrbh5AWehJXtT5gQGN,Sleeping Boy,3.41,"Night Heron, Meernaa",2021-05-14,2021,night
3iLQ42RCWUurSrIUn14ogf,Here Comes The Night,3.53,Agnes,2021-10-01,2021,night
2AduHnWfcUxh0uPNM8eaAO,Without a Sound,3.76,Night Heron,2021-05-14,2021,night
5ilvvRDgyiSZK7WgfrnvEn,Night Time,4.38,MR TOUT LE MONDE,2021-04-09,2021,night
02WuMYlaN005GXiYTvKWAH,With Her,3.63,"Steven Richard Davis, Ego Affliction",2021-03-26,2021,night
5ihIszKFtNqzMTppWpZKwZ,Holding Out,2.84,Night Heron,2021-05-14,2021,night
1luHfWfDMKuyChaRCdogZd,Night Shade,2.72,Blu DeTiger,2021-03-05,2021,night
2zYb7W6urtAAn5cyJNJCzN,Fuck Him All Night,2.93,Azealia Banks,2021-07-07,2021,night
1rPfMWyaiR01TRfJBhv2a2,Nighty Night Piano Baby Lullabies,2.71,"Erik Himmel, James Culem, Heinrich Dawydow",2021-09-10,2021,night
3xyyeaoYINqf5sz75APzLY,Met Him Last Night (feat. Ariana Grande),3.41,"Demi Lovato, Ariana Grande",2021-04-05,2021,night
2ZcTqg8YdQitiypgKaPr3w,All Night Long,1.65,"1100 Himself, Mitchell",2021-05-07,2021,night
7zwEj3hEiAfRrwjFyIy3jQ,"Follow Him, For He Is the One",6.49,desert sand feels warm at night,2021-05-21,2021,night
2vzxqzVHZW8VP1Z4ZNL7JC,Of Him I Love Both Day and Night,1.07,Andrea von Kampen,2021-08-06,2021,night
3qyJxWoPj7NUXHrSsXam3X,Met Him Last Night,3.41,"Demi Lovato, Ariana Grande",2021-04-01,2021,night
1JJTcAtBMIA6B6QlzQxvM2,Met Him Last Night (feat. Ariana Grande),3.41,"Demi Lovato, Ariana Grande",2021-04-02,2021,night
6neeGbJ6ltyAWTjrKUBAlX,Met Him Last Night (feat. Ariana Grande),3.41,"Demi Lovato, Ariana Grande",2021-04-01,2021,night
4DUsBS8Fvzh2GHp6dfSLpF,All Through the Night - Instrumental,2.11,"Fox Music Crew, Rachel Davies",2021-04-10,2021,night
123HtD4BvbSW8o1RcxNzgM,toga himiko,1.66,"miyukicore, Nightcore",2021-05-07,2021,night
5YWpyaMcWAaWrl4pDNIBtK,"Good Night, I Hope The Future Brings You Only The Best!",3.2,Himera,2021-02-12,2021,night
2RLF6nxMtLozH4a4g8oPNt,Cabana Nights,2.06,"Teau, himood",2021-02-19,2021,night
442CGEyFJjdYfWd3OYvVbS,My Homie Flaked Crack Night (So I Killed Him),1.71,Surprise Privilege,2021-03-04,2021,night
1TYUdaUHGN1FxlqEOlRtPE,Night & Baby,2.26,arigarnon friend's,2021-12-23,2021,night
7pWTWCvjqbp363S5yFbT6j,"Good Night, Sleep Tight Baby Margaret",1.76,Daniel Tiger's Neighborhood,2021-03-26,2021,night
2xYNUzfvHS7JVyqklED9hK,Fight Night Round 3 (feat. Babyface Ray & Veeze),2.8,"Lil Yachty, Babyface Ray, Veeze",2021-04-23,2021,night
5dicIZvw7ZfWcEdASI1Dq1,Night Night Teddy Lullaby,3.71,"Itty Bitty Beats, Mr. Nick Davio",2021-08-30,2021,night
4TehOAdcxG96x2DrxOXAL3,late night (feat. Texako),2.91,"tana, Texako",2021-03-27,2021,night
3HXyjlHiL0IAeCwUDg6SqR,Sshhh Best Baby Sleep with Night Rain and Crickets (Loopable no fade),2.37,Dream Supplier,2021-12-23,2021,night
4h56sJaCNX2BJqu6A8OGat,Night Night Baby,3.18,Toddler Sleep Time,2021-12-05,2021,night
07vgjMh0cCjDQUbS29vaGq,Good Night Baby,1.99,Toddler Sleep Time,2021-11-17,2021,night
4ay6eeyAYLIDBWsR9JoKaa,Night Sky,1.98,Sarah Watson,2021-03-19,2021,night
30n0Wvn8Bdn0GWqsuLeGpd,"Good Night, Mr. Moon",2.14,Luna & Stella,2021-11-12,2021,night
6IWOK6kpbVSPQTMpTpl4gp,Baby I Got Your Number,3.52,Nathaniel Rateliff & The Night Sweats,2021-11-05,2021,night
2iCNC3QCWJ53H1AWnZikjv,night time,2.52,sleepy planet,2021-04-23,2021,night
4AyuF903Evw8I9J3ZtiCng,"Dark night, Sleep tight",1.09,Percy Erickson,2021-03-22,2021,night
1V7yECM1CBuWSMJqqj9RPG,Noises At Night,2.19,The Natural Healing,2021-11-23,2021,night
1BYso4RiH8TJXQqA374Prh,Peaceful Nights,2.12,Sleepy Shepherd,2021-05-21,2021,night
6Prcel5XODQO4MmnrdGS1r,New Day,3.54,Night Beats,2021-06-04,2021,night
6LvBMgct3B1E70ZjGmK9lT,New Wine (feat. Montel Moore & DOE),9.65,"Tribl, Maverick City Music, Montel Moore, DOE",2021-11-12,2021,night
2JY2aX7ba2xRp9SqWVYRPv,all i know,3.94,nightlife,2021-07-09,2021,night
54nDSCOMnkHNUedriQhGY0,Nightmares,2.05,CoachDaGhost,2021-06-30,2021,night
6xSMndtwKtRONt6zDJs9hJ,Night Singing,2.19,Sara Watkins,2021-03-26,2021,night
7mkW3PXRJqcjvPFtMeS5Oa,Of Night and Light and the Half Light,3.09,Peter Cavallo,2021-07-16,2021,night
359JZKZXlvQkSuhHxjop6A,Travelling Through the Darkness to Find the Light,5.1,desert sand feels warm at night,2021-05-21,2021,night
5mS66kpVZ4P8AGjYMbiD0L,Eternal Hope,5.53,desert sand feels warm at night,2021-05-21,2021,night
1ayrOU2q0K9xVt05CgMq2O,Seven Nights,2.84,Mysie,2021-05-21,2021,night
4Eb0wymGfZP4RvCyd3UrAh,Reset,3.32,"Arjuna Oakes, Serebii",2021-08-27,2021,night
7iGhIVDnzm4NQMrVH32ocf,ANTONYMPH - 2009 N3WGR0UNDZ V3RS10N! >3<,3.2,Vylet Pony,2021-06-10,2021,night
3ZkyHY542z5o74Q5IGUJqI,New York Nights,1.32,"Chillski, Oble, Jamania",2021-08-20,2021,night
2AHt1XlrqAIUpXs1l9psqn,Night Changes,2.76,Gustixa,2021-12-06,2021,night
3kIaZnczSu1uoCQ78P7TxD,Night Visions,3.92,Thirsty Ear,2021-01-01,2021,night
5At8DuRmHuHW4IrQIquiwj,Night Sky,5.72,Pier-O,2021-12-07,2021,night
1z6vDUadDx88uLGJOEniee,Nights By The River,4.53,Logan and Isabel,2021-07-13,2021,night
4z9obgtFzinZXBpwG8Flik,Nightingale,3.8,"Panuma, Kayla",2021-04-23,2021,night
5yBpGbUChxtLbO7TaT6D9K,Night Wish - Central Station Cut,3.96,Pascal Dubois,2021-06-04,2021,night
09boptRHJgLXywOHXssMey,Nightshade,4.82,Andrew Belle,2021-08-20,2021,night
0ZzE3KupbceBjr17DMhWAo,Night And Day,3.71,"Tony Bennett, Lady Gaga",2021-10-01,2021,night
5pEmeoMUW38w1oU3kPelvR,Spectrum,4.43,Andrew Belle,2021-08-20,2021,night
5fSAmsVuJ7hvVLNGLHR7tt,Nightcap,3.25,Rian Milo,2021-06-30,2021,night
7rawH9tbFhqEIJFkmzIdhB,It's OK - Live MHS Studios,4.08,Nightbirde,2021-02-12,2021,night
6GHOiik1335S46JURZxrf4,The Nights,2.99,Micky,2021-11-12,2021,night
7EeG6iNjAZDpbDs7Gt0BtD,I Still Love You,5.14,NIGHT TRAVELER,2021-04-23,2021,night
6FHK2Nn3oslKD3RDUEPyys,Old Friends Anew,4.46,Tobias Lilja,2021-02-11,2021,night
3DbZbbS1INRIzddmKTMdMA,Arabian Nights,1.84,"Jonathan Young, ToxicxEternity",2021-12-07,2021,night
77Yx7wLaL6y5FnumkggKXp,Anima Libera,3.19,NightcoreMaker,2021-03-12,2021,night
2Gr5F4OEcRjACWfhPFYslb,The Night,3.32,"Von Mondo, Volpe, Klub Rider",2021-04-23,2021,night
3d8kYb3GqZkiHb6annxKEo,Swimmers,3.02,Andrew Belle,2021-08-20,2021,night
2W1MnubGwsVNgFMZPhM16h,Numbers,4.14,Andrew Belle,2021-08-20,2021,night
22p670QoPmZnm3vsEu4bze,Nightmares Never End,4.67,"JT Music, Andrea Storm Kaden",2021-04-11,2021,night
6oCE5vypkFZUDIkfEPdxON,Lost Angel Nights,3.99,James Blake,2021-10-08,2021,night
0erjjRw2XQti6uQqxMs9n8,"Never Lost (feat. Joe L Barnes, Lizzie Morgan & Melvin Crispell III)",13.23,"Tribl, Maverick City Music, Joe L Barnes, Lizzie Morgan, Melvin Crispell III",2021-11-12,2021,night
5gQ4mJ5rp2pRpxiZHjtVZD,Lost in Transmission,3.2,Tobias Lilja,2021-02-11,2021,night
3wJZFlAv0LyczbiqZI2bX1,The Night Pat Murphy Died,3.6,Gaelic Storm,2021-09-17,2021,night
4IG9m8BfwmX7pCeVROLDpp,Late Night Lost Love,3.64,Paris Youth Foundation,2021-07-09,2021,night
7gm9AdEGpHg47djO9uqJHL,Lost Cemetery,2.98,David Fenn,2021-10-19,2021,night
1khoUOmYG1UMAHDdu0ndXN,Night,1.83,Josef Homola,2021-08-27,2021,night
6HEg9gjTgBDXpX92ViB2eV,Lost Heart,4.37,YESUNG,2021-05-03,2021,night
16G0Qan7xvfuuZRAITas0B,Lost,3.47,Jake Bugg,2021-08-20,2021,night
4zzKG9mvJSdRB1iVYRcy2l,"Casino Night (from ""Sonic 2"") - Lo-Fi Edit",2.35,"lost:tree, LoFi VGM",2021-10-08,2021,night
7IrcWNrpA9KXP0KgulfHKe,Night - DJ Lostboi Remix,4.34,"Planet 1999, DJ Lostboi",2021-01-06,2021,night
3FbT5gdwdXGV2fguR4eGCG,Break Through The Night - LOSTWIND Remix,3.65,"KEPIK, Emma Chatt, LOSTWIND",2021-04-14,2021,night
2r7An3Wv6XWjmjlQntO4dS,Edge of Night,4.83,"Pentakill, Jorn",2021-09-08,2021,night
0jpJoWMxvDz0ANx04Xh11y,Night and Day (Ocean Waves),1.75,Josef Homola,2021-02-14,2021,night
4iLW8VzsHOQKXRxdEtk46J,Night and Day (Sunday Mornings),1.76,Josef Homola,2021-03-26,2021,night
6QCmC9Hyep93mphTOVUReu,Night,2.52,Lukrembo,2021-04-18,2021,night
0k8meHpft0qkes09wCSk6P,57 Nights,2.41,Lil Double 0,2021-05-21,2021,night
4SAXZ2ahEwqmqDZFjmZAXz,57 Nights,2.41,Lil Double 0,2021-09-10,2021,night
3s768KxqbbRHoOcIt4FDSN,Imagineering,4.58,Nightmares On Wax,2021-10-29,2021,night
6fRMdlunk5mtH094NCHzvg,Saturday Night Interview,3.29,"Larry June, Cardo Got Wings",2021-09-24,2021,night
26ka7pzhIonUoQFYjB6PbG,Free - Single Version,3.66,Parcels,2021-11-05,2021,night
6ibowjL8cVEKvXSFmlBAsv,Saturday Night Freestyle,3.1,Propain,2021-02-01,2021,night
4f9kwilytNvDTbS7RKPNnQ,Freestyle,5.01,"D12, Emile",2021-06-18,2021,night
4Kr3Agc2V9Nr6xbGMfvDKm,Free Thoughts,1.63,"Baby Sleep Sounds, Baby Sleep Through the Night, Sleeping Sound",2021-04-19,2021,night
1YZfvcjklYxsd4WPJ4Wlms,Sauce Mode,3.32,DJ.Fresh,2021-03-05,2021,night
10KedyVcM6Xl7cMBVbcMtv,Isolated,4.22,"Nightmares On Wax, Pip Millett, Sabrina Mahfouz",2021-10-29,2021,night
6v9s3VC6AEWY6fcpttpQUv,Free Form - Night Edit,2.39,Alex Lustig,2021-02-12,2021,night
65HKS9PBLtay3aYVj7mH7K,AllThruTheNight,2.69,"DJ Grumble, Dr. Malcolm Lex",2021-01-07,2021,night
6GbOyB2RTcyFFp2EryEaPp,Own Me,3.62,"Nightmares On Wax, Haile Supreme",2021-10-29,2021,night
6AyF6EkfLHufgTW2iKRooa,Gas Station Run,2.96,"Larry June, Cardo Got Wings",2021-09-24,2021,night
4xuoZzmW07K2zCl8bGzOen,Friday Night (It's Not Right),2.83,"Bruno Be, Kiko Franco",2021-10-22,2021,night
6hYCfPj6jVBmWNvg2GVHMQ,Summer Nights,3.12,Monroe Flow,2021-08-06,2021,night
00UG0v2b3mPPo9nJj4yMvg,Dreamy Night,2.11,Sleep Fruits Music,2021-02-05,2021,night
7ETnYWT8EvUpnPgLwC64KK,at night we fly,3.72,nowt,2021-11-12,2021,night
4AIaSod5XuXDApmMv1ATqr,Speak Now,3.62,Leslie Odom Jr.,2021-01-05,2021,night
7FGlDp3HTSjN8eBm9ARuwL,Goodnight For Now,4.02,Brandon Lake,2021-02-05,2021,night
3zkd3TQ3dEWbyrOXZHbfis,A Change Is Gonna Come,3.03,Leslie Odom Jr.,2021-04-09,2021,night
1oa3hrIF9ojdb5X6TreGO3,Up All Night,3.28,GHOST9,2021-06-03,2021,night
2gXYLIrLrHVViRCnbh8kCQ,NowIcaresomemore,2.99,Parcels,2021-11-05,2021,night
2B9ggrfvxBGjdBL2vZ4Ne5,Nowhere,2.0,Alx Beats,2021-10-08,2021,night
2kTEfe945y7wLHse1XH9dL,For No One For Now,4.51,Lael Neale,2021-02-19,2021,night
64agmfQqberVbGjkj2x5GJ,Hot Rainy Nights,6.02,Sonic Atmos,2021-01-24,2021,night
3t4vuDXipURALFQfXDD2ja,Let Me Know,4.43,Aurora Night,2021-12-24,2021,night
31Mgb7NxAnQjku7ngSOWl0,Speak Now,3.64,Leslie Odom Jr.,2021-04-09,2021,night
3K9EZrf0dhVGZpiqQumTzP,Now I'm In It [HAIM Cover] - Friday Night Firefight Rework,3.77,"LAU, Friday Night Firefight",2021-02-12,2021,night
0qncvl7OHDnHH928h8cJf4,nightmare - live,2.97,"nothing,nowhere.",2021-09-03,2021,night
6ef4o0TSZXjj7T4M7bEuAc,Better Now,1.56,Harmony Night,2021-04-07,2021,night
3rl82QLk1eTn8xTqJLHwKs,NOWA 5 (NIGHTMARE ON WORTMAN AVE 5),3.01,Ace NumbaFive,2021-12-28,2021,night
6dY0zDQ86Bh8mcSFDd140q,O Sacred Head Now Wounded - Violin Version,1.43,Harmony Night,2021-12-20,2021,night
5MDe4hKNODhHRuYvU21XEh,Now You’ve Really Done It,3.2,"Greg Puciato, Tyler Bates, Gil Sharone",2021-06-18,2021,night
4htAod9OET8Q8QIkYOehej,Sultry Nights in the Jungle,7.08,Sonic Atmos,2021-01-24,2021,night
54ErSqElKplL17iC7jwCq2,nowhere fast,4.45,"wishlane, Aaron Kusnier",2021-02-09,2021,night
4w3JNKHnuBMsXW1iowcgUN,Night Light,2.63,Henry Jackman,2021-10-15,2021,night
6Kxk6a0TzJoLzwWozyEu3F,Nights Gone By,3.05,eAeon,2021-04-30,2021,night
3eB4G1mLHOavGIwau0ybD1,Night's All Gone,3.04,"Stone Van Brooken, Cactus Kid, Angie Robba",2021-02-26,2021,night
4ol09Shpy5fbyJRRbmgktx,Gone,3.6,"Zerb, Ian Urbina",2021-03-05,2021,night
42LU7k1PZX5luduO4dX2rd,Dead and Gone (Security Breach Song),3.13,"Knight of Breath, Jacob Cass",2021-12-21,2021,night
0VKBbp7XaFryOszus3TBRp,Yonaguni - Piano Version,3.63,Life In Legato,2021-06-11,2021,night
0EU3Rte0I3ohCbTwJyDyAC,Gone Girl,2.74,Paris Shadows,2021-10-22,2021,night
4QfBWnHMmnwAer7cztxgvb,Chasing What's Already Gone - Live,4.79,Mary Chapin Carpenter,2021-08-13,2021,night
2MHXFIbEU44j7VsIJP1fFg,Die Tonight,3.91,MOE Beats,2021-08-23,2021,night
02GdtyV7c385Zi9t8IsHSW,Gone For The Night,2.73,"Delara, ADAAM, Robbz x Brookz",2021-11-19,2021,night
5JqMeUEFJFfx8hP6rt6SsM,Love Has Gone,2.14,Serater,2021-02-05,2021,night
1XhtqIXQetgDxmWRnKdMuV,The Night's Gone (Joy Is Coming),5.88,"Brave Worship, Michelle Martin",2021-11-12,2021,night
4UNc2U8QuIdXpRSWGv7AOk,Gone By A Mile,2.86,Night Peoples,2021-03-10,2021,night
1bcGuy52VZmLsNtGoJ7KMl,Even When You're Gone,3.61,"Arjuna Oakes, Serebii",2021-08-27,2021,night
0qJe4jEHunNBmeMzEqr78l,Gone,2.77,A.L.E.K.S.,2021-04-29,2021,night
4FBakpuWUMqvW3Xp1lJmK0,When It's All Gone,2.78,"H.1, Hevi",2021-12-04,2021,night
5X5rCZ01qGJAxsbYk2b00p,Robots Gone Wild,2.62,StreemTunes,2021-08-16,2021,night
3G7DRfcPEoKBdjQ9dFTYG8,"Holy Day, Holy God, This Night is Falling Apart",3.74,My Guitar Is Trying to Kill Me,2021-02-27,2021,night
36FtNatB8RHpJ0EDqI47Mj,Back Around,3.33,Late Night Radio,2021-11-12,2021,night
0MU1WS9OJOK7ZfP2za9s3E,Back Tonight,5.25,"Miguel Migs, Martin Luther",2021-06-04,2021,night
095cYySptyWQFL4dvBGlzd,Don't Come Crying,3.47,"Tryhardninja, Andrea Storm Kaden",2021-06-17,2021,night
1I9Jd9Enr6PJRBuMaYC8fE,back off!!!,3.57,"Jane Remover, kmoe, juno",2021-02-09,2021,night
6W1CYXq9pGEnNNCCW62xu8,Comingback,5.19,Parcels,2021-11-05,2021,night
524kQ02quVZjASjeswpieG,Land Back,3.41,"The Halluci Nation, Boogey the Beat, Northern Voice",2021-07-30,2021,night
60ijYFuLW4yIWMiHaoqfHg,Purple Night,3.42,Los Retros,2021-04-30,2021,night
72vBqoS0OWr7ad6QifmeRo,Backboard,2.21,Young Slo-Be,2021-10-29,2021,night
1ZF747WWzQNJqqgXuhN8aS,Back to the Hop,2.13,Danny & The Juniors,2021-03-19,2021,night
5pYl3ThuGxFGbR7sdi9DOl,The night back,6.56,Tuccillo,2021-12-28,2021,night
681HaqnUav5a2jb0MPKcAD,Last Night of Your Life,3.81,Tryhardninja,2021-06-17,2021,night
45FB8Go44Mlzu99y9YOoQb,We're Not Coming Back,3.63,"Tryhardninja, Jordan LaCore",2021-06-17,2021,night
2Bn9YGe7OVi59mCD5dt0We,Salvaged Rage,3.38,Tryhardninja,2021-06-17,2021,night
1zEekvEjXdZbD86o8tSx9l,All Day All Night,3.35,babychair,2021-03-25,2021,night
6hsjthNr2chAMLTZ527fur,Back door bliss,3.45,"bliss3three, what even",2021-06-18,2021,night
12xfoDYIisiEQcZoTuYVoN,Living In The Night,2.75,German Club Mafia,2021-04-30,2021,night
46BXct6V1n2YmjIO0BNkcq,Back to the Grind,4.86,"STRNGR, Destryur",2021-10-29,2021,night
6Z4au4V6reG130oGNDnXfU,Comingback - Single Version,3.6,Parcels,2021-11-05,2021,night
4B9spQ35vuWVJqZieWuA78,Back on Stage,2.39,Brewing Up,2021-02-01,2021,night
5xVyNyyUzhRJNzXiUbJqe1,Night Falls Again SHZ 509,2.21,"Laestadian Lutheran Church, Kaitlyn Huhta, Liisa Keranen, Laurel Loukusa, Karen McAdams, Ashley Niemela",2021-09-09,2021,night
6Cw0xe9fg3RooTKHG7EXXT,Again For The Feeling,2.82,"Saturn Night, Alien Cake Music",2021-08-12,2021,night
6QhYBbhtYo04e5nzNN6cS9,Midnight Again,1.24,Harmony Night,2021-05-09,2021,night
1rKeyMwrCozFfUL3A6lxwX,All Night and All Night Again,5.65,Chloe Frances,2021-02-14,2021,night
5rSc4cCcJ2nk8CsAGrHpfn,Nighty Four Again,1.92,"June Jissle, Heyssis",2021-12-23,2021,night
6XmfCIEMyRqpsKMkuNKlQD,Tayla (every night),1.09,Fred again..,2021-11-19,2021,night
1hV9DveEM5YAt2Gbxp8S1K,Against Me,3.2,"Young Buck, Oskie",2021-07-02,2021,night
06Vgo6FvhRCW6hMtJoWqag,What's My Age Again?,2.5,blink-182,2021-02-19,2021,night
0ymYBYEiXIXinZqdDj6rF6,"Dhoom Again (From ""Dhoom:2"")",5.05,"Pritam, Vishal Dadlani, Dominique Cerejo, Asif Ali Baig",2021-05-04,2021,night
6fMX7r8qFVzrWAwVOb1hK6,A Midsummer Night's Sweetness: Summer Again,3.84,"San E, Raina",2021-07-05,2021,night
3epj4UXJQ3FGmZtoSDOHPx,Lonely Night,4.01,"10CM, Kwon Jin Ah",2021-04-02,2021,night
1RZlL3lIozt9OpnwIeJX9H,Rain Against Window,2.18,Watauga Sleep Institute,2021-05-01,2021,night
4jyhg6r1AbrGEDrU22zcc9,Against,3.49,Red Lips,2021-09-08,2021,night
6VQdk3lPOMH7bmZCTQbOW5,Night Job,3.32,P Yungin,2021-07-23,2021,night
1hWNla87M2KjWn3A0buaWT,"Angry Again - Live at Obras Sanitarias Stadium, Argentina, 2005",3.61,Megadeth,2021-11-26,2021,night
76lkARZbwZNELtEmsoutn0,..and then she drifted off into the night never to be seen again,2.2,Pouter,2021-04-16,2021,night
6ih36uvkEAEeoafiQJQBCm,Over and Over Again,2.41,LiL Lotus,2021-08-20,2021,night
2R4dbJm7lSpLsp88Grv7bF,Nightmare,3.27,EBK Young Joc,2021-07-23,2021,night
1zoOwFhan6c1q0en6wg96r,Forever Alone,3.38,oskalizator.,2021-03-05,2021,night
6nqDpT0gNLCGqQmawhs233,Can't Run Forever - Midnight Version,4.46,Vacation Manor,2021-12-31,2021,night
3zfcTd6cgWyWkgHHNj6FHT,Forever I'm Ready,3.76,Jeremih,2021-07-30,2021,night
1vIE4QWA6u35hzGT0phoXy,Forever & Always,2.69,"Original StarKid Cast of Nightmare Time, Robert Manion, Mariah Rose Faith",2021-02-08,2021,night
62AD9i6STX9ahXbyer7t6n,Nightmares,2.35,Road Runner,2021-02-11,2021,night
39M9CbuMOulER3bLE5NVNS,Cloaked in Nightwinds,11.25,Worm,2021-10-22,2021,night
6Seqgr2jRDam2k0TH1aJSD,Nightingale,4.51,Forever Grey,2021-09-24,2021,night
17bN4Thu7h8krcEFpU7rln,Nothing Lasts Forever,2.12,Tobias Lilja,2021-02-11,2021,night
0hb0HzCN9gWgXNKuhmkcs7,We Left Forever,2.49,"Saturn Night, Alien Cake Music",2021-09-17,2021,night
2K56KY6g73M15MMQ2742py,My King Forever - Live,6.84,"Kim Walker-Smith, Molly Williams",2021-07-16,2021,night
0Zp0XduUOOGgQAfeaRaY2J,goodnight,3.25,tr!stan.,2021-11-24,2021,night
4OCky2lAYGUSkgJVcp3XYB,Girls Night Out,1.85,UpAT2,2021-09-03,2021,night
0L8uKyQFShC68d3W23Rgyu,"If The World Ended Tonight - From The Netflix Film ""To All The Boys: Always and Forever""",3.94,Jordan Suaste,2021-02-05,2021,night
4nTpT4B33lK9C6qycn8ZCI,Friday Night Forever - Ha2f Magic Radio Mix,3.24,Sonny O'Brien,2021-04-02,2021,night
163RjNjwNjFO8xXUFMxV3M,Night Tonight,6.26,brworkstudio,2021-04-01,2021,night
5KRY2UxuFPXmQNMmKwj5aW,Stay Tonight,3.62,CHUNG HA,2021-02-15,2021,night
5PJ7hsxWicywZjmZhD7rRs,In the Air Tonight,2.9,Natalie Taylor,2021-03-29,2021,night
0UqZcTrLXpk2ncYeAXbfDL,Party Tonight,3.38,Big K.R.I.T.,2021-08-13,2021,night
4Z5Bwienk09FUgwsMlsPwJ,Where U Goin' Tonight?,4.39,Mac Ayres,2021-01-08,2021,night
2EXrjV3snBMPXgamPOwh03,Late Night Tonight,2.77,8D Wave,2021-11-17,2021,night
5gRPyH3RcOp232i1YwgTVJ,Night Like Tonight - reimagined,3.09,Ben Caplan,2021-10-15,2021,night
6LYSM1J4sSu68K0c2gj8e4,We Are Tonight,2.38,"Pulsedriver, Tim Savey",2021-06-11,2021,night
1eKc7QMn8D7FkHlJsmNUBO,Lady - Hear Me Tonight,2.75,"Avi Snow, MVCA, Cairo",2021-02-12,2021,night
1U0cCrP1EhDFlmB6CTRh5O,Teach Me Tonight - Live On Jools Holland Hootenanny / 2004,3.3,"Amy Winehouse, Jools Holland",2021-05-07,2021,night
2Ei6wXJdIcrKxIQ11v8OhW,It's Gonna Rain Tonight,3.6,Attono,2021-06-15,2021,night
0cCDdo4oMgIR1zuud6J7jL,Night Dream,1.48,DeadJxhn,2021-12-20,2021,night
06pNtKW4aIC74Nilq7u0D3,Night Dream,4.13,Vaures,2021-10-01,2021,night
6TgaWH22gFMfJ7hhAMYIp8,Night Dreamer,3.43,Into the Bliss,2021-05-27,2021,night
1CPW7yl1RArIsqpnNSc1Ev,Night Dreamer - white noise,2.33,Into the Bliss,2021-05-27,2021,night
4F00BHvoYuKwWjBMOEqX3L,Nightdrive,4.14,VHS Dreams,2021-07-02,2021,night
6eoQPNPGH5Qa30JHHV5QV1,Night Eyes,3.98,The Orion Experience,2021-10-22,2021,night
5xMAbSaVPnupuCC8mZEUHb,Dream Your Dream - Female Version,3.88,"Tryhardninja, Lunity",2021-06-17,2021,night
1Jzis4f5FmXOd9TxtlZ2SO,Night Dreamer - spa,3.61,Into the Bliss,2021-05-27,2021,night
1idLjitWpAsEX08tSfivaU,Night Dreamer - meditation,6.84,Into the Bliss,2021-05-27,2021,night
1f8AdpkfhYQgf27xC0HEJH,Night Dreamer - rain,2.48,Into the Bliss,2021-05-27,2021,night
0yN6WW3Icvw3847Xab21zt,Burn,3.63,NIGHT TRAVELER,2021-04-23,2021,night
1afEbbD4hZvdA5orDq1sPj,"Same dream, same mind, same night",4.13,SEVENTEEN,2021-06-18,2021,night
49MQ3Njqx7mDpYnqcLTGk7,"A Midsummer Night's Dream, Op. 61: 7. Nocturne",1.83,Nokto Music,2021-09-17,2021,night
0JXyO7hD7m3UZM5azgPtwp,Night Before Dawn,4.24,Derivakat,2021-08-18,2021,night
5TMD4Unp7dw2RQHTRAYhQ5,Heart Of The Night,3.32,Eric Church,2021-04-16,2021,night
40IvMLKoimSSXQDtt6sMvR,Night Light,4.49,Cold Cave,2021-06-11,2021,night
4hm3ovX2Tw6x5mqNqyNeim,"Heart of The Night (Inspired by ""The Witcher"")",5.65,Divide Music,2021-12-16,2021,night
4mLb4iKTAHDuSsZTq4w7iK,nightexpress,2.68,"Kim, Øneheart",2021-11-26,2021,night
6uXsrNgTzO48L2XWYSsjSu,Another Night,4.03,Phaserland,2021-11-03,2021,night
5pyhIWPadgLLcszmOFaPIi,nightexpress (Slowed + Reverb),2.9,"Kim, Øneheart",2021-11-26,2021,night
4S61z1zbkoyFOrkt2XqYIZ,Night-Sea Journey,4.47,The Used,2021-09-10,2021,night
5VEaabNRxqUNtcdYSssHVY,Night Heart,2.86,"Acid Arcade, Phenyx",2021-06-20,2021,night
4Og25OB0zTkVuHSdHX48Pu,Last Night,2.7,Fresco Trey,2021-10-01,2021,night
42bZq7YzcIsrIpbQesd5nh,Hypertrophy of Heart,5.01,"Enamour, Hydrah",2021-06-25,2021,night
6vdvUKp70aG9la4xdYHQBX,"You'll Be in My Heart (From ""Tarzan"")",4.26,John McClung,2021-09-27,2021,night
1GG9V5AeKwgT4OFkAD6Buj,Practical Heart,4.06,"Bryan Aspey, Quantum Lovers",2021-03-26,2021,night
5mNTDXTEV1oFIPIGVtxEGz,Friday Night,2.4,imjustdave_,2021-11-29,2021,night
6I8wamEFhbzBKz37UFmNM1,My Poor Heart,3.58,Andrew Belle,2021-08-20,2021,night
16W41WXeERVm8onloS9amy,Only Son (feat. 37 Heartbreak),2.98,"Konrad OldMoney, ChickyChickas, 37 Heartbreak",2021-03-26,2021,night
5bUD9vJqZjvlOzepOz49Bl,Night Soul,3.04,Uffe Jörgensen,2021-07-06,2021,night
6jGAh1bFnXt1Muj9zeHveZ,After Last Night (with Thundercat & Bootsy Collins),4.16,"Bruno Mars, Anderson .Paak, Silk Sonic, Thundercat, Bootsy Collins",2021-11-12,2021,night
1SJ7eKG6Ha5opLNxlXXvwa,Lonely Nights,3.33,LEISURE,2021-12-03,2021,night
496vIKS2INz840xZaKncvR,All Night Parking (with Erroll Garner) Interlude,2.7,Adele,2021-11-19,2021,night
5bxRdMqrNqD5ZpXya8JOTf,Night Drive,3.57,Sam Wills,2021-06-04,2021,night
1MvIzSyxQjMIIBKrkGpN3K,Get Down Saturday Night,4.03,Oliver Cheatham,2021-02-12,2021,night
1Uxti0PEEdieT526B8dAxZ,Somethinggreater,5.36,Parcels,2021-11-05,2021,night
4ZfVzyCrKq3xIH5AH8VJzO,Soulmate - Violin Version,1.24,Harmony Night,2021-09-02,2021,night
2565zrwkcli0D88IVw2rCg,Survivor,4.03,Nathaniel Rateliff & The Night Sweats,2021-11-05,2021,night
543XF3bPBrsiKeWysjOmED,Soulmate - Cello Version,1.24,Harmony Night,2021-09-02,2021,night
2e7JKTwxvdBj5PeuXVVem8,All Night Long,5.37,Fallon Jennings,2021-10-22,2021,night
3Pfalb3fHDKpCvt05ZJraQ,The Light,2.99,"Jeremih, Ty Dolla $ign",2021-02-12,2021,night
78c0x8KQJKzaUm8QGtI92Q,Night,2.16,Artier Manuelsen,2021-04-21,2021,night
0E3VonUYzuuZDgxWx3xsP8,Restless Nights,4.81,"Miguel Migs, Martin Luther",2021-06-04,2021,night
2jkFUmgY0ugY03zVaVjF1X,Nightmxre,2.61,VICE MONRÖE,2021-07-30,2021,night
0EvZksFiDpboeG4UVaIvJa,Theworstthing,3.07,Parcels,2021-11-05,2021,night
3JJcAW8pejaKcZG0MOL4Uq,Soul Space,1.26,Harmony Night,2021-05-27,2021,night
