Track_ID,Track_Name,Duration_Min,Artists,Release_Date,Year,Query
5mAGsieQbw180sYdL3RMKk,Love Somebody,3.41,Morgan Wallen,2025-05-16,2025,love
6sGIMrtIzQjdzNndVxe397,So Easy (To Fall In Love),2.82,Olivia Dean,2025-09-26,2025,love
2XyjqBGEClpj4kBx6kv4kI,Love On Hold,2.97,"Lucas & Steve, Oaks, Jaimes",2025-09-05,2025,love
0aNPB23MLFcGGYaMNN7DCf,Love Songs (feat. Kosmo Kint),3.31,"Prospa, Kosmo Kint",2025-10-03,2025,love
4nwjvcUjV7cexhwA40Bh5i,Lover Girl,2.74,Laufey,2025-08-22,2025,love
35eK52MQkpWLxwyIAGKKXT,LOVE YOU,2.46,Nono La Grinta,2025-10-07,2025,love
4ACbff3fw2FkJ0xtJWilck,Love,2.94,Burna Boy,2025-07-10,2025,love
6jUijp6Ic3AyRBSV2CaWOt,Lovin Lovin,2.26,Kaya Imani,2025-10-31,2025,love
5ITV0zqzjOYfFWpW0xBmRa,Show Me Love,2.95,"WizTheMc, bees & honey",2025-02-07,2025,love
7u3BVQ9DG1KA9c3Q8W3BLr,Love In A Bottle,2.07,"Hazbin Hotel, Keith David, Lilli Cooper, Kimiko Glenn, Krystina Alabado, Sam Haft, Andrew Underberg",2025-11-19,2025,love
7ftKHLwWvWJe0GstyI88YR,lovesong,1.79,Kai Angel,2025-06-27,2025,love
1mEQbSq0PCNjyL6oMgHKFQ,LOVE SONG,2.87,Justin Bieber,2025-09-05,2025,love
5KP2SYUSHbLbLsjw40VeH8,Piss (A Love Song),2.5,"Hazbin Hotel, Alex Brightman, Krystina Alabado, Blake Roman, Sam Haft, Andrew Underberg",2025-11-19,2025,love
40omREcnBxztksjO7XTnP8,A love song,4.25,Bruce Willmington & Co,2025-12-19,2025,love
5O0nuoZ8XdDCAxOedAUrNt,Love Song Lullaby,2.41,Rohan Bhasker,2025-10-03,2025,love
1zArTa4SIVhech5bHzzxeh,Love Me Like You Do,4.23,Ellie Goulding,2025-05-02,2025,love
7usqgT1ajVAJ3s0wXePtRr,Love Me To Heaven,3.44,Jonas Brothers,2025-03-21,2025,love
6EiUTFWcpoabMxZ5KBLGuB,Love Me Better,3.11,Dual Damage,2025-03-06,2025,love
1rAN6jiPiwHrb88vYi90Kz,Love Me Like You Do,2.28,"HORT2N, Skye, Tanlines, Liliia Kysil",2025-06-13,2025,love
0qCjAKgWrgThs17aU0a6P9,Love Me To Heaven,3.44,Jonas Brothers,2025-08-08,2025,love
5Y59CX9ljCVSKtxQ0MuQM7,Love Me In Slow Motion - Live In Het AFAS Circustheater,4.03,Quido van de Graaf,2025-12-24,2025,love
656AwjrzjhMmeoQioJ0xDK,love me less,2.92,Jessica Baio,2025-08-29,2025,love
3MFtyOhXo1IPQApVpqC8mD,Love Me Today,5.32,Chizuka,2025-11-26,2025,love
006oXsuHY7SzR8qeX40nUp,Love Me Not (feat. Rex Orange County),3.14,"Ravyn Lenae, Rex Orange County",2025-03-18,2025,love
4hrTmm1tJVYn7WfM1vyGug,Love Me Again,2.39,KAOS,2025-12-05,2025,love
5I3l2Hl7VaOpRGwiqDKDrh,My Love My Kisses,6.29,Chevals,2025-10-03,2025,love
7t1SuBddByBghdAD47acYa,Damn I Love Miami,2.69,"Pitbull, Lil Jon",2025-09-12,2025,love
5DknQJJ8T6Td0z4CpfOrXH,Love Myself,3.36,Bradley Marshall,2025-07-04,2025,love
3RYvTgqulH7Iz0ZfhhflbO,How Am I Gonna Love Myself,3.3,"The Indien, Marcel Veenendaal",2025-10-02,2025,love
0jm3RKOs902yhRAInjn7Lk,Barcelona (Learning to Love Myself),3.29,Rikas,2025-02-07,2025,love
4KTiumX0Lz3edDqxVZuYpy,my love my love my love,2.64,yung kai,2025-09-26,2025,love
5afL9JeWbEWcs90XEYTHg5,Can't Even Love Myself,2.12,Limelight Sound,2025-12-19,2025,love
5tGhe8VgcjJgSdJZox5Ur0,Love Of My Life,2.93,Chef'Special,2025-06-26,2025,love
1CqcGbXZrpJJygqUM8PW05,My Heart,2.87,Odeal,2025-07-11,2025,love
1k43yZUlrZlWLlLSE9HSFC,Love of My Life,2.33,Goratie,2025-08-29,2025,love
6IcDCxtFiJ9aOfhEMlhHXn,I LOVE YOU SO - Nvns Edit,4.21,"HUSSVRX, Nvns",2025-08-04,2025,love
5vcbHXyzr5Zoc8xIHqioU6,I Love You Always Forever,3.06,"Kai Sol, Sunset Chasers, Emily Dawn",2025-09-26,2025,love
00IIdn5ik2M1Qcjk495QBl,Love You Better,2.94,Zaytune,2025-07-13,2025,love
7sqnVoTweuQofjz32gmDQl,Love You 'Til Death,2.68,Forest Blakk,2025-02-14,2025,love
207dfb0a7snbkcTuEfQHR0,Love you so,3.48,Vivi Jay,2025-08-24,2025,love
7mhsDo1g4jIVxVaHSqChQ5,I LOVE YOU SO JUMPSTYLE - Slowed,3.15,HUSSVRX,2025-04-13,2025,love
2Da4R63vIvr5FSGjXaO7Ap,Love You So,2.07,"Horizon Blue, Carston",2025-03-14,2025,love
44kZxZbdmhfr6sK4Bxkiv6,i love u.,2.05,wiv,2025-04-11,2025,love
23gaHIP1KUrmQ7Kc65W3iu,Love You Always,2.4,John Sun,2025-08-08,2025,love
3FalZDi95sW3TW5JvOFsPc,Love is Gonna Save Us,3.44,"ARTBAT, Benny Benassi",2025-03-21,2025,love
0IKPdXmMg7I53OLelBYwh9,Love Is A Stillness,1.91,Sam Smith,2025-02-14,2025,love
6a7PmyP5DI0pcxzggmayAW,Love Is The Answer,3.32,"1991, Mugatu, Mali-Koa",2025-07-18,2025,love
7x5RhTT2bzS6CCQFeNb5HU,What You Need,3.9,Tems,2025-11-21,2025,love
6TnCfFPnHT6Zy1a0mo9zam,love is a knife,2.79,Artemas,2025-10-24,2025,love
46XtsFriNQjGM5enGQViSQ,Love Is Like (feat. Lil Wayne),2.92,"Maroon 5, Lil Wayne",2025-08-15,2025,love
20W4LOoKEZ8k75OPvJJDx9,Love Is Like,3.6,"Omar, India.Arie",2025-06-06,2025,love
2U6nirXZWhSFFe1NfFQ7Ly,Love Is Eternity,3.56,"Armin van Buuren, Agents Of Time, ORKID",2025-06-27,2025,love
5WcQ5AwCp9mSqpsul6ccx4,Big Daddy,2.77,Tems,2025-11-21,2025,love
7GRzxomd2VpEHgoZBzHs3H,Love Is A Drug,3.34,"Armin van Buuren, Anne Gudrun",2025-06-27,2025,love
4LiR1sqqRtkP9p2pphTaCH,Love Was You - 1940's Jazz Retro & Vintage Jazz Bar,3.46,Elowine,2025-09-22,2025,love
321yySUTzRXUbzkRTeTzDB,Wasted Love,2.75,JJ,2025-03-06,2025,love
5nwELp4fG6wgnCHHfVZcnx,Love Was All I Wanted,4.75,1980s Soul Blues,2025-12-03,2025,love
1OXp5ZrI1JXY0xY5H4ql7z,Was I Loved?,3.23,Joss Dean,2025-09-26,2025,love
0riiyxorN7FWVkp5B8MGOA,Back When Love Was Real,3.62,Xania Monet,2025-08-08,2025,love
7jYQKjoXfupfUEhPFPfhWd,When Love Was Ours - 1940's Jazz Retro & Vintage Jazz Bar,3.02,Elowine,2025-09-25,2025,love
08zgYUehajUOCM59ku0CfT,When Love Was You And I,3.53,LoM!Xmusic,2025-10-21,2025,love
4J0vQNvNKG3CKjIfvANl7r,If Love Was the Answer,2.88,Old Sea Brigade,2025-06-27,2025,love
6gMxNTnl38Bf6KEM19DnME,Waste Your Love,3.03,LEAP,2025-10-03,2025,love
7B6DGLEZ2DoQ6fn6v0QKk1,Your Love Was Like Lightning,3.7,Mason Stone Country,2025-08-21,2025,love
55m9ElgJDnj8nwrEAYqkwE,Love Was Just a Feeling,3.38,Colby Acuff,2025-10-03,2025,love
2TPWbzZ81VDbIA91e7nuMa,Love Was There,3.88,Gerry Taylor,2025-12-13,2025,love
3nl7rXBLGKXLBMKo8MTUfD,Love The Way You Lie (feat. Nito-Onna),2.43,"Acid Boyz, Badjack, Alex D'Rosso, Nito-Onna",2025-10-03,2025,love
0Gjpltf2WDs3fzXuKubQj0,"Love Theme (From ""The Godfather"")",1.23,Josh Westminster,2025-03-07,2025,love
4Gx1Tprh07vvfGkidYnssC,Love The Way You Lie,6.71,Orion7,2025-10-07,2025,love
3u1UZ826Dbecx5Zl41tI4D,Love The Way It Hurts,4.33,remme,2025-07-11,2025,love
63SPVpO9EMtDkEFo6QfUxv,Love The Right Way,3.21,"Jengi, Aluna",2025-10-10,2025,love
1PGE5FhnDW81wtoSGM2SSh,Love The Hell Out Of You,3.8,"Dimen5ions, Pedro Cuevas, Bachata Influence",2025-10-03,2025,love
4UORKU5TFUMdyUqPysBVHl,Love The Way (Down For You PT2),3.75,"Mobb Deep, Nas, H.E.R.",2025-10-10,2025,love
4wsT99Vv3afkArA5SSHDsu,The Thing I Love,2.88,"MAX, Andy Grammer",2025-11-14,2025,love
1UXqZAxlNr8U6r8ap1p1Vm,Love the way you are,3.3,Luma Rica,2025-11-21,2025,love
58NlGQkYwCQXhuQYTd0X8X,Love Her,3.26,Jurrivh,2025-03-10,2025,love
6lWo19d95E0Ha9bgZIZ2zA,If You Love Her (feat. Christina Perri),3.63,"Forest Blakk, Christina Perri",2025-10-02,2025,love
02l8T7IJ5UQE19m8cjY20f,If You Love Her,2.73,Tokyo Tea Room,2025-01-24,2025,love
3MkzhFS21pIGreE1G6Sds2,I Still Love H.E.R.,2.87,"Freddie Gibbs, The Alchemist",2025-07-25,2025,love
30Gu5mcMflfTdIa0OG8XkS,Love Her with a Feeling,5.45,"Popa Chubby, Albert Castiglia",2025-03-28,2025,love
2il39fjCEvKeUwCaIGm2TV,I Love Her But She Loves Someone Else,3.71,Sting,2025-12-05,2025,love
2JkLiT6omy9J7aOcpB9G6B,I Think I Love Her,3.17,jWave,2025-02-14,2025,love
2HIGpz49JQFHkBN9LqqOTN,Love her like Jesus would,2.7,Christian country music,2025-07-12,2025,love
75kDJOQlaDWLgLHQIn0Plg,Her Eyes,4.18,Midnight Love Grooves,2025-12-09,2025,love
3vzh2kkBjJ6Eq28bznTQoj,I Love Her Shadow,5.48,Arcade Fire,2025-05-09,2025,love
7jBI7iCaqHEGrMdz97Qo9d,Love Him,0.89,Ney Dali,2025-12-31,2025,love
0WCCuNu9JgYkxNHHL0yySz,I Love Him,4.04,Monika XYZ,2025-09-01,2025,love
1npasIggNnCe8QzIQt3CXT,I Love Him,3.05,Olivia B Moore,2025-10-14,2025,love
4XjXxP0BPLaXq9aYBtNwao,But Daddy I Love Him,4.89,Call It Off,2025-10-24,2025,love
3XBycqVB8UDEtEboLU9iJT,Loveseat,4.03,"Heems, Unknown Mortal Orchestra",2025-10-31,2025,love
3TdrbrmB9nem6xmC97Mjp2,Love Him More (Exodus 2),2.81,Carson Hoffman,2025-05-14,2025,love
54OaDC27hSNLLRb0kW9W78,I was made to love him / Superstition / Master Blaster (Jammin') / Higher ground,13.3,"Trijntje Oosterhuis, Jazz Orchestra of the Concertgebouw",2025-09-19,2025,love
7euhS34acJaYGE0hsrpUu7,All I've done is love him,3.83,Jvoi,2025-12-08,2025,love
53jFsRat27ahl9odstDC5w,Do You Love Him More Than Me,3.78,Cut Davis,2025-10-11,2025,love
2TgBdSEwqOBD8vJQQzIlKn,ヒミツミチ,3.71,いきづらい部！,2025-07-30,2025,love
6t4oK1xDwdkBjatXtTxoqh,I Still Love Him Dearly,2.71,"Strangers on a Bench, Alice Faye",2025-07-28,2025,love
4ZPFYtq3BPlrbuqy3PCWtN,Don't Love Him,2.47,Jared Layo,2025-12-05,2025,love
1QMfoJG3YWMbKlPeGMoVVJ,And I Love Him,2.49,Luna Scott Russell,2025-08-11,2025,love
6pYmn4B3jmqel4gUuYN5oD,You Love Him,2.25,Jwool,2025-10-17,2025,love
3dlli9X8h6ylkgALuExtFR,I Used to Love Him,3.76,Karley Scott Collins,2025-09-26,2025,love
6r9XDyABmQOYGjNiHSh8h0,Fool If You Love Him,4.21,Foreigner,2025-07-02,2025,love
74sZObubenZdd3TRitZ1hJ,With Him,4.04,Man-Made Sunshine,2025-11-07,2025,love
54sOkZCqvQZeA2xkz7IUMS,Love You Baby,2.61,MAISTRØ,2025-08-19,2025,love
4pJi3tSOgS4jH4rtrkzExT,Love Baby Love - Live @ 2 Meter Sessions,4.43,Shine,2025-03-06,2025,love
1XMwKtjSKbRVW1l5h6mhoA,Lover's In Babylon,3.75,"Shea, ZionRay",2025-09-22,2025,love
3RWrfl1qrnT9qOaO2cjjv2,SAMRA / سمرة,2.86,"Saint Levant, Babylone",2025-08-22,2025,love
7m68lt3SYrQuk1C9mqC0L0,baby give me more (feat. Mareux),3.76,"Artemas, Mareux",2025-10-24,2025,love
5S0QxfYABBoLI4sMk2aCa2,SUPA DUPA LUV,2.88,BABYMONSTER,2025-10-10,2025,love
4haxhgZSyXElnkumbkfImG,It's Love Baby,4.74,Kirk Fletcher,2025-08-15,2025,love
4RBpTbDt74cqPIAcOxZ0yg,Baby I Love Your Way,2.97,Bossa Nova Brain,2025-11-30,2025,love
0AO4ZntFvWa3UMCmA0Oe7n,Ain't No Love (feat. BabyChiefDoit & BAK Jay),4.0,"1900Rugrat, BabyChiefDoit, BAK Jay",2025-06-06,2025,love
11NFuCCu24xIsTcmmlw12f,Real Love Baby - Church Sessions,2.94,The Heavy Heavy,2025-08-15,2025,love
5RCTmhGrOBxsmmmYM2mcde,I Love New York,4.19,Madonna,2025-11-07,2025,love
23ID5AM06gtQXpiSWDFDRU,2LOVE,2.61,Chily,2025-12-19,2025,love
6teSFRl0fq710MlvEF26GS,I Love(d) New York - Bonus Track,4.67,White Lies,2025-11-07,2025,love
3VpFujVyjX04qiwnvspzgM,Love Euphoria (I Feel Good),3.5,Kyle Starkey,2025-07-25,2025,love
1Rv9LjrVSOzQ7L7fdBlnM7,New Love,3.09,Ziggy Alberts,2025-02-21,2025,love
2jV46l9C3YgMc7rM2UmXep,Lovers' Holiday,3.43,"Durand Jones & The Indications, Durand Jones",2025-06-27,2025,love
2YITdOyCOcFvEZFe6udmE7,New Country (feat. Blake Shelton),3.31,"Noah Cyrus, Blake Shelton",2025-07-11,2025,love
3tJg9otwUlRKUVg0M7Wncl,Learn Yourself,2.7,Ziggy Alberts,2025-02-21,2025,love
4VN7zNElegROYZccUa4z4V,Generation Love,2.99,"AR/CO, Punctual, NewEra",2025-01-17,2025,love
2S2tk1isT5yU2xPxCDnPi1,I Love NY,4.63,The Newton Brothers,2025-03-28,2025,love
4lEMDig14YIWCS1BfFosQm,Love Began In New York - 1940s American Jazz,3.25,The Jazz House,2025-11-07,2025,love
5fYYGj2lNirjC12vozr9iP,NEWS,2.46,Loi,2025-02-07,2025,love
14BX1vNexs7Wol6s4j5htB,WHATS LOVE,2.19,Che,2025-12-25,2025,love
2pSID7niOPlCr21nWKP8ab,Love Don't Live Here,4.05,New Old Blues,2025-09-06,2025,love
7jfJJsFBEpVWMD1iqlNqiA,New To Love,2.84,"DALEXO, Bradley Jay, Oscar Yuan",2025-11-07,2025,love
2N4PVnfJDqbySVwE3IhMH1,Two Faced Lover,3.31,Secret Rendezvous,2025-09-26,2025,love
5J5hwc01KPjI06A8QJGGQr,New Her,3.01,Marlin,2025-02-21,2025,love
1FpM9ETNqJY1XIXGopemXe,Love Deep,3.67,"Lizzie Berchie, Filah Lah Lah",2025-05-23,2025,love
4IywS1K0mIm1fdGDasE6uu,Old School Love,2.83,EASY FREAK,2025-04-18,2025,love
3Vd4fHzwS6pBS3muymjiDi,Let Alone The One You Love,3.1,Olivia Dean,2025-09-26,2025,love
6zZJ3GsrwkRYNbJfJ3CXYi,Love Brought Weight,3.1,Old Sea Brigade,2025-10-31,2025,love
0YjXevB90M9K34TOx4q02S,Summer Love,2.6,"Zoë Tauran, Frenna",2025-05-16,2025,love
6SBg9YuBds5IYwZHRc3WSX,Old School Love,2.85,Drake McCain,2025-02-21,2025,love
63iSpVU9FUKevNdkUYpnUD,Easy To Love (feat. Iris Jean),3.78,"Melle, Iris Jean",2025-08-08,2025,love
2mhP5eGS9TMJ1m29xzP7F6,Old Love Letters,2.79,Yasuo Zen,2025-09-05,2025,love
6lt1SVsvARF9XZNPYiAYxD,Lovely,3.41,"Luke Silva, Ace Clvrk",2025-02-07,2025,love
5DUudxhWxX5tgP5JtXm2g0,Summer Love,2.6,"Zoë Tauran, Frenna",2025-05-30,2025,love
7lBx9PIgNLoVoiE7UwXufT,Can Old Lovers Ever Just Be Friends?,3.98,Tom Odell,2025-10-10,2025,love
6eQ9itnaakXI2MO89pdgAH,Love Don’t Fade,2.99,Tiana Lewis,2025-10-21,2025,love
5odOD9mQpnsbA2vdGeaRTd,I Can Feel,2.89,"Leony, Niklas Dee, VIZE",2025-02-28,2025,love
5AaQKfA7mzogHnyJrlIsA3,Old School Love,4.0,Charlie Sparks (UK),2025-09-26,2025,love
28KOmHl1ysDbgDsXCELL5O,Can Old Lovers Ever Just Be Friends?,3.98,Tom Odell,2025-09-05,2025,love
5YQK3TJJPaANKeCjCxnuZZ,Love is nice,3.7,Frank Verhulst,2025-06-06,2025,love
4Gdk9ewSYSQ1zyNsm1m77F,LOVE & DEVOTION,3.9,nuphory,2025-11-07,2025,love
7zc3mwl2WXRdZamcNjtGOC,Love Lost,2.71,"Nero Grey, Antonia Marquee",2025-09-18,2025,love
2h3wRPonzaak7cgVniTMwa,Love Lost,3.6,Gita Buhari,2025-05-23,2025,love
7BlDwNvJPyAWT0hqrmUu0T,No Love Lost,4.03,Olivia B Moore,2025-10-14,2025,love
2jCu0QNQ8v3plYiV0hZwvq,Love Lost,3.81,"GLXY, Sâlo",2025-03-28,2025,love
0D57lQnn110jGaup4NguSI,"Sweet Disposition (a moment, a love)",3.54,"Lost Frequencies, The Temper Trap",2025-05-30,2025,love
7caCPTzaQvGEhKaPWQsoDr,Love Lost,3.6,"Kaman, Prakhar Painuly",2025-06-14,2025,love
6Lvmxn0iLnme0ZrXj56E6P,Love Lost Again,3.3,The Love Algorithm,2025-09-25,2025,love
3Z9pHtu1KqNuVZn6ezlV9Q,LOVE LOST MIX.,3.35,Ed.Fvcts__,2025-12-05,2025,love
7G0fWTntPMp70MfBEHb09D,Love Lost,3.81,"GLXY, Sâlo",2025-10-31,2025,love
6lYwobIj7k7pH0T5DERzcB,You Lost My Love,2.25,"Lonelysoul., AVAL",2025-12-26,2025,love
0OG6TzTTpvw1XK6AltBtpn,Love Lost on the Way,3.01,NiExshadow,2025-04-25,2025,love
1ZXV7EeBMXjzwAuXQ5NDh6,Love Lost & Rainy Mood,3.3,Martin Czerny,2025-10-24,2025,love
0BHZWdmd2VXhlg3rWXR7b5,Freed From Desire,2.85,Urban Love,2025-10-03,2025,love
33GotD6fUu4PnrOruw1pSr,"LOVE, FREEDOM, TOLERANCE - SCHRANZ REMIX",6.35,"Antik, ZECHNASS",2025-03-21,2025,love
3Oc1G7A4RhdGBBgwn8ROVh,Love Me (You Give Me Freedom),2.79,"Duwsko, veil9, SADBOY",2025-10-17,2025,love
0NxbyCykFpeT4UBZsiMRX8,Love (Mixed),2.38,"Armin van Buuren, Omnia",2025-08-01,2025,love
5T3jNRW5hh6u3F0GEqK51F,FREE SHOW,2.65,I'm Dru!,2025-07-25,2025,love
6xy8ptDfUhyd6gebqpL6Wc,I LOVE YOU SO,1.41,"Lieless, Zak Conner, hornja",2025-09-23,2025,love
7jLC6cA9phSCQxebn2yLog,"No Love Freestyle, pt. 2 - Blackout Session",2.2,"RMB CHASE, BL@CKBOX",2025-02-27,2025,love
1FuyqMipHRmIyCpP1kTJZK,Love you in the dark Bouyon freeze,1.48,"Phizbarz, Afroplugs",2025-10-08,2025,love
6TpE690p7Gf33NZs7UZHAr,love is free,2.17,5EB,2025-01-17,2025,love
0yBA0zNxtjjlHUTC9oMllm,Love Is A Drug (Mixed),1.23,"Armin van Buuren, Anne Gudrun",2025-08-01,2025,love
4M1bytL2S6dey6WnCnckYO,Couldn't Love You More,3.39,Ministry Of Funk,2025-01-10,2025,love
1NTMY22seuV6Rvvt8BYTnN,Turn This Love Around,5.27,Mondo Freaks,2025-08-22,2025,love
1fJK3hEKyWPp6L5D1ySz2T,Free from Negativity,1.58,Harmony Touch,2025-05-08,2025,love
4cY1bBPArbEDTv0qhKRlDb,Freedom,3.25,Vella,2025-09-26,2025,love
4vBMGk65ijZ3w7kHMlrSop,Love Story,4.61,"Beres Hammond, Tanya Stephens",2025-08-29,2025,love
6biC9U7MQ5Xr6sLHZHrcVU,Love Me Now,3.66,snoritz,2025-10-24,2025,love
4x69WSo9kpkp0okxcm5Yzh,Now That We Found Love,2.54,Laidback Luke,2025-11-21,2025,love
6NDoR1QY5l4j5MAvLj8iC0,I Just Need Your Love Now,2.7,LuFlexo,2025-08-01,2025,love
2vnMxYSg9rpcVVMn0GuCbT,Love Me Now,2.98,"John De Sohn, Sam Gray",2025-07-18,2025,love
3pg1HtWCkZOQtxp2jDKwTJ,Love Worth Saving,2.91,David Kushner,2025-02-14,2025,love
2DMLMh0oDsU2McLQcvsqBy,Love Now,2.32,7EMP7A7ION,2025-03-14,2025,love
7Myun6KTbD056pwFdL8Vl7,Love Now,2.6,Cherny,2025-12-05,2025,love
4VmLqvJoCn8AJUEI1IToDT,Nowhere Your Love Won't Go,3.99,Megan Woods,2025-10-17,2025,love
0NEzsS3WRw9z4krvmXxrPW,Easy Love,4.06,West 22nd,2025-04-04,2025,love
1pDV8zAyFM7x9Fxf8l7kVA,"Love, Lover and Beloved",5.23,Van Morrison,2025-06-13,2025,love
4uw2uOpBjZtcY2zXVxyPhU,Love Now Forever,3.2,Darren Mason,2025-02-07,2025,love
7gBDKSaeAGQfZkv9aVer3F,Loved You,2.63,SABRI,2025-11-21,2025,love
0ZUCFtT0wOaGcR2Nk8GNmd,All Together Now (Strong Together),2.7,"Perfect Pitch, Rocco",2025-10-10,2025,love
1cgDBmYg1S7JqZuGNWGfOT,Love On The Run,5.86,West 22nd,2025-04-04,2025,love
4j6cCpbrkVnxoqwmiw1m8L,She Knows It,2.26,Steven Rodriguez,2025-01-31,2025,love
3fwRhQOHLao6VW2Jtx5bYy,Love Gone,3.58,"Arjan Dhillon, Mxrci",2025-08-25,2025,love
7DQgViH1BrbvJl6UPBzUHT,LOVE GONE,2.04,LORI,2025-06-13,2025,love
3bAc0AN4KRu6Cg7Cs7EXUh,Love Is Still Cruel,3.17,"gone like summer, The Meek",2025-12-19,2025,love
2KUAdU39pNYHy0zHnr8xHd,Love Has Gone,2.56,"Alok, ALTA, Robert Falcon, Jess Glynne",2025-08-08,2025,love
2BKZN0xIxXIqh6jTyv72yJ,Love Gone,2.91,Cheap Trick,2025-11-14,2025,love
21OK0RKlR9BZTZOxjYNWlD,Love Gone Wrong,1.76,Jolly Capone,2025-11-05,2025,love
7tzmJiulDZnpMOutt7NafK,Love Gone,2.3,Sayless,2025-04-25,2025,love
4FTcJ9B6S2QXObqRr9UG8U,Love Is Gone (with JOSHUA of SEVENTEEN),2.97,"SLANDER, SEVENTEEN, JOSHUA",2025-07-25,2025,love
20dc6IHSUmJIWAHEQdNbdn,Love Is Gone - Hardstyle,2.3,"HARD DEMON, X-Hard, Mr Demon",2025-02-28,2025,love
2BzlMfIVmrdps4OholwrzP,Love Gone,4.38,Clara Mae Hollins & The Royal Blues,2025-10-10,2025,love
1p38Vpt0SCHA69r7nYUpJB,Is The Love Gone,3.79,David Rackley,2025-11-10,2025,love
0L3tD2Sc15kj9WQyUF7uTm,Love Is Gone (with JOSHUA of SEVENTEEN and Dylan Matthew),2.95,"SLANDER, SEVENTEEN, Dylan Matthew, JOSHUA",2025-08-15,2025,love
1bFaclLveFTm2T0Crq6PNz,gentle love (gone and alone),1.6,limly,2025-02-14,2025,love
1x0tDQOQOfu0nlVHA1Tg7y,My Love Has Gone,2.21,"48th St. Collective, Jazzystics",2025-01-10,2025,love
1RrT3z07dhe8NQZ8GnPquC,World Gone Dark,2.03,"Perfect Pitch, Rocco, L'EXAIS",2025-03-21,2025,love
74oWDxKkgzkiccmAWX2O93,Lovers Eyes,3.2,The Vices,2025-02-07,2025,love
33qAiLh6CO2ged362p07Nb,Bring That Love Back Home,2.56,"Good Humans, Breakfastclub",2025-12-05,2025,love
2BzisfZs6tiTyBZ697bPyd,Love Back,2.16,"Jason Cogua, Ben Leuman, XiVi",2025-02-14,2025,love
2AFwQBPl6oJwHNfwBQq49B,Back In Love,2.55,"Thierry Von Der Warth, Voltage",2025-01-10,2025,love
6LOWjxpQsB52YHtyA3piVd,Love Potion,3.64,"ZYHH, Flo Naegeli",2025-09-12,2025,love
08QVyeT5P43ll1voKgaiw8,Send It Back,2.89,DON WEST,2025-11-14,2025,love
070mI5fDgAV77ZBrmoAcfs,Give Me Your Love Back,2.93,Anna of the North,2025-07-11,2025,love
4oJ85erciUCH6Z8ADVOCsR,Love Comes Back,3.25,BAEKHYUN,2025-05-19,2025,love
6w4Z8LfJ7aIU09mmkYADNt,Back To My Love,3.28,DJ HEARTSTRING,2025-06-20,2025,love
26xi1xXQRp5u0O0RD0yQ9D,Come On Back With Your Love - Sunset Mix,2.93,Kolter,2025-01-17,2025,love
2gyyB70dNaYPD5yKWCpOlV,Backtrack Blow Up - Max Styler Remix,3.62,"Samantha Loveridge, Max Styler",2025-07-25,2025,love
6byGMpJLWOIqM1zXDNdy57,Dream My Love Back to Me,6.67,J.A. Melody,2025-10-23,2025,love
39HU0lEzBW28jKhFI7REYU,Definition Of Love,4.0,"Sam Alfred, Kara Okay",2025-11-07,2025,love
1v7SdHbR0pkwFb9RfG6L6O,Love Again,3.18,"Audien, TELYKAST, Lilly Ahlberg",2025-09-05,2025,love
5iOsJRMqdP8V1Bun75VtSF,Love Again,1.32,Gio HK,2025-08-24,2025,love
5Iyi2vA6w8daO8mFh3newK,Love Again,3.9,"Galactixx, Adrenalize",2025-02-21,2025,love
3P9nkueQdx2WU8n7Ts8bSk,Love Again,2.83,"DIMEO, 3ric, simplesun",2025-11-07,2025,love
7rZaV4CJyjHT5fby5pPPAf,Love again,1.63,Ann D,2025-06-19,2025,love
1d4OSDVy0fiYsIVxhxCByN,Love again,4.0,Deenlake,2025-03-26,2025,love
1UKucGLLEp7WP80TAfUG6D,LOVE AGAIN,2.92,Xolidayboy,2025-04-25,2025,love
26OqWvCmMxL2wFNqMdeMne,"Love, Again",2.83,Evan Pak,2025-12-04,2025,love
2VLwPqWsKHp28IVV6DubgY,LOVE AGAIN,2.94,SAHXL,2025-10-24,2025,love
7KigrnEbeKPug98G2QMQtI,Need your love again,3.66,Victor Ivyic,2025-11-30,2025,love
2y4uQemcf3Zs4AU3tr8mW4,LOVE FOREVER.,3.74,Kesha,2025-07-04,2025,love
74Ya4KTyVdBkKn0grWGyDj,LOVE FOREVER.,3.74,Kesha,2025-07-08,2025,love
31V0Hcu2pM5DnjF3RuMAJN,Forever A Lover Girl,3.17,Olivia B Moore,2025-10-14,2025,love
7Io7LHGjDTNKnphYlB1SPN,I Could Sing Of Your Love Forever,5.55,"House of Worship, Martin Smith, Josh Baldwin",2025-10-24,2025,love
4aggPL5xxtBrH2GpFfg9yE,Light The Fire (Extended),5.66,"Yogi, Love Forever",2025-04-11,2025,love
64YSpl0V0PTHdA7jnUPmUR,my love forever,2.34,MARTIN LIM KIAN HOU,2025-11-03,2025,love
10PDVcPWT65VFdFVaRVskB,Forever in Love,2.68,Yertai,2025-12-26,2025,love
1s058FBYxBmIH6VIVggx9J,Love Forever,2.52,"Vocalina, XZEEZ",2025-10-17,2025,love
3yWSTKfAzBunUYjWJgZx4b,LOVE FOREVER.,3.74,Kesha,2025-07-04,2025,love
1osioxQykglfD6mNLzfwB1,Forever Lover (永远的爱人),3.55,Chinese American Bear,2025-10-27,2025,love
1mkoKn2PFOONBLysiZRVH6,Forever Young,4.18,"Music Travel Love, Bugoy Drilon",2025-04-15,2025,love
7wRlagdHt6faxerZ9z2p2W,Forever Love (Live),4.07,Let Babylon Burn,2025-08-07,2025,love
4vdkv32k7JoatFwjrs4OND,Between Love and Forever,3.85,Soul Blues Icons,2025-06-28,2025,love
5LokGDxDY6HYLnRpEpeplW,LOVE FOREVER (Rerecorded),3.45,MONSTA X,2025-05-14,2025,love
2T8ib80GsSr7wT6vwCUt0d,What You Won't Do for Love,3.75,Cut Davis,2025-09-27,2025,love
6fZMQuWgVl1cwlWyKQJ4Zu,Love Tonight,3.16,Yertai,2025-05-23,2025,love
5jnmZYiTEHezjZYx3GB9lO,Love Tonight,2.46,Midnight Blaze,2025-02-07,2025,love
2wnie6MK5Fk17hwP4NLM5t,Love Tonight (Edit),4.03,Shouse,2025-07-04,2025,love
2I1xnPR3KFCFuiFRTNLMe1,Make Love Tonight,3.55,Penn,2025-11-14,2025,love
1ClApJzOyb9Re5ZgrojroY,Love Tonight,2.78,Frignoize,2025-09-12,2025,love
2w3rNEV2PXTpFutX23pfjS,Love tonight x Give me Everything,1.53,CARA,2025-07-25,2025,love
1vP48z9hBtbWZ3XFVnLHTQ,Funky Love Tonight,3.4,TibFUNK,2025-10-11,2025,love
5tnjuaXErzkE0eYi3c9e6g,Love Tonight - Radio Edit,3.76,"Dy5on, Dionne",2025-11-07,2025,love
0TkMPi8Rrmvx73HyyV0eas,"Can You Feel the Love Tonight (from ""The Lion King"") - Piano Instrumental",2.81,Marcus Chow,2025-08-24,2025,love
3cQyDjjCz9bpOmM3PT8CKF,Love Tonight,3.39,"Hitkend House Lab, Julien de Voler",2025-08-28,2025,love
4H4bhZRSVBbJhuVORkyrHR,Love Tonight,4.0,Velvet New York Jazzers,2025-06-20,2025,love
2vJPlPpmUW6BPRod6OBzko,Talkin' Love Tonight,4.58,"Forgotten Groove Archive, Victor Miles",2025-09-28,2025,love
5SxUHrPgpfXFqlOv3xxKhs,Love Tonight,2.54,Rina wangsu,2025-11-19,2025,love
4NZqV3QOot02imkM26bluL,Love Me Tonight,3.37,Jay Webb,2025-07-25,2025,love
6lN8J9og920JJiNoZyI9Eg,Feel the Love Tonight,3.6,Midnight Soul Session,2025-11-08,2025,love
23VKk1twu2xR0SqO2aK6Dk,In Love Tonight,2.5,"JSUNT, Dorée, DEEJP",2025-06-20,2025,love
7KaXpYNEUmDKJH9irlTloP,Can You Feel the Love Tonight,1.8,"Naptasia, The Midnight Society",2025-08-12,2025,love
0HQGYztLV74lPTgHuhCF9R,Love Dont Live Here Tonight,3.3,Nina Blaze,2025-08-08,2025,love
5uw0grVSyaKi0eFtAPgY35,Love Tonight (Slowfox 28),3.34,"DJ Zavodnov, MILU",2025-05-01,2025,love
1SpEjVfxvVmuY4WNtcSRbB,A Love Dream,6.45,"Ignez, Vault Records",2025-04-02,2025,love
2zCnX4AYF1WrgvNRjaamil,Love Dream - AUTOFLOWER Remix,3.68,"Bizzarro Universe, AUTOFLOWER",2025-10-24,2025,love
5lSsADkyQcMlmKgrPXs0ja,Dream Team,3.14,Of Monsters and Men,2025-10-17,2025,love
6HJySKEE31FP0Hj863fH49,Dreams Of Her,3.43,Just Tell Only,2025-10-03,2025,love
1ZGA5ifD8ycnVajLUU8cyI,Dreamin,3.63,DON WEST,2025-11-14,2025,love
0ZayE3BR1LXQSfkAai96Ib,Dreaming in Love’s Radiance,3.17,Tide Nebula,2025-12-05,2025,love
18B4jbVG8pwSR2acsr5nTL,Summer Dream Of Love,1.96,"The Straikerz, So Juice",2025-05-16,2025,love
1GKLy6cXJ5cGtEDVKH2XQr,Love 2 Love,2.0,Zoharalie P,2025-02-14,2025,love
0Bittg0L4jHWfH0E6gnURh,I love abigail but she don't love me back,1.28,Nix Vuitton,2025-10-27,2025,love
0PeM9oEVoL0xFqTIPya6lv,Silence - Dream Version,3.54,"Roman Messer, Rocco, Cari",2025-12-12,2025,love
4FyECgb0avMXQtVdbziDrf,Love Never Fails,2.56,Ana Rebekah,2025-03-21,2025,love
02TP5Kh7sGDp3lzoVGMZti,The Book Of Love (Darling Don't Be So Sad),4.4,Cian Ducrot,2025-08-01,2025,love
5Ds1Rwsn92ib2R1yPjSJnC,Love Like This,3.11,Dylan Chambers,2025-10-17,2025,love
02tpcJGqdkwOlBZbnNfrs7,Love Is the Answer,2.33,Leonard Lehmann,2025-07-25,2025,love
2M7eAZzB8AajKYlj4RcN1c,Love Show,3.22,Clear Coast,2025-08-22,2025,love
2ZsLdhXAPc55wdhS5gIaDt,Love & Heart,2.22,Thief Traveler,2025-06-13,2025,love
7Hxo29O74hy1baShCmS9Uj,shattered love heart,3.72,"witxoutessence, Nakedleisure",2025-07-25,2025,love
0pHlHHURS9KOEMYLd1Foqe,Love & Heartbreak in High School,3.28,Plastic Family,2025-12-12,2025,love
4Mz1BjcAvs9E7z5yEobo39,Heart of a Dream,2.68,"Ampris, Utope, Michaela Stridbeck",2025-10-10,2025,love
5wGrodae5bpzjDStJQieMn,Heart By Heart,3.18,Joe Jonas,2025-05-23,2025,love
4QHynXofZkdiX0HgxP3o0H,LOVE GUN,3.2,whatsaheart,2025-09-19,2025,love
2MNZoKTpk2jYMIjTKihdaH,Want My Love,3.31,"MALUGI, WOLTERS",2025-01-17,2025,love
3cTEK5a6H0fTuvOZOIHUFV,639 Hz Love Frequency,3.53,Miracle Tones,2025-07-04,2025,love
6Q7gr3Lij6eYgWwe5lnexo,History,2.43,SeQuence Clark,2025-05-23,2025,love
0d9hyVM8cI13KZBwSRHeRK,Love Language,4.22,ZionRay,2025-09-22,2025,love
6smn5nqyL7bVxf0IMmZIYM,Love To Last,2.73,Hajaj,2025-05-09,2025,love
5pB7zLOU7mTplExDJF1NuG,Love,3.12,"Nana Fofie, Warren Saada",2025-08-01,2025,love
7cSLD89y304ZvX4mVhYVfw,Tobeloved,4.1,Parcels,2025-09-12,2025,love
1eGYO1RzVRdphhWT86DSr9,Yougotmefeeling,3.06,Parcels,2025-09-12,2025,love
2sKjOX72UX1HiCDhI2HdlR,Don't Speak,3.24,"Loaded Honey, Lydia Kitto, J Lloyd",2025-06-06,2025,love
2yRuLNz50xj3G25jBOCazi,Sold My Love,2.73,Thierry Von Der Warth,2025-07-25,2025,love
6n6IzBGcMZA1p1zMln7n9x,She Loves the Rain,2.65,Teddy Swims,2025-01-24,2025,love
3G4cKeyi4rgvhB53XOcYoT,Love on Fire,3.09,JH Marco,2025-01-20,2025,love
0w4opFMPxNEWZNsBBfgvAP,The Fire,3.23,Vincent Lima,2025-09-19,2025,love
3BrPNamOVSIICrC2Kz0TDi,Fire,3.76,Alessia Cara,2025-02-14,2025,love
1A42zFnx3sRVNtOfufuAOm,Love Is On Fire - Crypton Remix,2.03,"Hyperverb, Crypton",2025-08-29,2025,love
620pMiJ8DxlBji55mVIoCD,Love Sweet Love,2.14,Koula,2025-01-03,2025,love
2NqLPkS0YMgyHeSGE3voiQ,Fire,3.61,Grimm Lynn,2025-11-14,2025,love
2iKYgFZXyC5GBxCbg2HCD7,Love Is War,3.68,Memphis May Fire,2025-03-28,2025,love
06vOtnlh6qjU90X1teKRzn,Fire Under the Ocean,4.08,Keymaker,2025-09-22,2025,love
6TVKfZRpOp0RCpGWbIvEfB,Love Hurts Like Fire,2.84,Jinu,2025-08-26,2025,love
4GMUD85aZfNVgvAbHppkQk,Fire,3.15,"Seamus Haji, Mike Dunn",2025-10-03,2025,love
52CJj8AWCQ8kxRN3D7fFhy,Held by Love,4.56,mister eternity,2025-11-16,2025,love
6yIJWu1FxWfOwywmfalPv6,Drunk In Love - Guitar,1.42,"remorse, Xizt, wandering fire",2025-10-18,2025,love
4JdrUa4qfWUpLsaHO5O8Yk,Fireside Waltz,2.21,Acoustra,2025-12-07,2025,love
0DclmgcsFtB35SpGlddWLF,Love The Way You Lie,9.04,Brennon Ebert,2025-12-29,2025,love
5463KFscU5D2yWL1dVuW3L,Fire,3.76,Alessia Cara,2025-02-14,2025,love
1zYTQbnoxbeCIYT6lvQfJ2,Lost In U,4.64,Grimm Lynn,2025-11-14,2025,love
1TMFDLGgziliP5J9HEyy2x,Fire (feat. Tiny Habits),3.76,"Alessia Cara, Tiny Habits",2025-10-24,2025,love
3wJEpTnwJqJ6zWajDBbhBB,Love Endless Fire,1.85,Maceo Valiente,2025-04-23,2025,love
1nHL2OlZF5jr1OT6knqac7,I Love A Rainbow,2.4,Gabby's Dollhouse,2025-07-18,2025,love
77OFi8TocjiBJUngLhKdey,love letter,2.53,Lil Peep,2025-10-31,2025,love
2X6DHHgpbNUH72YcFRUoGy,Rain & Thunder,1.96,"Perfect Pitch, Rocco, L'EXAIS",2025-05-23,2025,love
3eMf2Hy7xiFWu7e6K8ZOeS,Raindrops,4.25,"Kim Churchill, Shungudzo",2025-05-30,2025,love
04FhqhhKJbvBW2xm90QCCM,Love rain,4.8,Marcèl Vandebeeten,2025-11-19,2025,love
6GtUfK5UNOpO4HAo6qUGAA,Rain Song,2.38,Isaac Holmes,2025-08-29,2025,love
1FUPB4QZAjTuHfMbNmxVsS,Love - Blair Muir Remix,3.38,"Alex Ross, Beave, Blair Muir",2025-01-24,2025,love
2SJDXjFwiFgL6zBuOx40AQ,Tokyo Rain,3.35,"Loaded Honey, Lydia Kitto, J Lloyd",2025-06-06,2025,love
5n2yojSdwu1ClUByBFp24R,Love You Like a Rainbow,3.03,The Wombats,2025-12-05,2025,love
5P5s4767eRZqkB3bY2qfP5,Love You - Radio Edit,3.2,Fernando Ortega,2025-05-09,2025,love
6MVJ9oxpAxnBxVnEXoUgM9,Let love Reign,3.07,"Blaze Blazin, Richie Spice",2025-10-24,2025,love
6q9UDOeWWRC7Ah7YYXwcYw,When Will The Love Rain Down,5.72,"Robert Randolph, Judith Hill",2025-06-27,2025,love
5hwdP90lGZF43d1PN1ot6y,Rainy Night,3.7,Cozy Room,2025-02-21,2025,love
3l05k9kzrvNhjHb0uBoQMy,Rainbow Dreams,1.47,Franciscus Love,2025-07-18,2025,love
0ytQmrJaRbb6Ogw1C55sV5,Love’s A Game,3.44,"Adriatique, Bipolar Sunshine",2025-05-30,2025,love
33lL8HLB8YO834kMoQeoZd,Show Me Love,2.95,"WizTheMc, bees & honey",2025-11-07,2025,love
3hcivoswCVR8LZkHR8MYA5,LoveDrug,3.22,Lady Gaga,2025-03-07,2025,love
1s32LYJjkGv3U7VlAmWRG7,Voices In My Head x Freaks x Love Parade,3.05,"HARDSTYLE CVNT, Jakon Vedal, EZO CASSIDY",2025-10-06,2025,love
4uAnA8nZAgl1bASMQTqnJI,I Wanna Dance With Somebody (Who Loves Me),3.63,"Calum Scott, Whitney Houston",2025-09-11,2025,love
4aQEbOUgWgGuiPP4mJepMz,Love U,3.92,Jim Jonathan,2025-01-06,2025,love
4G3SZIzVTw8TakXIMhKo8s,Love We Can't Control,2.32,Ampris,2025-04-25,2025,love
7lAkUzqjRP26G3YqPqqBWs,Love Feels Hollow,3.8,MIMILOVE,2025-11-09,2025,love
2R1JBaPdZd9CSJtk1Vkj1Z,What Love Feels Like (feat. Nathan Nicholson),3.36,"Frank Walker, Nathan Nicholson",2025-08-01,2025,love
5qoKitu0k9f0ANt1mtwTzb,Feel Your Love - Dimitri Vegas Vinyl Only Remix,2.3,"Dimitri Vegas & Like Mike, Edward Maya, Dimitri Vegas",2025-12-26,2025,love
2bR6kl5tv8SU8Ps0mrH8Wy,Feel The Love - Hotlap Remix,3.54,"andhim, AMÉMÉ, Malou, Avi Snow, HotLap",2025-12-19,2025,love
1xCHfQlHuK6HelqWGP1BYW,Feel the Love,2.57,Sunny one,2025-05-23,2025,love
2fZ3bPI91oHhBVgHlFAoBU,Feel The Love,3.63,Mich Manzotti,2025-05-09,2025,love
79VHKtRi11otZg0Bil7v1G,Feel The Love,3.05,"andhim, AMÉMÉ, Malou, Avi Snow",2025-04-18,2025,love
21W3uH3QcPNzRMX4jgRQmN,Your Love Feels Like Paradise,4.41,Soul Blues Icons,2025-07-02,2025,love
1nsAILHPxlpmVvWWo79tAG,Feel The Love,3.34,"Ourson, Ren Ocean",2025-06-11,2025,love
2BBIUV8wIBbqc7HXObzdgH,愛♡スクリ～ム！,4.37,AiScReam,2025-01-22,2025,love
7Dqj8MlC6H2UtX0XGkimax,Love Life,1.51,JLITY GIFTY,2025-05-08,2025,love
6WDFK2txbclcsSuio6VXy9,Love and Life - Acapella Version,2.59,"moo, Baraa Masoud",2025-05-21,2025,love
2M94P98jKfRHu39Auk48qD,Love Life,3.2,Desire | Music,2025-10-20,2025,love
6oxyTFIMEHaPtrTPlEnAtL,Love Life,2.21,Sveria,2025-12-26,2025,love
4ADojPNFipdecfZdSg1jSb,Love and Lifes,1.69,Mahim Ahmed,2025-01-30,2025,love
7sde9wLNzTeQLMt8kVCDz8,LOVELIFE,3.09,Sam Fischer,2025-10-17,2025,love
0xGhtDxlN0wPry1XnFtdsx,Love of my life,2.25,Cole Peers trio,2025-01-24,2025,love
6JAO7NvT4xDM9Kao96qYDf,Love Times,3.58,Winta,2025-10-11,2025,love
3pJLEv1oYtPVT87FJv1B95,"Love, Time & Death",4.45,Foreign Affaire,2025-01-24,2025,love
7C98kSnYzGhMib1TTfGRl4,Lover Girl,2.74,Laufey,2025-08-24,2025,love
4VIeoEMJltbvXeheuWAMIe,Time to Love,3.97,Rag'n'Bone Man,2025-11-07,2025,love
3MnPnzzaDLA3B3qqftI8cb,Eind of time,1.7,Ann D,2025-06-19,2025,love
5NT3dkMtlOF3fmXqpjX9Qp,Wild Times,2.43,"Freischwimmer, Renee",2025-06-06,2025,love
6h5nwlWNaaiH4Cwd9Hyb0A,Sadece Sevilmek İstedim,3.63,Lin Pesto,2025-09-26,2025,sad
6v8fGomePGiMsfGAn2VtpV,Sade,2.6,Yere,2025-05-09,2025,sad
60t1ZTo66UdPqWMNFkMW2i,SAD ABOUT FUNK,1.17,"KVNYSH, VXN!SH, ESOW",2025-11-21,2025,sad
1F3nTH1yy9zN3fbEgB7ZBx,SAD! - FUNK SLOWED,1.54,"MEMPHX, SEKIMANE",2025-12-29,2025,sad
1o5H2v9WigYOWq45mWBnlJ,SAD! - FUNK,1.37,"MEMPHX, SEKIMANE",2025-12-29,2025,sad
73AI7Q9S2uKP4yBfpY789v,Sadness (Crash And Burn),3.06,Klaas,2025-12-12,2025,sad
0ewZZrokOkiHpuUdKqrAmg,Sadness,3.04,Ricoandra Adjako,2025-08-19,2025,sad
6UFDma78AVAyHaN4i88R8i,Sad and Beautiful World,4.1,Mavis Staples,2025-11-07,2025,sad
4EZB1jiPkzj6pf31aPVQD9,SAD SOB STORY! :),4.04,Lola Young,2025-09-19,2025,sad
7wR0zykN2dzYviTGcvV8BH,Sad Generation,2.54,Palaye Royale,2025-11-28,2025,sad
6cHdzZTOgaBqKPIaEcekyO,Sad Song,2.35,Vwillz,2025-06-27,2025,sad
3ySFBoxNHK3YgU1D9AyMl3,SAD SONG - From THE FIRST TAKE,4.78,"CHANMINA, No No Girls FINALISTS",2025-06-02,2025,sad
126rTdetQHEGvrpryWcQFy,Saddest Songs,2.97,Jordan Rawson,2025-10-10,2025,sad
6MGPuQnPbVHL14l3up0nUn,Dancing To Sad Songs,2.74,Milow,2025-02-21,2025,sad
2E5onTDMmsRdZOCwdiVGod,SAD,2.29,$kinny,2025-11-14,2025,sad
6XcPGXc9qp1VADPUkwE5UV,Burning House,3.72,Kameron Marlowe,2025-02-21,2025,sad
3pOMgmUkk1mXq621M3DwHV,Here Lies the Fool,4.2,Kameron Marlowe,2025-02-21,2025,sad
6VjUxTpsuteuTFCyB4DUK2,Sad Mercer,2.28,5l33p,2025-08-22,2025,sad
3haBPEB2Yn8XM5xzvhNZy2,Sad Memory,3.03,Detaor Monam,2025-11-07,2025,sad
1aAfg6yhXof0etAHn61eg2,Sad Memory - sped up,2.42,Detaor Monam,2025-11-07,2025,sad
4BxPDycNOBS22cRJQYqsI7,Sad Memory - slowed,2.79,Detaor Monam,2025-11-07,2025,sad
3nkjiR0s5YJJsBPU7vdgbJ,Sad Men,3.52,Bill Burr,2025-08-01,2025,sad
37YdLUN4AqnBI40FBnO3DC,THE SAD MEN CLUB.,2.31,AlmabuenA,2025-03-07,2025,sad
5WLVceCMhqJAb3Jdum3yIG,sad meow,1.53,foreveralone,2025-09-05,2025,sad
3hQY2EgmFiibDXOk3hMxfc,Let Me In,3.81,Dermot Kennedy,2025-03-11,2025,sad
0IGPnSQpDCHT7lr44v1duK,Let Me Outta Here,1.53,Mario Judah,2025-10-21,2025,sad
4MnYLHydHtkAF9CrIIcjHU,Medusa (Acoustic),3.07,Cameron Whitcomb,2025-01-24,2025,sad
53HZu7NRnE6gagPIDIC32P,My Immortal,4.29,Nate Vickers,2025-07-25,2025,sad
4upysaVrFNtzKQPkMlj2kR,my dearest allie,1.18,"andre is gone, sad cats",2025-12-12,2025,sad
3FE7Si78eSymGX620STc5h,My Everything,3.33,Bryant Barnes,2025-10-17,2025,sad
4yiOdqrtUZCjjb3KfRHjY7,MINE,3.27,Ari Abdul,2025-10-24,2025,sad
2g2pdevDuKjjXuNUWzgKA8,My X Was Poison,4.5,brynasfc?,2025-01-27,2025,sad
2UlsOpLDcpSQEZakQwoXyM,She's Dating My Boyfriend,2.34,Sadie Jean,2025-10-24,2025,sad
5jBQuQCKGUvkVlStG3heZo,Missing You,3.07,Daniel Leggs,2025-09-17,2025,sad
6e2UYsd0KXfkcM34cku4Od,my most saddest song,2.18,girlsweetvoiced,2025-01-25,2025,sad
4AbEJ8MWT59L08enCwnmw9,Cut My Hair,2.67,beaux,2025-05-09,2025,sad
7tuReNLxWLJLJi7GJ4znzr,Jailbreak,3.23,"Waylon Wyatt, Bayker Blankenship",2025-01-17,2025,sad
6k4wDacQEHeHFM6Qe8XPHH,I Miss My Friend,2.85,Sadie Jean,2025-10-24,2025,sad
5LpQyHR7LljdrKMQNZ8ths,Destroy Myself,3.27,"Parker Jack, LeGrand",2025-11-28,2025,sad
2SX8RBiEu4sHrB0ZqWKqpB,Sad Spider,3.47,Young Thug,2025-09-26,2025,sad
3SeRijmPRpbNFkRM7PJAsQ,Find My Peace Someday,2.41,Ozzy Higley,2025-01-16,2025,sad
1hu7K6xs39GiqVE8ybYcnX,miss213,1.84,comehelpglo,2025-10-24,2025,sad
1B7W0cJK4epxkVYjlXW1gK,frends with my ex (fml),2.86,annie omalley,2025-06-27,2025,sad
4grI6xJppi9eh905YPvGhg,Quitter,2.69,Cameron Whitcomb,2025-01-31,2025,sad
7stPyIQqzE58VgrVt7KbWh,Mystic Moonrise,1.99,Jasper Rivera,2025-03-27,2025,sad
7mdJAkMBPkKYOLxcVPDqa0,With You,3.16,Dean Lewis,2025-01-09,2025,sad
1bQvwW1bSstdR0Ekw8olO4,YOU'RE NOT ALONE,3.61,"Parker Jack, Chyde",2025-09-12,2025,sad
5l5WSoxDXG3pvXNyuglKIo,You For A Reason,3.05,Warren Zeiders,2025-03-14,2025,sad
2XLKu2gKwmQrYtw7Hd2RpF,Dreaming Of You,2.71,Jordan Rawson,2025-12-05,2025,sad
5IsNCJCbYz4X8HRa5UOpCD,Sad Makeup,3.83,"Yukimi, Little Dragon",2025-03-28,2025,sad
5HDTQ1PMOwkYUSaAktk2aS,Always Miss You,2.72,Ali Gatie,2025-12-05,2025,sad
0mjDJiXyG83w6EdKUWU867,El Youm,3.02,"Ahmed Saad, Vidojean X Oliver Loenn",2025-05-09,2025,sad
0q6KcNw7CySj5KC8WJy0hh,"You’ll Be Alright, Kid",2.49,Alex Warren,2025-01-21,2025,sad
7HhEt94NDY99LtWUeNwbLh,you feel like home,3.33,"iilliaa, sadagain",2025-03-21,2025,sad
2MsFeIKH4BZWuWwUpBJ8Pv,Your Name,2.27,april bloom,2025-10-20,2025,sad
12hMMUrB2JxmNRtptwwqNo,Don’t Say You Love Me,3.01,Jin,2025-05-20,2025,sad
4H6s1mTZcjHAMU36ZF3Xoz,Nothing Without Your Love,2.94,Jin,2025-05-16,2025,sad
3DNkw1wri7KZNMwUzRHJ3A,Summertime Sadness,2.87,"Perfect Pitch, Rocco, L'EXAIS",2025-07-11,2025,sad
2mGj2I8j0MuAmTbzJDzc4N,It's Not Your Fault,3.64,Max McNown,2025-01-24,2025,sad
3mdK2eB8wNS5bmqZvHUuT0,When You Think Of Me,3.85,Isaac Levi,2025-04-11,2025,sad
38uSVm798xlLDCJqYEblzm,Sad Is,2.41,Will HANEY,2025-02-07,2025,sad
6HU1w9eR5YX6aP1OITpnll,How Long Does It Take,3.47,Isaac Levi,2025-12-19,2025,sad
7GjxQQQD9jYCF2Eeh2HHcT,Fable,4.35,Gigi Perez,2025-04-25,2025,sad
6hO8bfYNOb97gzVDgcYVND,Silver Spoon,4.24,Erin LeCount,2025-02-07,2025,sad
3V3lvMtl6LBfi62u1CQf77,Black & Yellow (You Know What It Is),2.19,"Olly James, Marnik, 3rd Wall",2025-08-22,2025,sad
5VBz0HTgh85XNCcAw5r3N7,Sadenes,3.88,DEENI,2025-03-21,2025,sad
1slWhO9FYMHp4mSFIxnCwt,the day after you take your life,1.42,"andre is gone, sad cats",2025-10-24,2025,sad
7EyOlxJwFzUFfaagQ93Rvr,Not Okay,3.14,Isaac Mather,2025-01-31,2025,sad
6nHQzmJrp1Bu1o9qT50sbA,sad girl era,3.04,Livrunna,2025-07-13,2025,sad
2cgdfL5C5P3xSm4tooGBXu,Take Me There,3.35,"Sick Individuals, Matisse & Sadko, Third Party",2025-07-11,2025,sad
5RYTElFWkjRgwhJWBWHVXk,The Sad Sad Alpha Man,2.21,Vinny Marchi,2025-01-31,2025,sad
6qdtJJNjLnrZc6k8KAMxX6,New God,3.37,Moon Walker,2025-06-13,2025,sad
6aK3SOSXnw9ULUtmmAjEAW,Sad But True,5.19,FAKE MUSIC,2025-10-06,2025,sad
76Fync5kPWf3MhVsnI9U4B,Marigold,2.85,Athyer Cane,2025-02-07,2025,sad
1wsHIWc5negUXcEJ7Uiom3,Morning Meditation,2.53,Willian Mcgrow,2025-02-14,2025,sad
48axmFD7PUPnTOdSFMYrvj,WHO I WAS,3.02,"NF, mgk",2025-11-13,2025,sad
2fB3Gu8lFj8tofGchBahR7,i was never gonna be the one for you (snippet),1.06,"andre is gone, tRAUMA, sad cats",2025-12-26,2025,sad
3IogDRfjO5JOOPhDzvppum,WHO I WAS,3.02,"NF, mgk",2025-11-14,2025,sad
4fVoX6BG2jFhPx6uHKevpF,Thought It Was Love,4.1,Ty Myers,2025-01-24,2025,sad
0bgijbvBSiTi4slIRi1OwC,Washed,3.45,The Jack Wharff Band,2025-03-28,2025,sad
25Ws2zYqIIcNcG0zergYyP,Dream Wash,2.46,Rhys Winton,2025-05-09,2025,sad
2II2iennuddfwZ5V6pN4fc,Hoe Het Was,3.92,Sem Hulsmann,2025-03-21,2025,sad
1zM8S2pnIclcdTmrfFnWtX,House Again,3.4,Hudson Westbrook,2025-07-25,2025,sad
7wi4LVcDv0jkJSdIupX9ZV,Wasted Love,2.12,"IDLEGLANCE, Yates XV, B Murph, Kasper Fell",2025-02-14,2025,sad
5iiOubXgYv4GHSudtI4MwS,"in another life, maybe it was you and me",1.11,"andre is gone, xanesthesy, sad cats",2025-11-28,2025,sad
1jNaneKdldRZp3X1EyCdct,Saddle up a Night-Mare,3.84,Louise Rieffer,2025-03-23,2025,sad
2LXrWSJjW30et1rUvweT2b,Eve Was Innocent,2.21,Dror,2025-05-15,2025,sad
4EyEjjmuLZBe0SGdTNCoRR,Who Do I Call Now? (Hellbent),3.18,Sofia Camara,2025-03-21,2025,sad
3WyP7HIQWjGyAbeCtH0l0l,The War Was With Myself,2.27,honestav,2025-05-16,2025,sad
3hQ0ASgyhUQiFfo55veN2a,Thought It Was Love - Acoustic,4.12,Ty Myers,2025-03-28,2025,sad
1pqPnjXzLBGstlYgpQULsP,Wasting My Time,1.52,Oneya,2025-02-20,2025,sad
7nhRUwfLprlXO73yPSg2V4,I Wasn't Enough,4.9,Elowine,2025-09-16,2025,sad
78d0xpfx8xtXXHAp6eBJdk,It Was Always Me,2.78,Pardyalone,2025-11-21,2025,sad
0QZSISBUUhUZQYMIrvgt25,wasn't even trying to get you,2.55,Citycreed,2025-02-14,2025,sad
6lLEN29GhjXkTI6YUsFdMH,The One That I Want (But I Don’t Know Why),2.58,Sadie Jean,2025-10-24,2025,sad
6tlZIGGXozhQpYyKesjwWL,Back in the Saddle,3.55,Luke Combs,2025-07-25,2025,sad
4iZ2AbbfhypxPWVWdFEPdf,The Color Violet,3.83,Abtin,2025-05-09,2025,sad
7jcEaXD19od05Y4aqgffgW,counting the days until we meet again,2.64,sad notes,2025-09-26,2025,sad
0lD78Oo18JztVRHK8GyFXR,Saddle Again,2.94,ROLE MODEL,2025-10-23,2025,sad
4ZgngkORCnHjiXHmZbIFJT,Sad Moments,2.58,Into the Harmonies,2025-01-03,2025,sad
4QTEH3hEGR2gdoNob2rbsN,White Noise In the Skies,2.67,Dust Vale,2025-06-20,2025,sad
5SuYsYQFquOLLKt2l3d4Uf,HERYER SOGUK Deep House,2.97,"Sadık Nergis, MIHRIBAN",2025-11-20,2025,sad
7jPJda9RNx6cD5VhsIgGa7,Here Again,2.76,Alexander Stewart,2025-06-06,2025,sad
0RvDQ5Kp6uI2IAhGZT2V3o,Here Lies the Fool,4.2,Kameron Marlowe,2025-01-24,2025,sad
42vGWY2WGbedlop5fnEBoi,Here Without You,2.72,Executioners,2025-03-14,2025,sad
0AIOW9HaxH4YWj38eu2fkD,Someone is Sad Here & Rainy Mood,2.7,Martin Czerny,2025-11-07,2025,sad
74TXSkTxPXgRZC09F2VYIy,A Sad' Adio,3.36,Tijana eM,2025-01-15,2025,sad
40j1Mf8T57ctUG4KOWZTCL,Sadalasana,2.48,Deltachromatique,2025-07-11,2025,sad
40NyEGlENDHgn62evLzacp,4.2 Hz Tranquil Mind - Binaural Beats,2.08,Neuroflow,2025-03-27,2025,sad
3Deks1sfgE4aSkfpWBNHU6,Her Şey Bitdi,3.4,Sadiq Hemzeyev,2025-07-08,2025,sad
1kLjL6oMym33ao8UOF9fHY,Here Comes the Seventh Son,3.42,Sadie Sink,2025-03-14,2025,sad
5fjN0T3rWDbBRxbBXRfvAJ,Her favorite song,2.65,KAO,2025-02-02,2025,sad
4JAlVlCvomij9Pr4JfItX6,Pt. II: Sad Night At The Airfield - Instrumental,5.42,Yes,2025-11-28,2025,sad
35n8WtGDN94nZZwPcGtPMs,BIGGEST BANK,2.56,"Sad Soundcloud, 014F",2025-08-15,2025,sad
4k0tCONOHquX42A9Mstbte,"Here Is No Why - Live In Los Angeles, 2/4/96",3.6,The Smashing Pumpkins,2025-11-21,2025,sad
19hauVekOLGVBU9lYuuoiO,Here Is No Why,3.75,The Smashing Pumpkins,2025-11-21,2025,sad
6VfeVmzckgv3N0qYutzJOg,Here is Someone,3.14,Japanese Breakfast,2025-03-21,2025,sad
0Inv68QN5D9ir2Z2vYAMY1,Let Him In Anyway,3.29,Blake Shelton,2025-03-14,2025,sad
6rIqTxVK8bzZOeBOszo5c5,アイデン貞貞メルトダウン,4.07,"Xiba Silvia Cordova Rivera, Himura Yu",2025-04-30,2025,sad
0RyBBxvyuDkhFMHHz79tiw,Dirt On Him,3.22,Sadie Bass,2025-01-24,2025,sad
5qU65Gw7v1U498o1rb6NAq,The Lesbian Hunter vs The Sad Sad Alpha Man,2.5,Vinny Marchi,2025-01-31,2025,sad
1eXU8hqX8qzlPhT5ZbeSv5,Sadun Kapuru Sulan Rode,4.08,sachintha Himash,2025-12-20,2025,sad
5cmJYW0fUsgThMIQwUACt5,Charlotte's Hymn,5.14,Penelope Scott,2025-03-14,2025,sad
68J5U1c2kYbWRArp3KMVZj,hmu,1.65,guardin,2025-12-05,2025,sad
5iz7XEHgHKEcj1aBsSR8op,Dancin’ With Him,3.59,Hayden Blount,2025-03-14,2025,sad
6kN7Z0lz7qhxScGZUyhTgk,如果每天都可以 happy happy 誰想要sad:＊ (beat by Neil YEN),4.83,陳嫺靜,2025-03-07,2025,sad
4h24TUG1wJ0uGc47FclYRd,DIMELO,4.03,Himuri,2025-10-17,2025,sad
0c3jcmUDnwFKR859JN1sTs,"Bekhudi (From ""Teraa Surroor"")",5.8,"Darshan Raval, Aditi Singh Sharma",2025-01-19,2025,sad
0leKlYeMBga9CNwHRBhdo5,Hasta el final.,3.25,Himuri,2025-12-15,2025,sad
2aBcSioA0LwlL7B6FjTnw8,El Detective,3.06,"Himuri, Casa Tumbada, Bear Bellz",2025-11-14,2025,sad
5UXiQT9BE0THhqIvvSgJ8D,ME RENDI,3.29,Himuri,2025-07-18,2025,sad
6SB43fJsERdbll0t6n70zG,Someone Else's Hands,2.66,Pavament Hymns,2025-05-15,2025,sad
6lmbHBaKk3DVK6YeM7k4Fy,ma,5.25,Tarune,2025-01-24,2025,sad
48xWwbGxbuKaLWQ2PBhHjJ,¿Que me hiciste?,3.64,"David Pg, Himuri, Ale Roxs",2025-09-17,2025,sad
4fC4Ez29SM5Ufj6Y77fA2s,FMN2_pride_will_kill_him,1.73,Sewerperson,2025-12-25,2025,sad
0kMtHoF0ECgKEVo4GXAXGl,Thorns Of Absence,3.81,Pavament Hymns,2025-05-15,2025,sad
4Z0s6p1P9OFf77IvAzAKVm,Soft Spot - 955 remix,4.17,"Sada Baby, JMSN",2025-03-28,2025,sad
5yA0l7xizAjWYFyus38rZl,Bible Belt,3.57,Baby Bugs,2025-07-25,2025,sad
6RzF0j2vV5YxJOF3e5gPDm,Baby Whisperer,2.15,White Noise Baby Sleep,2025-04-19,2025,sad
5jAgJyYGFg75DpIyEGxomh,Babyface Maniacs,3.69,Yung Lean,2025-03-28,2025,sad
4slenKX8MVIBB69N2uQfYj,WInter Veil,2.13,Julien Arden,2025-06-15,2025,sad
0hDJKGECXgD5wEN7LcxnGC,Row Row Row Your Boat (with White Noise),1.4,Baby Lulu,2025-04-09,2025,sad
0k5phVne2qmtj1eXt6UCtl,Baby Shusher Green Noise Background (Repeatable no fade),2.37,Dream Supplier,2025-07-11,2025,sad
3aJCfLjRCyALexLiLBjmMG,Baby Shusher for Naptime with Soft Green Noise (Loopable no fade),2.37,Dream Supplier,2025-07-11,2025,sad
1vbKlyIJxuTOvGcHI2ZFqp,Baby Shhhusher for Boy or Girl Sleeptime with Green Noise (Loopable no fade),2.37,Dream Supplier,2025-07-11,2025,sad
1d5DWzeUPdknRRAxOQHfL3,Holy Water,3.48,Baby Bugs,2025-09-19,2025,sad
0X6MXTHFD60wFSzEAOVF1M,babyplz,2.0,Helve,2025-10-31,2025,sad
2y0Z9IYIi6BR8yHYfvzuP6,Nocturnal Noise,2.08,White Noise Baby Sleep,2025-04-19,2025,sad
51yVGhDTOjaFaaApOdCDV2,Gentle Noise,2.1,White Noise Baby Sleep,2025-04-19,2025,sad
4NY5Kfwzw1vPVaBjlw6J2Z,Home on the Range (with White Noise),1.77,Baby Lulu,2025-04-09,2025,sad
4PXKTIzlHv10yfJLeJYAzs,Serene Noise,2.09,White Noise Baby Sleep,2025-04-19,2025,sad
5UsBbwNeI8btLV0o5wlfck,Baby Dream Vibration,2.01,"Babysounds, White Noise Baby, White Noise Baby Sleep",2025-09-05,2025,sad
6JITLUjOLfuzXHr6D7rz0J,Cradle of Clouds,2.07,White Noise Baby Sleep,2025-04-19,2025,sad
1GohkX1cx0LChXQH4VTIjY,Sshh Baby Shusher with Soothing Green Noise for Sleeping (Loopable no fade),2.37,Dream Supplier,2025-07-11,2025,sad
2nebiYo6g1rVtFa9C1W9aQ,Lost and Found,2.55,Seth Sands,2025-02-14,2025,sad
1Y3QYzOJZRRAnLILf0t9Cf,New Computers - Slowed + Extended,3.06,Girlfriends,2025-09-18,2025,sad
0ySFzK8NTo4RpICC9xykea,Leave Me Be,3.28,Landon Wilks,2025-09-03,2025,sad
7s8u0T43TRbD0faYEy0RoN,Celestial Ambient,4.24,"Melodia Simples, Celestial Voices, Celestial Melodies, Dy Kamylle",2025-08-11,2025,sad
2CUx50YcjSPKX5kMIQULwE,Sadness in Five-Four Time,2.43,Andrés Martín,2025-10-24,2025,sad
4PwO55sEmOZr89pNhCUFuY,New notes,3.23,陳嫺靜,2025-03-07,2025,sad
1QNHONOtiyoCyDwJZlfx80,Sad AF,3.27,Kee Nola,2025-01-03,2025,sad
5ISEngYEOyyq9j27m9UJzk,The News,1.35,Rooster,2025-08-28,2025,sad
3SPigkwrFnELIFvbHcMn3z,NEW PLACE,3.16,Ben L'Oncle Soul,2025-03-21,2025,sad
5GZcDfrfEk5BlQ3ucpLL8u,Absurd Sadness,3.83,"Melodia Simples, Dy Kamylle, Celestial Voices, Mr Mysti",2025-10-23,2025,sad
6SqkNslr2Nkvd2rSo98kUQ,Deep Whisper,3.5,"Melodia Simples, Celestial Voices, Celestial Melodies, Dy Kamylle",2025-08-11,2025,sad
4B21lvwDsQINBNtkWh4Pu5,The Sad Song of the Wind,1.75,Nikolas Belalis,2025-09-19,2025,sad
39F4oH2iRRK6mis8iXvqWG,Broke Enough,1.79,Mario Judah,2025-10-21,2025,sad
0K39ytPBghFux10uemLgRi,Learning To Breathe,1.8,Mario Judah,2025-10-21,2025,sad
5JUT3UHLB7Pp7TWfVhTpSX,Sad Boi,3.38,Hotbox,2025-04-18,2025,sad
3fiPrs9RnSGQdZ9ihETwEy,She Don't Love Me Anymore,3.77,Charles Wesley Godwin,2025-02-28,2025,sad
5KlE0gDAvTohMcJoXxHfWm,Sad girl from NY,2.76,"Kukon, Gmeniu",2025-09-30,2025,sad
6KWt47cpOrc0mWWrNmb6lg,Stardust,6.77,Anna von Hausswolff,2025-10-31,2025,sad
4BWd7seTOURluar6C8RqYG,Crash (feat. Raphael Saadiq and Kelly Rowland),3.47,"Saba, No ID, Raphael Saadiq, Kelly Rowland",2025-03-18,2025,sad
00Y4Z0GPzdW3pMYxGpgjNs,Sad Old Red - Recollections 2025,4.55,Simply Red,2025-11-21,2025,sad
3RFZxVtVBVeRuDGaKBWWfk,Iris,2.51,Dean Lewis,2025-07-11,2025,sad
4zQNPpLlINdDj3gOkBBRuK,Iris,2.23,Chuck Adams,2025-06-27,2025,sad
6iUdyTdFaDRAOCPeHEPTYl,Blue Hour,3.51,Anna Graves,2025-01-31,2025,sad
46nDtgUccXYzR2lfWCbwqa,Sad Eyes (泪眼),2.72,WayV,2025-07-18,2025,sad
6dQCNOXFOOrpDwoSbSMbj5,Sad Dance,3.28,Oi Va Voi,2025-05-02,2025,sad
0sF3ozEn80pUeLUoUHd4Pp,The Sad Story Of Sam Stone - Remastered,2.46,Golden Earring,2025-11-14,2025,sad
0OFQYhcMhGEvgrTwqXaMKL,Sad Old Woman,2.7,"Problem Patterns, Matt Korvette",2025-09-12,2025,sad
7EAKbarMS2YhGfpP3O7v4T,Sad Old Jumper,5.23,Mince,2025-07-04,2025,sad
5qgujfEzSW1GBs7TU1w31p,Older That You Get,3.15,Hippie Sabotage,2025-02-21,2025,sad
4bY36yXxvgaxfcCrwWBM19,Feeling Sad,3.98,Ashley O'Dee,2025-06-28,2025,sad
4cPd4uApHO3KE8EDYxwPg0,سادة على الحك سادة,4.41,ياسر العبيدي,2025-12-15,2025,sad
0G274Cn7Z8olJVHBqG4wpL,Sadrah,4.12,For Revenge,2025-12-11,2025,sad
4Y0vuTHouhTXIiHDUKlaI9,All I Ask,4.45,Michael Gerow,2025-04-09,2025,sad
1zI3172Vt56GyWsE0hswJl,Middle of It All,4.21,Josh Sadowski,2025-11-14,2025,sad
7qce9OhP8IEEMl64CPeqFl,Sadai Qalbam Ra,4.5,Bamix Beats Studio,2025-11-27,2025,sad
1CJiR2qKa0VMDTXXgzaPKN,You deserve the best,3.06,Kristina Moe Hals,2025-01-31,2025,sad
60amC4QIOiBbBymIyXU7cE,Hozier's Yell,3.29,Royal Sadness,2025-03-11,2025,sad
2kozhjeoLr6UhKobaAiJuw,Falling Behind,2.84,Connor Price,2025-02-07,2025,sad
5gPSmg5iQPXadHeuSzSMTU,Lost,2.91,Ridi,2025-02-07,2025,sad
4OtjPsGwu103n7XV6mN2ax,Lost Myself in You,4.85,Elowine,2025-09-16,2025,sad
35pK4OLL4lHlzoMd88N4mW,Lost Ones,3.05,"Nevv, Tyler Gifted",2025-02-27,2025,sad
5u1INtvLnUhOdzuOOvKplG,Lost Myself,3.41,"Hi-Rez, Jordan Meyer",2025-07-25,2025,sad
18WkgMWvkrG7kBKzHYK0j2,lostness (sped up),1.55,saddenex,2025-09-26,2025,sad
4sQGeeYk0GKqJUVBilBqBI,The Sadness In Everything,3.41,"Lord Of The Lost, Tales of Time",2025-08-08,2025,sad
0JsdpyMKi6R6w8KDouakUy,lostness,1.86,saddenex,2025-05-16,2025,sad
1UFXQ9hsKnpXDfUuYQXAFq,2 weeks in Miami,1.84,Lithe,2025-03-21,2025,sad
10qu86j5CHhFaOqd96uc49,Lost In The Moment,3.62,The Pale White,2025-04-18,2025,sad
0eaVi80vBIrY4Mldv5dbkF,lost in haze,1.77,sadtones,2025-02-14,2025,sad
1y28fScLvioCLOqv2I6hF5,Feelings,3.17,Yimal,2025-02-28,2025,sad
5FnePm6YObmO8E8aQDOg0c,lost the plot,3.05,Louis Torre,2025-03-21,2025,sad
6AP9jixun3AoOghx2bfaFv,lostness (slowed),2.32,saddenex,2025-09-26,2025,sad
0HJf4w24dcDeoX0beCpaMT,sadness reborn,1.75,oversyncing,2025-02-14,2025,sad
3fcswEUDypD3vxt7qHx0px,Lost in Your Shadow,3.08,Time.,2025-07-06,2025,sad
54rUSxCYWHWB1fEm1NEJV9,Myself,4.85,Elowine,2025-09-14,2025,sad
3Vfj5TZ22NaUFCwTn7vrEO,Lost Among Empty Smiles & Rainy Mood,3.12,Martin Czerny,2025-11-14,2025,sad
3i8jzRmrCfDW9DV5EdSWg6,Lost Myself,3.07,"W4SH, Merkules",2025-09-19,2025,sad
3pNDxh5uxmUo36gIFnLpbs,lost it,2.17,guardin,2025-01-31,2025,sad
0wwsApeAh6xZrRZDscm9zy,Feelin' Free,3.86,"Sadie Sink, Kelvin Harrison Jr.",2025-03-14,2025,sad
2MYtFzLvQHywMCCQjLq6wA,Gurbet Freestyle,4.46,"Batuflex, GRiNGO, AVIE, Delil, ERAY067, Mansur, Orco",2025-10-31,2025,sad
2er89yaaFD76MJ8EEcjM9q,Freezing In November - Revisited,2.55,Max McNown,2025-01-24,2025,sad
1iTFJX6an3woR8NRDuOBrW,GANGO FREESTYLE,2.22,"Sadam, Beats Pliz",2025-10-14,2025,sad
6DpDjCk9ARHdByDSYl0WTC,Girls Like Sade,2.72,"June Freedom, Nana Fofie",2025-07-11,2025,sad
29XwzOrnfKvIPjr22T1slO,Thank You For A Lovely Time - Raphael Saadiq Version,3.92,Alex Isley,2025-08-01,2025,sad
4hvlujjhxIOuCFLYZWZMDb,Collect Sadness,5.35,Whirr,2025-01-21,2025,sad
51TYnOifNg1G0jARPF8rZ1,(Cold Water freestyle),2.38,EDEN,2025-10-27,2025,sad
5WEMTWKMdP2pTsdTjGgAfJ,(Cold Water freestyle),2.38,EDEN,2025-08-22,2025,sad
120mO5trMgo21EUuHDTK9D,Free Sad Type Beat STORYTELLING Emotional rap piano,3.21,Debra Beats,2025-08-22,2025,sad
5iXujUJohcxA8dSYCzCF9K,Free Sad Type Beat SAD STORY | Emotional rap piano,3.67,Debra Beats,2025-10-01,2025,sad
4xLZjIAg5NiJWh9kqTXwId,Qaragym-ai - freestyle,2.55,Sadraddin,2025-07-16,2025,sad
4vIGpNvSsYypq0EgKXPz0D,COSTOSO #FREESIMBA (feat. Simba La Rue),1.77,"Sadturs, KIID, FT Kings, Simba La Rue",2025-07-25,2025,sad
6iHEKjvkXScCJqPMPUU9Ov,Freedom To Speak,4.0,"The Sad Guitar, Misery Guitar Strings, The Underground Blues Crew, Jimmy Jake",2025-10-17,2025,sad
5c131sqat9ZC8NbLdTevwd,You’re Free to Forget Me,4.62,Martin Czerny,2025-08-15,2025,sad
4kykoWImj1bYXSBtKocWDm,Verve - Mixed,4.28,Matisse & Sadko,2025-09-12,2025,sad
1nI9VMwq8hsOG9skPnmSW1,Dobra passa,4.06,"Parol Syndykat, Sadoch, Nizioł, DJ Gondek",2025-06-27,2025,sad
5SykbOlYy03kgqUGUsPHXY,"Saddle Up, Ride On",4.02,Country Rock Master,2025-12-01,2025,sad
7IjRizRaCVNRZdkjE3HByz,incase u forgot / freestyle,2.52,"Sewerperson, sorrow bringer",2025-08-01,2025,sad
5JJWunC42GkLm7v0vlsJ9Q,Strangers Now,3.6,Buffalo Traffic Jam,2025-01-29,2025,sad
0d4NBMK3F5RSJh5a6LrPaP,Empty Bench,3.1,David Kushner,2025-02-14,2025,sad
0F0vJ6UAv6SlScmtmrkdxd,happy or sad?,1.79,"nowayout, lian",2025-07-03,2025,sad
5vEoJWv08RrG62grHFynZI,SAD!,2.65,"waale, bre.beats",2025-09-05,2025,sad
17OxZGWVYHjBRyZF4P4fw4,I JUST FKN HATE YOU NOW,1.88,RØNIN,2025-10-31,2025,sad
5EAeVny7aOppdfoMXKeg4J,All the Wars from Now On,4.79,Stephen Wilson Jr.,2025-01-10,2025,sad
0ECyH8hPsch5E5PYAMYq5Z,right here right now,2.49,Adam Yokum,2025-10-10,2025,sad
0MTWRNGIS7KWo5SxepGNIO,Nowhere To Go,2.06,Death Plus,2025-10-26,2025,sad
1gEnOVs5l8q0GGWKfrdbcW,we hug now - slowed + reverb,4.76,badkarma,2025-03-01,2025,sad
6SLrER9AJj9DDPL4lfgNlL,Look At Me Now,4.13,Soul Blues Icons,2025-11-04,2025,sad
1Aw7NispOKhZzd5L8lX7L5,The First Nowell,4.88,"Anonymous, Choir of King's College, Cambridge, Sir David Willcocks",2025-11-21,2025,sad
28qfKthESx26lRuwtxFp2t,"Breathe In, Breathe Out",2.42,David Kushner,2025-02-14,2025,sad
5KlzsbX0k1ViZ57Nv1jRAD,I Can't Hear It Now (from the series Arcane League of Legends),2.68,"Freya Ridings, Arcane, League of Legends",2025-04-04,2025,sad
6lUZPLhFTiThkc2vtOzsLg,i'll wait for you,2.82,dog isle,2025-01-31,2025,sad
47C5L6l3mwSKRMDqgi9m9U,BLOODY MARY!,1.74,"Sadfriendd, xlout, $now",2025-10-24,2025,sad
2wdKPG6lA1XZBMOqeJ6dRc,Shadows of the Now (alternative version) & Rainy Mood,3.05,Martin Czerny,2025-11-07,2025,sad
4v84kBJ9TbCaFO32uAWZ39,Religion's Epitome,2.51,Munn,2025-02-20,2025,sad
0MIilYpQNtwfcNvhJLldrI,Now That You're Gone,3.11,"The Good Brothers, The Sadies",2025-02-17,2025,sad
0DGqflu5BHZ2TUVz1tbZjL,the day after you take your life 2,1.56,"andre is gone, sad cats",2025-10-24,2025,sad
4eaiLWO7cuUklEHipKM1Be,it feels like my arm's been cut off,1.34,"andre is gone, sad cats",2025-10-24,2025,sad
5YtbMGub7uJo3YCkGqJ5zq,the world goes on,1.63,"andre is gone, sad cats",2025-10-24,2025,sad
1pqSwdbXMkLboEJZt1ReKH,play this when i'm gone,3.37,mgk,2025-10-24,2025,sad
0VsS92QhsoQEMoCfiAKPPv,Goner,2.71,Mercer Henderson,2025-04-18,2025,sad
5OX7MT8X5uFe6Y8atDluEB,When I'm Gone,3.14,Peech.,2025-01-10,2025,sad
668xP8ZwFRkdL9vSsWoSvw,and my sins have nothing to do with you,0.87,"andre is gone, sad cats",2025-12-04,2025,sad
5DBVZmRVI0fSmvWq7okoV0,you've made me weak,1.17,"andre is gone, sad cats",2025-12-12,2025,sad
7luiYUUEhmPjf6JN7IaKQo,all of the stars have a reason,1.13,"andre is gone, sad cats",2025-10-24,2025,sad
4VcWUetdpoe15AjsduxGyI,yesterday i was planning to jump off a really tall bridge,1.13,"andre is gone, sad cats",2025-10-24,2025,sad
3FcOf4x70IlribtJMXlbpi,the day after you take your life,1.42,"andre is gone, sad cats, xanesthesy",2025-09-06,2025,sad
0csO9LdMawjBwZf4wf9AVw,but we'll never meet again,1.04,"andre is gone, sad cats",2025-10-24,2025,sad
40Oq2VQGpjW7wK8DAGJSLz,bojack why did you call me? i can't save you,1.0,"andre is gone, sad cats",2025-12-12,2025,sad
2lwnu7BRVqJ1PCXLIRHDC6,Gone,4.37,Ikonika,2025-11-28,2025,sad
5qofb5LjLSLmNofiU7uOHI,GONE2FAR,1.6,"xxanteria, SyKo",2025-11-20,2025,sad
3JHUZgrb0wZPAjsPtAJCU8,Then I'm Gone,3.47,Charles Wesley Godwin,2025-02-28,2025,sad
5zjKxcNJ3v0IkJcOQHWQRZ,Back In the Saddle - 2025 Mix,3.51,"Aerosmith, YUNGBLUD",2025-12-05,2025,sad
1qmcc6IRvBdhmqhLhSaJoo,Background,2.93,Jin,2025-05-16,2025,sad
0oseT5egj3gqCyNLGcTgcv,back to friends - slowed + reverb,3.83,"slō, twilight",2025-03-06,2025,sad
3Ak7iR6LxR1ve4AniAikoq,Background,2.93,Jin,2025-05-20,2025,sad
5JURwwBKpefqIvIQjhA13h,Background,2.93,Jin,2025-05-20,2025,sad
6OWFXnJJCVaQt2f0wRmuUl,back outside,2.88,"Earl Hondo, Frsh Waters",2025-03-24,2025,sad
1Jxgmby5mITwq6nywxZr1f,background,2.74,GHO$†BOY,2025-01-21,2025,sad
6gRQ1ughwucSeC9pnWQun8,Back 2 Back,2.98,Sadboy Loko,2025-06-13,2025,sad
4f85KaQV92LGFviMW4i1bG,Heading Back Home,5.6,Sadhu Sensi,2025-10-17,2025,sad
4QkTaZJzT0KuZ0Btu7oLNb,BACK FROM THE DEAD,3.02,Kee Nola,2025-12-12,2025,sad
3AeEiDYnkouXSd5PuRI9iY,backseat,2.06,Luna,2025-09-12,2025,sad
0lk9F0HqP1vbHcS5ACv85z,Come Back to Earth,2.76,Dempsey Bolton,2025-04-25,2025,sad
4PwX8RVpc6VJkgxHLVRDwY,Call You Back,3.7,Kode,2025-01-03,2025,sad
5CGpW9rlmnHPItIB69SZyC,BLK XMAS,3.17,"billy woods, Bruiser Wolf, SadhuGold",2025-05-09,2025,sad
2h3bCu0lPaOA4fXgdlr8r3,Back to Me,3.8,Ivan B,2025-01-31,2025,sad
5tNzvQLEHlMvoVVwA7iaYN,Back Full of Feathers,3.35,Cole Phillips,2025-01-24,2025,sad
445PCOfgGKCizQGpuvMCFO,Sad Again,3.21,Luxtfux,2025-10-30,2025,sad
2Ha6uaxqnMrmuiBBvt1gVC,again.,1.45,"Zuriel, VAL, Shiloh Dynasty",2025-03-24,2025,sad
3s3rWh1CRt9ev5TotoPJZ8,See You Again,2.29,"AVA CROWN, 3rd Wall",2025-12-26,2025,sad
7kdE7zzHMRXosTj6pZmKgx,Whiskey Again,3.46,Tucker Wetmore,2025-04-25,2025,sad
6xcyPX49KTzzwWWiFzmHGC,Infinity,2.66,"AIRA, sadagain",2025-12-18,2025,sad
6jaDIRojA84qk4KdVg5GLt,calling,2.13,sad again,2025-07-25,2025,sad
6Hm7lZB425S1lD19U1QgXJ,babe,2.45,sad again,2025-08-08,2025,sad
71OtElzYkMHvL7ZRRAcgjN,again.,1.45,"Zuriel, VAL, Shiloh Dynasty",2025-01-14,2025,sad
4iLlR7VDaLEa5Qfov48SIY,Need You Again,3.95,"SadBois, ROY KNOX, Jake Neumar",2025-06-24,2025,sad
0LW0IgX8LGcU2C7KMyQEHO,Drunk Again,3.35,"Song House, Mariarose",2025-03-20,2025,sad
2osPXgSgg2F7F4fVj9LQbG,Kid Again,3.41,Goodluck Rylie,2025-04-25,2025,sad
1VfW1UXXRXopKuUk4b5vi5,YET AGAIN,2.22,YLA Howe,2025-08-29,2025,sad
1PuA9yIKj8yztRrEQGNlU8,"SAD GENERATION, HAPPY PICTURES (AATM) - Live",2.48,"Noga Erez, אקווריום",2025-01-17,2025,sad
5rKhTDhHe2vCklFWRfNEGL,Play That Sad Song Again,3.98,Royal Blue Notes,2025-07-04,2025,sad
6mstcATXoYyeLf0NceFmB3,sad girl winter (again),3.08,VICTORIA,2025-02-22,2025,sad
5XJhkbhziIPl3DTqJ15pxj,Sad Forever,3.12,Cat Burns,2025-10-31,2025,sad
42T7PumRY7bo19Sq2BvXzZ,Рич Форевер 2,2.45,sad and depressed cunt,2025-10-10,2025,sad
4B0eO3xv7d4KTDIZJ4xpbS,Forever,4.15,Eliott Allemand,2025-02-28,2025,sad
5l9u3FymQxGg9vdRXI7tLQ,Know You Forever,3.2,Sadie Jean,2025-10-24,2025,sad
23fs42C3A7vOH4MMfFeSFK,Texas Forever,3.26,Hudson Westbrook,2025-05-30,2025,sad
7hkMu1kxdR92TjJSvzW7mm,Forever Is A Lie,3.43,Kip Moore,2025-02-28,2025,sad
4TFY0vjqb1DbUKzsM0wOSc,forevermore,2.09,Marco Luka,2025-03-14,2025,sad
4jxjzA4umnRp6gRFRkzSEc,sadness,1.77,EKKSTACY,2025-05-16,2025,sad
6o71PklGmzk9ZpJgOVtEg9,Sadness Will Last Forever,3.96,Asipa Markonati,2025-12-25,2025,sad
1dG93NAGzhNlNEyb6K20Zr,Forever,2.99,Elowine,2025-09-10,2025,sad
04NpMknGxbPOQ7Rp9sjc1A,Oh Oh Oh,2.62,"Max Chris, paulys x",2025-03-18,2025,sad
0yeK4EPAQXHyIQb5BRgjCv,Forever Left,3.67,Niklas Juritsch,2025-01-10,2025,sad
4pGc85tTyEzB80xHJAFAGw,Driftlight Forever,2.07,Callum Everette,2025-11-19,2025,sad
6LJ2pawmhSINcFEug2utIx,keep my head down,4.19,EKKSTACY,2025-05-16,2025,sad
0M5KveuCIoez2uxCaec51h,How to Dream,3.17,Ryan Caraveo,2025-12-05,2025,sad
3tI4qJrMhAjF6XHglRiKMV,sadness,1.77,EKKSTACY,2025-11-07,2025,sad
2Qt4hfzu9lw3TBs5w4qI0g,SAD TODAY,2.27,Jack The Underdog,2025-04-20,2025,sad
4s3m0Ku8CPtIxHT6OeO6WT,"Tonight, Tonight",4.24,The Smashing Pumpkins,2025-11-21,2025,sad
0jtsG4pgMZKTI8cORdgc76,MISS YOU TONIGHT,2.83,Johnny Huynh,2025-03-07,2025,sad
51VX8YLzM4EfKOE1vb1ueh,Tonight,2.5,"Kina, autrioly",2025-01-17,2025,sad
1Gy5KZzgK0X7Z9ZO4lNjwQ,Cry,2.58,Ashley Singh,2025-10-31,2025,sad
2eyDfV1nekgdP2oAhLnqtk,Tonight and always,3.18,Elowine,2025-09-09,2025,sad
19JFMoO62iSnUyOZ6DVSxh,Soul Tied,3.63,Ashley Singh,2025-10-31,2025,sad
52TknUIyWfsLeinMwcYGeD,Where Are You Tonight?,1.11,Ashley Singh,2025-10-31,2025,sad
1OK0aqE8MhUJzCk9MJGUB9,Not Getting Better,3.26,Ashley Singh,2025-10-31,2025,sad
2Yx0ms8i1aX3ypIq9kv407,Don't Go Home,2.53,Ashley Singh,2025-10-31,2025,sad
1L9ndHCpo7CLMIQ00W9x5y,Don't Wanna Be Loved,2.61,Ashley Singh,2025-10-31,2025,sad
6OdRUyQy9eVjNG11bFW7Jb,Still Mine,2.27,Ashley Singh,2025-10-31,2025,sad
53laABrlxQhSQ5bxHISjdd,Good Times,3.0,Ashley Singh,2025-10-31,2025,sad
70AHYKxhOZjkQB88ex5sO8,Sleep,2.78,Ashley Singh,2025-10-31,2025,sad
4pOamzh3JM9nIMrQFKrI5Z,Sometimes,3.0,Ashley Singh,2025-10-31,2025,sad
21mTY8e362B2YVdfFFwtNN,A Million Days,2.52,Ashley Singh,2025-10-31,2025,sad
28BBQAp2rsYEqL4H1ZdV5D,Half as Good,3.1,Ashley Singh,2025-10-31,2025,sad
1Rw5lmN9hFCh5vXVn8GwAi,Waiting For The Walls To Change,3.38,Ashley Singh,2025-10-31,2025,sad
2zhOPsPnoKTBYXKEAAWqko,Happy That You Let Me Go,2.47,Ashley Singh,2025-10-31,2025,sad
5CVjEVXqTW8ndb0H7WVyHQ,Slumber Rain Tonight,2.68,Charlotte Koomen,2025-03-17,2025,sad
4py4ZbLn7jfMwIEkVZcczi,Sad Dream,3.58,Sky Ferreira,2025-03-14,2025,sad
7EKALjoyXPH2aHE1zp5aiU,Sad Dreams,2.32,Toygar Işıklı,2025-06-03,2025,sad
3eL5FsGnbgNY7ygd5JKuHm,Cozy Chesnut Dreams,4.51,Likko Sol,2025-02-16,2025,sad
3nfMffQtoBThOQIfrcwbwf,Heavenly White Noise,4.78,Dream Son,2025-12-07,2025,sad
5JwCO7ZGEXHxhkmsgQKRFi,Dreamora,2.04,Namyaso,2025-07-14,2025,sad
09xkGQkMeaIUMm5l8SWQzH,Sad Dreams,2.39,Jonathan Maud,2025-10-31,2025,sad
1rtrhLMeD54BmQIUUXFzeb,SADEYES,3.94,WesGhost,2025-04-25,2025,sad
62XrDQTfsSE0uagEft6MKq,dream of you,2.11,saddenex,2025-05-02,2025,sad
7ByjnXOT8Q2DNjt2KV1YNB,MIHRIBAN Deep House (feat. Mihriban),4.83,Sadık Nergis,2025-09-26,2025,sad
4VR2IaiIdXwFEBhf9n14Gz,Dreams in the Breeze,2.05,White Noise Baby Sleep,2025-04-19,2025,sad
3RTOaWgM3dNqyZR8Sa4CRC,Salmon Dreamland,3.37,Limone M,2025-02-16,2025,sad
6b2hUYz4fV20w85EwV4BCX,Green Noise Sleep,2.16,Dream Shard,2025-02-06,2025,sad
14pCVfUl40Ebnj5cW566qF,Dreaming of a Blue Sky,2.06,Sonic Observations,2025-01-07,2025,sad
05nO4ezwPTgT2lER2inrDm,Auburn Dreams,2.78,Placidous,2025-02-07,2025,sad
6WnpsgpBdN0lZGJJ9iW7KA,Sad Heart,5.12,Soulstice Vibes,2025-11-13,2025,sad
3fom3wZ8E5z8OpkXJ1ceVh,The Sad Heart Of Worship,2.75,"Melodrama, Sergey Yenanov",2025-06-17,2025,sad
3mq55Y5lNpdDYR5zRfrNTh,Heartbreaker,2.87,Hayden Blount,2025-01-24,2025,sad
4e8ICHQYGhN8HzEOi0cQIf,HEARTBEAT FOR A HOME,3.39,"Clinton Kane, Elina",2025-06-06,2025,sad
7e7zzosr1aHHO7LiVibCLF,Heartache Highway,2.5,"Twelve Bar Blues Band, Detroit Blues Band, Instrumentalista",2025-05-05,2025,sad
368LWzQYGdzwqN2rzHoaRH,Private Heartbreak,2.0,april bloom,2025-10-20,2025,sad
5UffFSWAtMPCfgFJV4Seph,Sad Divide,3.85,Autoheart,2025-08-15,2025,sad
74HStNv7UKnd5ek3WPx1Fp,"Trouble, Heartaches & Sadness",2.99,Frazey Ford,2025-09-19,2025,sad
1Dxhty7uE5daEivjibmIdr,Can A Heart Take,3.08,Warren Zeiders,2025-03-14,2025,sad
05R5H2tjEX4lyoWZobCAd3,CHROME HEARTS,3.28,"Gabito Ballesteros, Fuerza Regida",2025-10-24,2025,sad
0QOAUmbrFGjHNHRFsijhtv,First Heartbreak,2.5,april bloom,2025-10-20,2025,sad
7vApML4RyZFkFr2jIBsKFr,Unbreak My Heart,3.46,Iam Tongi,2025-06-06,2025,sad
37zcPHhPi7YxEqUHRn33cS,heart first,3.87,Carly Pearce,2025-03-14,2025,sad
0EM89NiK3rXRR9MAgpygR8,Heartache,2.59,"Chyde, D!ZZY",2025-07-04,2025,sad
56pDmyjPENbADQtxNvRfl2,Rip My Heart,2.24,Kado,2025-02-14,2025,sad
1VwgoKvj7L1PkQTFeFfS6F,CHROME HEARTS,3.28,"Gabito Ballesteros, Fuerza Regida",2025-10-24,2025,sad
1lxlIXtJLmpvYCuB9fEGAd,sadness,1.88,sensacya,2025-02-26,2025,sad
4cdMkOHCfujLVqBaX4YHEl,Forget That Hearts Break,3.22,Ashley Singh,2025-10-31,2025,sad
0l4XWzEtcJl1NLtnKRfbF7,The heart breaks Boneless,2.11,KISSTHEDOCTOR,2025-01-03,2025,sad
3OLYHxl3y6qhrvUMGNJ894,Rock & Roll,2.32,Oliver Malcolm,2025-08-22,2025,rock
3eh8mblaSUb8n3PnvmRyyy,Rock That Body,2.15,Techno Mike,2025-06-13,2025,rock
1esmJ8t2PRbYt2yMx2aSEW,Rocky Road to Dublin,3.65,"Jack O’Connell, Brian Dunphy, Darren Holden, Sinners Movie",2025-04-18,2025,rock
0i8xNA5Gpo9t50J6TeNXE7,LONDON,3.19,"Lijpe, Frenna",2025-12-25,2025,rock
65ZihkVQO3KqPj7ZKxmcev,Rockstar,2.3,LISA,2025-02-28,2025,rock
5045jDDUndh7937KS177Ir,Single In De Club,2.58,"Cristian D, Rijck, $hirak",2025-10-24,2025,rock
13c77IilGVzMcrOFO8rHlb,KANDE (feat. La Rouge),3.15,"CHO, La Rouge",2025-07-11,2025,rock
1PHlNckjnBedkWSNhQ6nvr,Overdosis,2.51,Bilal Wahib,2025-08-14,2025,rock
2t4RCWbICUqhPKVQeA7VPq,The First Time,3.64,Damiano David,2025-05-16,2025,rock
15zJeVUmKFnbrxm9dxcxYD,Sorry I'm Here For Someone Else,2.61,Benson Boone,2025-06-20,2025,rock
3Ewy8OjmSR3Oy9oaluDjhI,Jumeirah,1.94,"ENDS, Willybeatsz",2025-06-06,2025,rock
7ps3LdQn8lKdaa2sbIKFTR,Lotje - Lil Kleine Remix,2.45,"Roeland Beelen, Lil Kleine",2025-06-06,2025,rock
6zdmJ79GtRfpJJdaDPECYm,Atlas,3.0,Pommelien Thijs,2025-03-21,2025,rock
2LddWQtqjD4ORObbXr9pKX,Matcha Coco,2.96,"Noano, Jonna Fraser",2025-04-25,2025,rock
3NHjkgNqWB7cEaRPan3ht4,Iris,2.51,Dean Lewis,2025-07-11,2025,rock
3t85nUPCmSq3O4bJXK0qhT,HDP,2.57,"Milolaathetlukken, Lil Kleine",2025-11-05,2025,rock
00iOOMpnPU1y2A8dD0eKL2,"Rock Me Amadeus - 12"" American Edit",5.85,Falco,2025-10-24,2025,rock
7MZHqgTVTnN6xZGYAcEEAf,Rein Me In (with Olivia Dean),5.66,"Sam Fender, Olivia Dean",2025-06-20,2025,rock
0npU90BM992t07Oh3hfaYb,Maak Me Niet Heet,3.15,Broederliefde,2025-12-11,2025,rock
4IunKjJY3tOuERmzYufNcL,Hit me up (feat. Chavanté & Kleine John),2.54,"KATNUF, Chavanté, Kleine John",2025-06-13,2025,rock
73epTVTwGh2rSnMkrKmgJS,Nu Meteen (Slide),2.56,"KM, Idaly",2025-01-16,2025,rock
228kBoxefuYuSKt8Eol7mu,Umbrella - Rock Metal,3.7,bino808,2025-12-21,2025,rock
5xMcW7L7Z7zzvVHWZm2mXc,Mektebin Bacaları,3.08,Lion Thunderbolt,2025-11-16,2025,rock
5TtIzx3I7ss9mAolGkoOtJ,meppen a/d zijkant,4.11,"kans, Jonna Fraser, KM",2025-10-26,2025,rock
1AscKTe28Ls7xpzoITpeld,Mistake,3.75,Overgrown,2025-11-14,2025,rock
4mDgrJn99ReTYTUUU2L72F,Let Me Go,2.96,DEADCUE,2025-11-21,2025,rock
1KmPsZLKm0yqCqWTW4FZNd,Rock My Body - Techno Version,2.0,"Ascence, Kid Marko",2025-06-13,2025,rock
6JinlTBOcePrN15YuHLWMS,Rock My World,3.31,"ACRAZE, Puku",2025-03-14,2025,rock
4pW1YPKxZcifKjKua2EpZi,Rock My Body - Techno Mix,2.41,"Repulse, Talvo, Lexy Cassell",2025-11-28,2025,rock
3HVKu3dFG2CRDUY0Xs9QNN,Rock My World,2.81,Heart Break Klub,2025-10-30,2025,rock
3LsMVzc1MIhyvcR0aTSrFf,rock my world,1.96,"plaxz, Beidant",2025-08-31,2025,rock
3zF8qeMyTaLam0rjXS5Tsi,Rock My Body - Techno Mix,3.04,"Alexander Popov, Van Snyder, Desi G, TOROK",2025-10-31,2025,rock
1lOEsMhcYeofNeYeGaGa1N,Rock My Love,3.16,Keyside,2025-11-07,2025,rock
1ZzvnRvE4JEgWBmU8N8Zqw,Rock My Body,2.81,"Blvck Cobrv, B Martin, Capri Everitt, Slap Mage",2025-08-01,2025,rock
6r3Nm0u75QVyIUQlwBKnBa,My Own Way,3.2,"Freya Skye, ZOMBIES – Cast, Disney",2025-07-11,2025,rock
5Pz9veeFyqDSbfavqZonFo,Rock My World,2.24,cortex,2025-08-15,2025,rock
2xkypDKYP2cyvRIfPKQ3hX,My Only Angel,4.26,"Aerosmith, YUNGBLUD",2025-10-24,2025,rock
6vZOeJuAG3v5B95ngbVkh3,miss sunshine,3.39,mgk,2025-08-07,2025,rock
4ec9Ql46MqyiEaszvOyLzG,Mysterious Girl,3.36,Damiano David,2025-09-11,2025,rock
0DMU0QiSypeYxL6BYdxjcy,my mind is a mountain,2.85,Deftones,2025-08-22,2025,rock
0MsACqjx1TEG9rHDTqlnGY,Rock your body,2.07,314pies,2025-07-03,2025,rock
08N0q9eUKJNrgDxiPusfLg,Rock your body - Slowed,2.44,314pies,2025-07-03,2025,rock
7B8Aa1JqVgQb7LmPN329Ps,Rock your body - Sped Up,1.8,314pies,2025-07-03,2025,rock
2JhtoiqWsbUgrKkQ7XhWKW,Rock Your Body,3.05,"Alex Hobson, Dj Arno",2025-07-11,2025,rock
6svEif9Zl2ZRFGTBa9tZ14,Rock Your Mind,2.88,"Restrained, Karun",2025-02-07,2025,rock
2xTe5W9eNwCX02wNRLB3Ui,Rock Your Body,3.52,Kyle Icardi,2025-09-19,2025,rock
7cVZNEOvSYjgiqU6F4Wdom,Rock Your Body,3.0,Chapter & Verse,2025-08-15,2025,rock
4ZDyqVe5lKtQaCnyPeQiZ1,Rock Your Body,1.47,Tic-Tekk-Toe,2025-09-26,2025,rock
0Ao9Z60Iy3HG1SEUQPVMRs,The Rock You Need,3.47,The Slim Kings,2025-10-29,2025,rock
3rNFzaZnKOVbShAhYy6zbn,Rock Your Body,4.22,Drakk,2025-03-28,2025,rock
6QOSsq9F1yR9ka8ZbgAYmI,A Moment,3.39,Kensington,2025-01-16,2025,rock
2tZWFvzme3F1pL7ADw2XOv,Ashes In My Mouth,4.75,Bleeding Verse,2025-09-15,2025,rock
3Pur5ZFRlDmKhg67Y7i6Op,Burn Me With A Bible,4.09,VIOLENT VIRA,2025-11-14,2025,rock
04uYkJJJWUVebGXtJ8aEnG,istillfeelthesame,2.51,5 Seconds of Summer,2025-11-14,2025,rock
4sv3spsuZqwDivXriR7izQ,If You Loved Me Then,4.01,Bleeding Verse,2025-07-25,2025,rock
4s0RdTQO9yf2VOhrpBW0Gz,IS NIET ERG,2.46,BVAM,2025-12-19,2025,rock
2jUcuBOT2eoBnoMBTM4L1i,"Hello Heaven, Hello",9.11,YUNGBLUD,2025-03-18,2025,rock
3v4wBmythn2y5gc68BBhT1,TIC TAC TOE,3.28,VOILÀ,2025-11-21,2025,rock
6qpxQxwWnGWJ6v9sAK4LFX,istillfeelthesame,2.51,5 Seconds of Summer,2025-11-17,2025,rock
65QPpi3wnDr1MPBd6OXxLM,Guiding Lights,4.4,"Pendulum, AWOLNATION",2025-08-22,2025,rock
3X0IVQKNeGj7nLKc9hk4En,Shotgun,3.17,"Broederliefde, Rich Kalashh",2025-08-07,2025,rock
4PgmFTZGjBlwnS59PvmQvl,Allerlaatste Kus,3.14,"Broederliefde, Eranio",2025-08-07,2025,rock
6cuNIepgkUin7SA5dnDD9V,Kulu,3.07,Broederliefde,2025-12-11,2025,rock
2H8GS31n82Q6awKa6aLB1Z,Dansvloerkiller,3.14,Broederliefde,2025-08-07,2025,rock
7Mxbp0DtUpTetgfBVmWr1j,Babyboo,3.24,"Broederliefde, Kaya Imani",2025-08-07,2025,rock
0HRnsa3kd64ivR2Bi5cssD,Lost & Found,3.26,Broederliefde,2025-08-07,2025,rock
487Rn6cBaXFcU6noolo82Z,Slowmotion,3.39,Broederliefde,2025-08-07,2025,rock
3BQDbiPiw3PuC6cfRATALM,Allerlaatste Kus,3.14,"Broederliefde, Eranio",2025-12-11,2025,rock
34HVqkxoAFptLZ6YHQJiiH,Loesoe,3.44,"Broederliefde, Oykie",2025-12-11,2025,rock
46McCL1pFvjFGeUW6oEq2z,Was I Ever Enough?,3.76,DEADLUVE,2025-12-12,2025,rock
70AY6FZAJVYQdrZTIuo1zI,Gang,3.01,Broederliefde,2025-08-07,2025,rock
6qAkBMS9DtmSujEPQEB6MI,Laatste Nacht,3.36,Broederliefde,2025-08-07,2025,rock
3eEuUIsqBVqBjSyd3EBrWz,After Six,2.76,"Broederliefde, Antoon, Ronnie Flex",2025-08-07,2025,rock
75u8iDyqzv44J3GRTWWv65,Dribbel,2.56,"Broederliefde, DjangoBeats",2025-08-07,2025,rock
3jyn9kUBCYPDS0slTxCm9f,Waste Your Summertime On Me,3.45,The Destruction Of The Cult Of The Sun,2025-06-20,2025,rock
2u8tKgbOwd6jvWQOIgHvNj,Wash It All Away - 2025 VERSION,3.79,Five Finger Death Punch,2025-07-18,2025,rock
6qj9njMpcgPxjbVIuYrTpp,Waste of Time,3.5,Arkayla,2025-09-17,2025,rock
449JfamENZ6wohiPWz8GLw,Rock the Party,2.89,DIMMA,2025-05-08,2025,rock
3385SjMBVJEiecNbuD42pw,Rock The Party,2.38,Major Conspiracy,2025-07-31,2025,rock
6OyHx4GJwzOGaktpjOuDJ5,Rock The House,3.9,"Demi Riquísimo, The Trip",2025-06-13,2025,rock
2oqq6m2yhaocEOukbvwxur,Rock The Party,1.93,Diffrent,2025-08-29,2025,rock
6UwBJ8aWuGst8naGbl5pJv,Rock The DJ,3.55,Twisted N' Luv,2025-10-18,2025,rock
1cMFYGtNoh5x3hCWrHAVca,The First Time,3.64,Damiano David,2025-05-15,2025,rock
4lYmJo2OkSxZDLXoxx358C,Therapie,2.63,"BFLQuatro, Burleson",2025-12-19,2025,rock
4czbBki3SfZ7OC2jUmfCEV,Rock the Night,3.43,LMBSA,2025-12-17,2025,rock
31SF2unE1SZ51m4O11isG9,theclubrock,2.04,Benny Bellson,2025-08-17,2025,rock
0VvnilE4NFQKe7U6zngovj,Here Comes The Sun (Take 9),3.69,The Beatles,2025-11-21,2025,rock
1UWDJny6H4Yvvj7utRlTuU,Herkes Beyaz Bir Ben Mi Karayim,4.09,The Spirit Of Anatolia,2025-11-05,2025,rock
7COZ6Y206vYxHuLVe2s2Jc,Here I Come [Ready or Not] Coolkid Chase Theme (From 'Forsaken') - Rock Version,2.4,D.Meletis,2025-05-15,2025,rock
6MrDruvJSkB6yk55rFYqR1,Her Name Was Fire,3.44,Samuel Cabana,2025-07-28,2025,rock
3l9u6a1jn2naA3xYyT0WGe,Wish You Were Here,5.64,Pink Floyd,2025-12-12,2025,rock
2vEPqe4v2KKEv0tfcasEIM,Herkes Beyaz Bir Ben Mi Karayım,2.76,Psychedelic Rock Cover,2025-11-21,2025,rock
6thDYkVuW5NONGV9IXuDCD,Here To Stray,3.12,"Mick Hup, Bram van Uum, Jeff Bolink",2025-10-24,2025,rock
1CYAyFNkJq1vYa6yLbFCYt,cant stay here,3.45,mgk,2025-08-07,2025,rock
2emP1QTygJFxSqbrnqe6uz,Heroes,2.33,82MAJOR,2025-04-14,2025,rock
5KlOPUMoHshfX0qgquCGl6,Heard You Called,2.16,Andre Flores,2025-09-19,2025,rock
6qDV6X7DCgt50ellsnKrl6,Helter Skelter (Second Version - Take 17),3.64,The Beatles,2025-11-21,2025,rock
0eOT4T0gy2vqOZsMI2FKQS,Heroes - Spotify Singles,3.0,Smash Into Pieces,2025-01-10,2025,rock
56zbJT5L0brrPs3iZQNvn9,Here's The Thing,2.72,Fontaines D.C.,2025-04-16,2025,rock
4aIPxRYXNRsuUfJzSkT6tE,The Hermit and the Lover,4.58,Blackbriar,2025-08-22,2025,rock
4j4NCpKg0dZKqepfdwL1KH,Hereditary,3.41,Wind Walkers,2025-10-03,2025,rock
2wluh56EsEDJrb9pEUYRkQ,Химраствор,2.08,"Какая Разница, Падаем",2025-08-29,2025,rock
5097PIxRRGilR1esMUlqxO,El Himno de Mi Peña,3.14,Isabel Aaiún,2025-04-25,2025,rock
29qGW0onbNeEq29cTg4NzD,Bathsheba & Him,3.56,Bastille,2025-08-01,2025,rock
5TGaAipSOYmhKEOMK1Ay69,Devil Himself,3.67,LaLion,2025-09-18,2025,rock
6fTB0pEfFjKwMMmw2flH4y,Himmel Pink (feat. Filow),2.13,"01099, Gustav, Zachi, Paul, Filow",2025-09-26,2025,rock
0lVSIulurqMnMvumiB7mqN,Himalayan Yak Chew,4.06,Aesop Rock,2025-05-30,2025,rock
7y3RresceY44rKrX2ED8D4,What If...?,3.6,HIMALAYAS,2025-04-25,2025,rock
71d4BYTRaWpmmGuHdX8ihY,What If...? - Alternative Version,3.62,"HIMALAYAS, The Haunt",2025-10-31,2025,rock
3VVkjA4KTxFjCTr7PyaY5C,Himalaje,3.46,Mela Koteluk,2025-03-14,2025,rock
27V91lUrDHcsv4hlWlW3YQ,PREDATOR,3.92,HIMITZU,2025-03-06,2025,rock
7z3CfL28cpQ9Udvpdw2Njb,Shinitai Himawari,4.01,Shinsei Kamattechan,2025-01-15,2025,rock
0uMllGcj8Kpf1wKp0UFNYa,Himmelhoch,5.93,"Retromigration, Niklas Wandt",2025-02-12,2025,rock
4bD2wfFsZarxaZC6PfKDvE,Heima,4.73,Gísli Gunnarsson,2025-11-07,2025,rock
3IRzRvopmdmarj5aFymCa7,Himmel Pink (feat. Filow),2.13,"01099, Gustav, Zachi, Paul, Filow",2025-10-03,2025,rock
2PEWR8KPbDVq7vrOFk1Yti,Bathsheba & Him,3.56,Bastille,2025-08-01,2025,rock
3U4EGp4Z7BepaIYltzVwYo,Beneath the Barrel,4.98,HIMALAYAS,2025-04-25,2025,rock
2ydWEPlcHn1zPdQIGnifgM,The Ballet,4.0,Heems,2025-10-31,2025,rock
4NwMIYjfWr2s1jJzrQUkyb,HIMMEL feat. Heisskalt,3.72,"VAN HOLZEN, Heisskalt",2025-09-12,2025,rock
7d61TYD3b29COOCNAap2b8,Rock (feat. Baby Gang),2.93,"Lacrim, Higashi, Chahid, Baby Gang",2025-11-07,2025,rock
4qlG0w8cQJhXqRTdA9PwDO,Babyboo,3.24,"Broederliefde, Kaya Imani",2025-12-11,2025,rock
1jPDg6xhVMxLB9HmkAYI6Z,Rock Baby to Sleep,3.49,Baby Lulu,2025-07-30,2025,rock
3NYwBfpXtucYLmt0UehvAg,Baby Brazil feat. Las Palabras,3.78,"Σtella, Las Palabras",2025-04-04,2025,rock
2S3u18aJF8eExll5dYwSJb,RATATATA,3.62,"BABYMETAL, Electric Callboy",2025-08-08,2025,rock
4Zp5v6styXEH7gDiIEYQDw,Baby Z,2.05,Loe Shimmy,2025-12-22,2025,rock
02LxT6qfOdC5cVu6XRfuAQ,Babygirl,2.9,The Black Keys,2025-08-08,2025,rock
2DcQbyQcO8k0HZzJOmFRaV,Misère,2.88,"Baby Gang, Higashi",2025-01-10,2025,rock
4jjV04AHbmwKZU513fwngU,Baby,2.04,Matteozz,2025-09-12,2025,rock
2Y0fvcpV5pfIuXlgRgZimn,Rock A Bye Baby,2.84,Jean Dawson,2025-08-21,2025,rock
6DhHemJ11W1QlUFtnV5wfo,Rock a Bye Baby,1.93,Tommy Twinkle,2025-03-07,2025,rock
6rIjA3RB5za85KEibAK4jC,Rock A Bye Baby,2.84,Jean Dawson,2025-11-14,2025,rock
5GG7qwldLGTBmSaB0GgiwK,Babymilo,1.69,Pashanim,2025-04-30,2025,rock
1gX4XxI0fniTYZBzts488N,Sunny Baby,3.32,The Kooks,2025-05-09,2025,rock
3I3uj6ppN6ZssvzEpWtl3X,Rock-a-Bye Baby (with White Noise),1.12,Baby Lulu,2025-04-09,2025,rock
6ddUMEyWR5M9l2lFHgwbTO,"Don’t hate yourself, but don’t love yourself too much",2.33,Baby Lasagna,2025-02-07,2025,rock
0qtvCZI69m5RPDsGXLkzVJ,Babygirl,2.9,The Black Keys,2025-03-21,2025,rock
7EzhX4L1jGGfbhwXnnwUHC,NEW ROCK,2.89,Lida,2025-11-07,2025,rock
4ISnCuHFXszIN1JJEiGo65,New Computers - Extended,2.51,Girlfriends,2025-09-18,2025,rock
17mzKJARvVNR7eDyPqBpIG,New Disease,3.22,From Ashes to New,2025-07-25,2025,rock
5x6upZfvPNX0MFwrPW7V3J,NEWSGIRL,3.26,Logan Levi,2025-02-14,2025,rock
6r2JE3s7XVnGfwiWCymyWf,Unshatter,3.27,Linkin Park,2025-05-16,2025,rock
6kffh7yHiAwOlnmw4Bf9io,The Treadmill,3.38,Sam Fender,2025-12-05,2025,rock
66KZtX4hp3Y7JaqmNL5z4i,Chin Up,3.39,Sam Fender,2025-02-21,2025,rock
3WvRovm27gKBa9AxV1MxE5,Talk to You (ft. Elton John),5.28,"Sam Fender, Elton John",2025-12-05,2025,rock
7jHje8PxYBAqlctCfalZpX,I Still Think I Love You,3.37,The Happy Fits,2025-09-19,2025,rock
6i2ifddYVX3yKRd9DO25mj,Rein Me In (with Olivia Dean),5.68,"Sam Fender, Olivia Dean",2025-06-20,2025,rock
06dBzUBULISVMFBeNKbbRA,Even If It Kills Me,3.54,Papa Roach,2025-01-22,2025,rock
2fiabxMbdC8AX3iY6zbYRZ,Two Faced,3.06,Linkin Park,2025-05-16,2025,rock
0hYF22MkZCa2nfaboNDnWq,The Rock Suite,5.19,"Nick Glennie-Smith, Hans Zimmer, Rusanda Panfili, Nairobi Chamber Choir, Odessa Orchestra & Friends, Gavin Greenaway",2025-01-31,2025,rock
3yLeICfr88u3o5xeKPFBtJ,New > Old,3.66,Sloe Noon,2025-05-28,2025,rock
7DBf7vpgcSNBw6dL3IIuHD,The News,3.76,Drugdealer,2025-11-20,2025,rock
2LzaKlxBBmUVlkAuQKKhRI,New York,2.72,Junior Varsity,2025-06-27,2025,rock
1bSjk3hGtX6jWtJ7pz87o6,Me and The Dog,4.24,Sam Fender,2025-12-05,2025,rock
2EgeIJr1QqL3t0ZUdMrfCL,New Realm,4.52,Glyders,2025-11-21,2025,rock
3J0ujby8bhbyGfLo9F4WpJ,Rock n Roll,2.64,"Leony, G-Eazy",2025-02-28,2025,rock
6uTB06YRl5gDO8ua7t4jEE,Older,3.93,KANE,2025-03-28,2025,rock
4iyCORYRUEVoGZ8aU0DN7F,Sun,3.04,Derik Fein,2025-01-01,2025,rock
1Ln8J72dYF8uxKKytJSRLJ,Older,3.93,KANE,2025-09-19,2025,rock
1iNzOvQkAeXDeVIni76Yb2,Same Old Song,2.91,The Lumineers,2025-02-14,2025,rock
6i0lmwyA9LcqE7KMzMi1MV,Old Enough To Love - L.T.D. Remix,3.34,"Silk, LSG, L.T.D., Gregory Isaacs",2025-12-26,2025,rock
6RoUDvgz6PWO4ilp8i0vkc,Rock & Roll Rebels...!,3.02,"Shaydan, Tom Garret & The Lordanas",2025-10-01,2025,rock
605Ur4SuPhMUQmtYTsc0vi,OLD FRIENDS,3.8,Ethansroom,2025-12-05,2025,rock
7l6trYvIpGZATjkAS7pFGy,Ineens Weg,2.7,FAY,2025-05-02,2025,rock
6vESO1FTukPbLQG4POG3Bi,Old School,3.98,Bucky,2025-12-12,2025,rock
6h445SubjrkKJZsfcO5fFY,Dirty Old Town,2.89,The High Kings,2025-03-14,2025,rock
6Zk4is50TgIueZNL9DgMb5,The Rare Old Mountain Dew,2.36,The High Kings,2025-03-14,2025,rock
6RMudjNcUAWfXAgEmQ1FZZ,Old Town Road - Instrumental,1.83,Cover Cat,2025-01-03,2025,rock
7kXiVUl1CunAOzFVaGezox,November (uit Ik Vraag Het Aan),4.87,Emmy d’Arc,2025-01-24,2025,rock
4HWzltJ5xVyZBLHIWcrjGY,Old Man,3.19,Robert Jon & the Wreck,2025-08-22,2025,rock
4vqTCWPKMLaYoCQPSzgkvK,Feels Like Deja Vu,4.4,The Sways,2025-09-19,2025,rock
3GYjogz3etZ5EilFOZLJRE,Old Love,6.39,Eric Clapton,2025-11-21,2025,rock
7tyFgPXKS935sdmT9kQ9tA,Champagne,2.79,"HIGH SOCIETY, OYSTER, Lostt, Cité",2025-07-11,2025,rock
1RlQQ7IhyKqSih2cWopppl,Speld,2.4,"HIGH SOCIETY, Cité, OYSTER, Lostt",2025-09-05,2025,rock
5QE2E07BDthH3JDRvxQb1k,Blauwe Platen,2.04,"HIGH SOCIETY, Lostt",2025-07-11,2025,rock
1XOA2its682Mg3rKYtPZbq,101,2.29,"Cité, OYSTER, Lostt, NOBODYPANICC, HIGH SOCIETY",2025-06-20,2025,rock
31lWesphLmHT1mC4InQVPW,Certified,2.75,"HIGH SOCIETY, Lostt, NOBODYPANICC, Cité, OYSTER",2025-07-11,2025,rock
4rDFR74PotM0s4Y1bkePc3,Maffioso,2.6,"HIGH SOCIETY, OYSTER, Cité, Lostt",2025-07-11,2025,rock
5gQ4DUWbR85BTWv4ogJLX0,Don't Fuck Around,2.24,"HIGH SOCIETY, OYSTER, NOBODYPANICC, Lostt",2025-07-11,2025,rock
0vrWrwDcDb78lyHyFTvxx2,cliché,2.94,mgk,2025-08-07,2025,rock
73hvoZggXDE0TGl0qqj1zo,lost,3.03,almost monday,2025-10-03,2025,rock
2mPnJGQZJ6WgqHd8m9Xqjb,Amazing Girl,2.55,"HIGH SOCIETY, OYSTER, Lostt",2025-07-11,2025,rock
5eGBNzWgM5hJDRm9di8YiQ,Facetime,2.26,"HIGH SOCIETY, NOBODYPANICC, OYSTER, Lostt",2025-09-05,2025,rock
5AdykmuGeKMX6liHtlexdi,Like Me,2.73,"HIGH SOCIETY, Cité, Lostt, OYSTER",2025-09-05,2025,rock
7K8eJmLopPwxTWmr507WgU,N & N,2.85,"HIGH SOCIETY, OYSTER, Lostt",2025-09-05,2025,rock
3iBEQMsr9r1X4e3csTa4EC,Us Against Us,2.41,"HIGH SOCIETY, OYSTER, Cité, Lostt",2025-07-11,2025,rock
7J8dblv1KOh8vJSQ3erlFD,Slipgevaar,2.49,"HIGH SOCIETY, Lostt, OYSTER, Cité",2025-07-11,2025,rock
1fbanb4T9ptGApbmcSdTuz,Overzicht,3.56,"HIGH SOCIETY, Lostt, NOBODYPANICC, Cité, OYSTER",2025-07-11,2025,rock
309En71X6xOho6RGSqJLxV,Lost & Found,3.26,Broederliefde,2025-12-11,2025,rock
281WTjbEGjNvjzqJlTbDuJ,vampire diaries,2.59,mgk,2025-08-07,2025,rock
2NvbHFJ7x6arBWHAQ1WbJE,BMW,2.01,"AVIE, Orco, Rockywhereyoubeen",2025-04-25,2025,rock
4pjscHePTaECTMedeI958Q,Bodyrock Freestyle,1.5,ronehl,2025-10-08,2025,rock
0PYYsjI0C0aHdkqbzWtqvE,Sesamstraat,3.33,"BFLQuatro, Freezz",2025-05-09,2025,rock
7CUFQ2T15KbAutwz7xA2jO,Landen En Vrij Zijn,2.88,"Jonna Fraser, KM",2025-06-20,2025,rock
5CkxU2GgiXLHX67xU41jom,Last,2.92,"BFLClyde, BFLQuatro, Freezz",2025-04-18,2025,rock
3eCsrRgvTNzCSrGUESA5OX,FREEZE,2.61,KickFlip,2025-05-26,2025,rock
2gjgAWkkeM8u849gkTV9ow,FREEFALL (feat. Chris Daughtry),3.78,"NOTHING MORE, Daughtry",2025-03-28,2025,rock
49Oona47wNkQbP2A7y8Vtj,FREEDOM,3.1,Ado,2025-04-08,2025,rock
3X5g7FmcDHDkGScYfHor8Z,Free 808,2.01,Loe Shimmy,2025-12-22,2025,rock
2SDt9c9f3roakTt6iO715k,Free Association,4.59,Friendship,2025-05-16,2025,rock
2gbpzXTeJxGh1v9Uza6IbP,Run Free,2.93,Michael Patrick Kelly,2025-10-30,2025,rock
2uemoKLOrv2zP9mZMb12JH,Free - Rock Version,3.71,Kenshi,2025-08-21,2025,rock
0N2T1M0EXFV1ExfozBMrrF,2k25 Freestyle,1.56,"OCS, JayEliano",2025-02-14,2025,rock
14zdZ5NfYVnxVMqpzYKB2c,DUBAI CURA FREESTYLE (feat. Murda),2.27,"CHO, Murda",2025-07-04,2025,rock
21w1xsb7gu5CubQApGf7Si,Break Free (feat. ZAYN),3.83,"Borderlands Music, ZAYN",2025-09-19,2025,rock
6My8jidGtXHcnqfG03m29x,FREEFALL (feat. Chris Daughtry),3.78,"NOTHING MORE, Daughtry",2025-03-31,2025,rock
1nbM8fGtipshANXqdzv44J,FREE FALL,3.49,coldrain,2025-09-26,2025,rock
6kYKKpUZYlbDveoRsB1jTD,Moon Palace,2.94,Stick Figure,2025-11-14,2025,rock
4tzyeIoXwhySanqaHIrrKA,Freeway Jam,5.6,The Rolling Stones,2025-11-14,2025,rock
2CSBPkFvN4M4XWMQWmi9Av,NOW OR NEVER - Ultra Slowed,2.34,"Tkandz, CXSPER",2025-10-02,2025,rock
6yU5qvGg7NFKLbPhnOuPE1,I Wanna Rock,2.12,Sekko,2025-11-14,2025,rock
7myefbgLOK1JWjCPa5Xtz6,Sabie Sunset - The Rocketman Remix,3.64,"Lee Ann Roberts, The Rocketman",2025-04-24,2025,rock
6DS0X38oreIyAmHYfJ9Fxa,Virginia Highlands,4.05,West 22nd,2025-04-04,2025,rock
3GMIawuhHlLSfj3CJoj7K3,Nowhere Man (First Version - Take 2),2.41,The Beatles,2025-11-21,2025,rock
6DGxLkEo2RfLgqqxmBfdp2,Forever Is Now,2.86,Blanko,2025-08-15,2025,rock
0Zkmnr4CuY2HY133dSVCqA,NOW ZERO,3.4,cleopatrick,2025-12-05,2025,rock
78G7XqoiGCCUF3zdx6Owft,Now & Then,2.53,Knox,2025-04-04,2025,rock
2zzIFxQNwUuVDHt7HFmg40,Rock This Party (Everybody Dance Now),4.09,"Bob Sinclar, Cutee B., DollarMan, Big Ali, Makedah",2025-12-05,2025,rock
6yT9iNKt8fQoYpQkbWc7YR,Kiss Me Now,4.27,Pierce The Veil,2025-05-09,2025,rock
5fWLrDKwe74ox3a0xQwXCb,Now I Don't Speed,2.42,Jordan Nash,2025-05-09,2025,rock
59ledUSDBtJ0f4YEAf8Fxi,Save me now,3.04,Wisp,2025-08-01,2025,rock
7jE5EJGdGp9WFzYHY3UzYt,Going Nowhere,4.82,Kanadia,2025-05-21,2025,rock
6hIYAAoBoQrNWAggIuNzad,Laugh Now Cry Later,3.32,Mareux,2025-06-27,2025,rock
45c2puZgmaC23MaKgeHda2,Black Box,4.09,Automatic,2025-09-26,2025,rock
61PRStQYGCt51TCV2aUo96,Laugh It Off,3.02,West 22nd,2025-04-04,2025,rock
4O65OTIE0r8ak5klJoJUe5,Nowhere Fast,4.01,Larkin Poe,2025-01-24,2025,rock
5omPamBRcpMT72aSvroqGI,Gone,3.91,The Hollow,2025-10-15,2025,rock
5izNIS9U22jfK2uUgtpcme,Gone,4.32,HAIM,2025-06-20,2025,rock
1ncMHGFyenvbtPk5dIAmwt,I'm Gone,3.82,Closure,2025-09-26,2025,rock
7ewijyXAAoC189S3v5rS51,Gone Away - 2025 VERSION,4.49,Five Finger Death Punch,2025-07-18,2025,rock
0qHn5G619WYV9PvvcnYp5U,Goner,2.4,Reverse Pathogen,2025-09-15,2025,rock
7qKohSGg9hmRNR9bSO4KUI,Summer's Gone -second season ver-,6.86,honeydip,2025-02-26,2025,rock
7rjYa50DhIGJW8TI2heDMG,Gone With The Dead,3.42,Demi the Daredevil,2025-10-15,2025,rock
1mSUfUdmD2pGx60YxTzM3V,Before It Might Be Gone,4.95,The Vices,2025-02-07,2025,rock
5Tcf55vVCIMutdBAZzH82x,Since U Been Gone,2.58,Nic Johnston,2025-11-24,2025,rock
7dAgi4FMmfPkNsi3fgqt2i,Gone,8.57,Bjørn Riis,2025-04-11,2025,rock
5mzoTEYokJSroGlOw0LDp0,Not The 1975,3.3,Knox,2025-04-04,2025,rock
12flRH7IPXT0fAfwq8kPBx,Gold,2.91,The Vices,2025-02-07,2025,rock
4nfsniwDofJi1davOnbeH8,I Know,3.16,The Vices,2025-10-10,2025,rock
6SVdMGAmLlGvkhcm9pDupN,"Gone, Vanished",3.42,Fragrance,2025-11-07,2025,rock
5UMrlyvPDl44vbtqOC30mx,Pick Your Poison,2.65,Knox,2025-04-04,2025,rock
46v5bqWixB5EwbA2vz1P1F,Gone To Ground,2.9,Bruise Control,2025-10-17,2025,rock
6sUhMxQJJblix6Zk2hIWf6,Gone From My Hands,2.98,Paceshifters,2025-11-14,2025,rock
4jpOIZjWZwgJNaVKPuH2DV,How Does It Feel,3.41,The Vices,2025-02-07,2025,rock
4YXPLCOzpEhrLbveYod0k8,Back Of My Mind (feat. Nino Paid),2.01,"Rockout Danny, Nino Paid",2025-05-09,2025,rock
50xPaSwYLoKZrLhPyuHwvC,Back On You,5.4,Djo,2025-04-04,2025,rock
0wArHSFURjwGD97DCrxbG7,Back to '89,3.61,"89ers, Rimini Rockaz",2025-12-19,2025,rock
39Un0tg79MUAr52bLTZEhk,Back outside,2.03,Sosa La M,2025-10-31,2025,rock
1gYNo6sCys1dJEIFcgqlYr,Don't Look Back in Anger - Remastered,4.84,Oasis,2025-06-13,2025,rock
1Eqdkt6DfGNWElHpeujHGJ,HIGHJACK (right back),2.7,"Alok, Łaszewo, A$AP Rocky",2025-05-16,2025,rock
24bWsNbVOEN3LBHUCXgOeg,Back On You,5.4,Djo,2025-09-12,2025,rock
1DnLZZYOAtGzjYNKcUu1ap,Back Door,4.14,KALEO,2025-02-21,2025,rock
7gsql8wfnW1ItjUhOcYDPY,Back To Ground,2.75,Iona Luke,2025-04-11,2025,rock
5yriBaBAgiRDoTVVWazMuv,"Changes (Live From Villa Park) Back To The Beginning (feat. Nuno Bettencourt, Frank Bello, Adam Wakeman, II)",5.67,"YUNGBLUD, Nuno Bettencourt, Frank Bello, Adam Wakeman, II",2025-07-18,2025,rock
5s6m3hERrOnWxj7NVMoUvt,Back Door,4.14,KALEO,2025-05-09,2025,rock
13JktVuMKBfhnBkOqovCyb,back to friends,3.03,Our Last Night,2025-12-05,2025,rock
7rhDDCVryx9frLUnXSgrZ5,Crawl Back To My Coffin,4.04,Dayseeker,2025-10-24,2025,rock
1MiinqNShZaTkB2QA1Budc,ROCK & SLIDE,2.64,Bolu Ajibade,2025-11-14,2025,rock
3xCSWJ1EE4CNQsSddQ8mcS,Back To Us!,3.08,Nona Cyrelle,2025-10-17,2025,rock
1QyMjg9Y1mPK4IDCWDJMGK,Backroad of My Mind,2.82,Ryan Jesse,2025-07-18,2025,rock
0vxWUzXgdcDpPSCnOfq2UE,Back On Me,4.03,West 22nd,2025-04-04,2025,rock
45WQmEMvZMy3a90XbRWbbB,Back Of My Hand,3.44,The Belair Lip Bombs,2025-10-07,2025,rock
32Mo5ZAqjwyJ6N0099xgOG,Us Against Us,2.41,"HIGH SOCIETY, OYSTER, Cité, Lostt",2025-09-05,2025,rock
2hCVZaN1R3yS0U4LffcjEw,I'm Scared I’ll Never Sleep Again,2.83,5 Seconds of Summer,2025-11-14,2025,rock
7qOBKhD1a54OvLvVee2tGf,Cobra,3.09,Geese,2025-09-26,2025,rock
6YrH2Gv2iksIYbAhLcr0NB,Again,3.6,Inhaler,2025-02-07,2025,rock
5WGr8oEBp2RBrorc5ZEx1K,Trinidad,3.75,Geese,2025-09-26,2025,rock
519y2mj7Tjt88o76JGcZdQ,I'm Scared I’ll Never Sleep Again,2.83,5 Seconds of Summer,2025-11-17,2025,rock
5YiZTYIfI5gdsL0evuC1nz,Some Things,3.57,Nevertel,2025-09-12,2025,rock
3Y022K4zKNPHmGtDgnF7BL,Break The Silence,3.1,"Nevertel, Sleep Theory",2025-09-12,2025,rock
5VkpIzw9veia48jPjPD6LH,Criminal,2.93,Nevertel,2025-09-12,2025,rock
3ucVKI8BEpLXK3j64GDbY4,Again,2.58,Girl Tones,2025-05-14,2025,rock
5AgSnYXThgjRBz5KhBEATu,i tried again,2.94,mgk,2025-10-24,2025,rock
1L00vG2kGAmaAw47GQUNNI,I'll Never Love Again,3.75,WOODZ,2025-09-24,2025,rock
5cbDTZG8lBJqVVa2zqROPI,Taxes,3.29,Geese,2025-09-26,2025,rock
0mpRiv2dG8CcFgc76c1Zyy,Again - 2024 Remaster,16.33,Archive,2025-01-03,2025,rock
6hhwkTBz0NeLhyQbVQjz4t,LOVE AGAIN,2.93,Dutch Melrose,2025-08-29,2025,rock
0tVsCgKblBO21OsNOIPHQI,Nothing On Me,2.69,White Lies,2025-11-07,2025,rock
4H2gV6Guwy3lg4getaecRN,Good Intentions,3.39,Nevertel,2025-09-12,2025,rock
2wtPOLm0mVbf1OfOimj2rp,Hey You,3.52,The Belair Lip Bombs,2025-10-31,2025,rock
4KzNvdiaThTQx6UK6ReuIu,Losing Faith,3.09,Nevertel,2025-09-12,2025,rock
6DwKMwqenMFQy5G8ZV2fNL,Ay Si -REMIX,2.32,"Yenko Forever, Hekje31, JOJO AIR, Gettalot",2025-12-19,2025,rock
6AOAthWo71IHyLjwPMEXjr,Forever,3.91,Stick Figure,2025-11-14,2025,rock
07FeCdaFiJYdynFyJW515F,Forever Overdose,3.22,Amira Elfeky,2025-03-28,2025,rock
1P2w1kx5JC4RyoMwVEr94U,Forever Tonight,4.18,Velvet After Demise,2025-03-30,2025,rock
6PX4PvshYDB0ZFtdlnoywI,Who Wants To Live Forever - Stranger Things Remix,2.79,Queen,2025-11-07,2025,rock
1WurBf1lmtahpv7BUKaSQj,Live Forever - Remastered,4.65,Oasis,2025-06-13,2025,rock
25HmjsZYDISFMQmeZoQvkz,your name forever,3.82,mgk,2025-03-18,2025,rock
6senHn4SzdbrOTKoiHtDSB,Forever Never,4.01,Druidess,2025-10-17,2025,rock
3xq2cEbJqjkbHNSpF2ddMi,Forever Howlong,4.8,"Black Country, New Road",2025-04-04,2025,rock
1UM8l7AkaYK6jdeaFQW9EH,Forever,3.91,Stick Figure,2025-11-06,2025,rock
6xalKUcbwOt6BY8jwNQZgZ,forever,2.34,EKKSTACY,2025-05-16,2025,rock
1v56m5wqwXp2ScSCkqCPu5,Leave Forever,2.97,Hayes & Y,2025-04-25,2025,rock
6aQDeNwyDs1oh9ZiSZWLv7,Forever - Bonus Track,3.35,Eric Clapton,2025-11-21,2025,rock
56Vk4WrIrTr3Jg7hReNZVb,Happy Birthday,4.1,"Black Country, New Road",2025-04-04,2025,rock
4U9ZjqhaGF9wl56899E4sW,Besties,3.61,"Black Country, New Road",2025-04-04,2025,rock
3cVKy8GOboRUtsIFgeYU9J,The Big Spin,2.53,"Black Country, New Road",2025-04-04,2025,rock
3vtceW4EYrv3enjfz7MTff,Nancy Tries to Take the Night,6.61,"Black Country, New Road",2025-04-04,2025,rock
6NLspfY8ITSQElt0aebYa4,Stone Shadow,4.06,Glyders,2025-11-21,2025,rock
5kQOy15OnDkLP2pIFFjB1C,Salem Sisters,3.18,"Black Country, New Road",2025-04-04,2025,rock
3N6Zk9qBgmx1muuckzSesg,Tonight,4.66,CharFutur,2025-12-20,2025,rock
7BRIHKjWdU4vMxF5M2UoJ1,comfort song 4 u,2.12,overtonight,2025-06-06,2025,rock
6yPKmsflrSfRPwRNvQSJsG,Tonight,2.81,Eliot Feldman,2025-10-26,2025,rock
1V1TMO6fo7litforz1adKj,Tonight's the Night - 2025 Remaster,4.7,Neil Young,2025-11-28,2025,rock
7GO5KQBja2CbkTGGPT4XNI,Tonight's Entertainment,3.18,The Rions,2025-10-03,2025,rock
3I3FSs3C05QUs3r8fSdSeQ,Don't Wanna Go Home Tonight,3.52,Three Days Grace,2025-08-22,2025,rock
0WJ8Or1MIGFsX4rzwMuPxd,Out Tonight,4.22,Penelope Road,2025-05-16,2025,rock
7auewWZffOw4DpMH00WLR5,Tonight (I’m Afraid),3.42,Scowl,2025-04-04,2025,rock
1c31ct7Jo0qLxSKjz3CMNO,Rock Me Tonight,3.49,"Ponifasio Samoa, LAU, The Loft",2025-07-18,2025,rock
5EInIZ99hVYqigyOOKXto7,Tonight I'm Gonna Rock You Tonight - 2025 Remaster,2.64,Spinal Tap,2025-09-05,2025,rock
5h8bFExaOKRSeYVMEwOWpq,dropout,2.18,overtonight,2025-06-06,2025,rock
1u9iHwttLc4aRzBPAXnuHk,In The Air Tonight,5.03,Marilyn Manson,2025-04-18,2025,rock
7CyCdQpTrLeoaFMqx8GRHv,Tonight Tonight,3.9,"Meldamor, Dark Chisme",2025-01-10,2025,rock
3hu5jD7RLgjy42aZslS8D5,Tonight's the Night (Gonna Be Alright),3.94,Rod Stewart,2025-06-27,2025,rock
0QHiPNnlfw9ItF0SJkJ1u2,drinking thinking of me,2.3,overtonight,2025-06-06,2025,rock
1NeYdwfqPVmmItoaBNq7KJ,Maybe Not Tonight,2.75,Lime Garden,2025-11-12,2025,rock
1l9RlyV721xNvcR4KFOvgt,Collide Tonight,2.11,Sepia Serenades,2025-01-10,2025,rock
5L2zKpYWV2HfXVMcrHnMlk,Tonight (We Need A Lover) - 2021- Remaster,3.6,Mötley Crüe,2025-11-14,2025,rock
0kh3Vsiqf3LWNP7dIMxqYO,Dream Come True,3.3,"Freya Skye, Malachi Barton, ZOMBIES – Cast, Disney",2025-07-11,2025,rock
74WPDIfW057ekIzgo54Jy1,Dream Come True (Intro),0.57,"Freya Skye, Malachi Barton, ZOMBIES – Cast, Disney",2025-07-11,2025,rock
3sVRneYYdJQ9KdtYo5MsLH,Dreaming,3.76,The Ting Tings,2025-04-25,2025,rock
1taAWbOQjwBG08kVViv7tW,Rock Bottom,3.52,Cian Ducrot,2025-08-01,2025,rock
6GXzWGC7HRKiwyY474Edzc,Wishful Dreaming,3.1,5 Seconds of Summer,2025-11-17,2025,rock
05RVHlafuc1NMa2ci1GS0U,Dreamin',3.88,Cuco,2025-09-12,2025,rock
6w6MDFLUFroW5fcyypXzfF,Dream Woman,4.14,Suki Waterhouse,2025-06-13,2025,rock
4rUqU8SKMG22liqDKsiIp9,Nothing Breaks Like a Heart - Spotify Singles,3.64,Damiano David,2025-09-11,2025,rock
3e8Riw1PxURxWWkePQ2cz8,Cinnamon (feat. Albert Hammond Jr),2.4,"Damiano David, Albert Hammond Jr",2025-09-11,2025,rock
0geGNEtSOokaaaACCtCYeJ,Sweet Dreams,4.37,Nic Johnston,2025-08-22,2025,rock
1HuuFLjgjIfzMFgGuZjv4Z,~metal dream,3.05,Deftones,2025-08-22,2025,rock
3xkzLGTZJ507njgScoCC0y,Rocky Mountain Sunrise,2.1,"Dreamfield, saint rumi",2025-11-21,2025,rock
7xGQDpu96lw8RSwjrRas6f,Dream Life,4.02,"Ren, The Skinner Brothers",2025-11-13,2025,rock
2cqMPFXlN2RvoTobnrImN7,dream girl,2.1,gothcandy,2025-12-05,2025,rock
50ASFow3YrVJJpqdzaM1YD,Carried Away,3.46,Men I Trust,2025-05-06,2025,rock
1d7KUsowG9jdi2uxwx5FcN,The Dreamer,3.45,Pale Blue Eyes,2025-03-07,2025,rock
6a27ujWv21H3qCkFGFj58L,Dreamwalker,3.56,Dogpark,2025-03-07,2025,rock
7B9zspndqbrSXXUwVNeTCe,Born With a Broken Heart,3.48,Damiano David,2025-05-16,2025,rock
76k6Av4PyMxrMvbY9NHQUU,Heart on Fire,3.22,Midnight Til Morning,2025-10-08,2025,rock
0xLPEQkDnquzQ4uZhV2DmX,"Heartbreak, Heartbreak",2.9,INOHA,2025-03-28,2025,rock
0gunLQiKGXjbVUTrzKllcA,HEART AWAY,3.03,BEAUTY SCHOOL DROPOUT,2025-09-05,2025,rock
6EKMFSOislMLjoOSivJwlU,heart attack,2.95,We Cults,2025-06-20,2025,rock
2yEO4tULrEUBWHptP1KJOn,HEARTACHE,2.36,"Desire4u, whatsaheart",2025-02-28,2025,rock
3V97CljOzjfQEf00yoSVXg,Nothing,2.76,Niall Horan,2025-03-28,2025,rock
7C5BvEgKzQfcVzGgSqRkkz,The Big Payback - Single B-side - 1982,1.98,Bruce Springsteen,2025-10-24,2025,rock
79P1E0JxrcNDATuPawiYXZ,Elastic Heart - Rock Version,4.89,Written by Wolves,2025-10-29,2025,rock
5szvpZOIMuzCrwNrRwnB9B,Nothing Breaks Like a Heart - Spotify Singles,3.64,Damiano David,2025-01-29,2025,rock
1JVCF3XPSuu6Zs1NXIdddT,Hearts On Fire,4.08,Empty Skyline,2025-11-02,2025,rock
1NA1qHVs6BUYR35orVpmCh,Heart Attack,2.17,Thunder Jackson,2025-09-05,2025,rock
24M0sqhB5iwlvVBBiBUbLu,heartbreaker,3.01,Koven Wei,2025-05-02,2025,rock
5CcQm5auc4abyqFW6SGkdI,heart drop,3.25,Maggie Lindemann,2025-10-17,2025,rock
3TCADnvaBftMuVZMxMNJV3,High On My Lows,2.98,Sawyer Hill,2025-04-18,2025,rock
0Aw55aQDAyITqKPqsLPg4P,Heart of Gold,3.21,Caitlin Krisko & The Broadcast,2025-07-22,2025,rock
3rQtrumwbyI5yjDdGnS6f0,Heartbreaker,3.47,The Lathums,2025-02-28,2025,rock
0QAUgW2vTmlUWhbiNeSkWm,Vaitimbora,2.25,"Mari Froes, Trinix",2025-05-02,2025,remix
2nWw7VrUn8Ijo45K6WIIna,Vielleicht Vielleicht - Holy Priest & elMefti Remix,2.83,"MilleniumKid, JBS, HOLY PRIEST, elMefti",2025-04-12,2025,remix
0YhrnoIJpcjH8npYRKI8r7,Schudden (Dr. Rude & The Darkraver Remix),2.56,"Def Rhymz, Dr Rude, The Darkraver",2025-09-25,2025,remix
6zZQ6eb8qIXl3xahcen5U8,SINGLE - Remix,2.16,"Idaly, Lil Kleine, Kevin",2025-06-12,2025,remix
1EHUaXrI4iKIPz2RvGyWX7,Baila de Gasolina - Remix,3.41,"Outsiders, Ruthless, Effe Serieus",2025-10-17,2025,remix
0QCIpQV3twfqo9kh0t8Zza,Shake It To The Max (FLY) - Remix,2.98,"MOLIY, Silent Addy, Skillibeng, Shenseea",2025-02-21,2025,remix
3KCRqj9rrJzer7FdU6BieU,Lotje - Outsiders' Oldschool Remix,2.73,"Outsiders, Lustrum U.V.S.V./N.V.V.S.U., Jopke, Roeland Beelen",2025-06-04,2025,remix
6tEBveAmxw2hvkOYX3PIkj,ZAAZAA - NOA Remix,2.64,"Frenna, Shallipopi, NOA",2025-07-11,2025,remix
1STor2CyKUL5xbDWxpwtwy,Ordinary - Remix,3.04,Merkules,2025-10-12,2025,remix
5HQFP6XOqSv644Ln6JFCKG,ECLIPSER - Mega Slowed,2.15,PINKY SMASH,2025-10-22,2025,remix
7eIJmAfbodz1EXH7rRLFrQ,Songi Songi - Arabic Remix,3.24,"SALIMA CHICA, RYM",2025-10-24,2025,remix
2AwvQWP375JMb6gJfu6RZU,TREN,1.65,HR,2025-09-17,2025,remix
5CKu1sCiPFq86d3IJAVkYJ,Incoming - Noxiouz & Satirized Remix,2.1,"Adjuzt, The Straikerz, Noxiouz, Satirized",2025-10-23,2025,remix
6YWn1w1lu72zgNg8TdIbGw,truth yandere^^ - super slowed,1.78,akkiemi,2025-12-19,2025,remix
7MO7kNaCWOpslpUH0uIsvi,Take My Mind,2.85,"WizTheMc, bees & honey",2025-11-07,2025,remix
73D1J3DNDg3WRMjrEvFH8N,MEIA NOITE - Ultra Slowed,1.49,"OTVphonk, ZERTAL",2025-09-13,2025,remix
3s7UjzIk3SDX6SnIIpSext,MEIA NOITE - Mega Slowed,1.67,"OTVphonk, ZERTAL",2025-09-13,2025,remix
5GPNL4wcnJxsg6CF54qzlC,No Echoes (Tritonia 516) - Mees Salomé Remix,4.66,"Estiva, Mees Salomé",2025-08-01,2025,remix
6YgWrjlo3nf1bfDs9EZBL7,Mercy,2.6,"HUTS, BXT",2025-04-11,2025,remix
3jhyw60F61gc7nC4dblqtC,JETSKI,2.48,"PEDRO SAMPAIO, MC Meno K, Melody",2025-12-18,2025,remix
1CgxOAjn3pQW03LRhIGE49,Metamorphosis - MNEEMO Remix,2.99,"emi, MNEEMO",2025-12-12,2025,remix
5fnn7gSa4Ezogf7vWm14q8,Mercenary - Slowed,1.56,onimanxd,2025-08-15,2025,remix
1cCsFXk8BUmc63XsQl1Va8,Roadkill - Meduza & ESSENTIA Remix,3.06,"Dubfire, ESSENTIA, MEDUZA",2025-08-08,2025,remix
5KnF2kevpwrnCpJ9BFyulS,My Love - Remix,3.09,"NEMS, Frenna",2025-12-18,2025,remix
217s7lvmWNl9x6WhjwQB3F,you broke my heart (Hoodtrap / Mylancore Remix),1.69,"kobzx2z, Myla, Kryd",2025-10-24,2025,remix
5KOD9sAOkaHQOJptTaFHRf,My Little Fantasy - Bass-D & King Matthew Remix,6.09,"4 Tune Fairytales, Bass-D, King Matthew",2025-11-14,2025,remix
0vYSTV1Lye2Z2zktF6P39C,WHERE IS MY HUSBAND! - Remix,2.56,"RAYE, David Guetta, Hypaton",2025-11-14,2025,remix
4Gpz8ACNewhnn71XnQgc9x,Mijn Benzine - Cyber Gunz Remix,2.26,"Opgekonkerd, Cyber Gunz",2025-08-01,2025,remix
4wUU91B6gjMXhjiC5vYmY2,In My Arms - KREAM Remix,3.63,"ILLENIUM, HAYLA, KREAM",2025-06-27,2025,remix
6AxxHZTffWwQbN9qPbucSi,LET THE WORLD BURN (Hoodtrap / Mylancore Remix),2.17,"Chris Grey, Kryd, R3BEL",2025-09-30,2025,remix
13O1dd0pQzohHTKVBzCo54,Voices In My Head - Amelie Lens Remix,3.2,"Anyma, Argy, Son of Son, Amelie Lens",2025-08-01,2025,remix
0saojeWd1On58bfGxfTjmZ,you broke my heart (Hoodtrap / Mylancore Remix) [Slowed],1.86,"kobzx2z, Myla, Kryd",2025-10-24,2025,remix
0hIa0aOhFV9sZhtRdNcYPo,You Are In My System - Philip George Remix,3.27,"Kerri Chandler, Dennis Quin, Philip George",2025-08-01,2025,remix
4hdAopCiF5yFq7bz9dw96D,My Humps - Techno Remix,1.99,mxbeats,2025-01-31,2025,remix
7C1sr5rt34jC1zlEXMWOJH,A Little Conversation - Franky Rizardo Remix,3.38,"Nick Curly, Franky Rizardo",2025-02-28,2025,remix
4gszx8q6KnVjb14cMwG4bt,Childish - MYRNE Remix,6.16,"Lane 8, MYRNE",2025-12-09,2025,remix
2HC3zCi2hZffYhY7UBKBWa,Your Mind - HNTR Remix,3.7,"Adam Beyer, Bart Skils, HNTR",2025-12-05,2025,remix
3flWoQdYrWyqUsHbURIJby,Stephanie - HNTR Remix,2.42,"Cloonee, Young M.A, InntRaw, HNTR",2025-02-07,2025,remix
47ObzYJCWhum8quPM35ayU,You Want Love (Maria Maria),4.01,DJ BoerBeats,2025-11-05,2025,remix
4Mmtnjz9S70nv5yFJuMbhg,You Lost My Love - Slowed,2.37,"Lonelysoul., AVAL",2025-12-26,2025,remix
4kP05tJ3f6w11O6aIhrHm0,Yougotmefeeling - PNAU remix,2.83,"Parcels, PNAU",2025-08-20,2025,remix
2hO6LSg8pnD8XsF3cbMw1a,Your Body My Body - House Mix,2.6,TTO,2025-03-14,2025,remix
4YuVVkz5RieR3n2j5D2ukz,"Bir Derdim Var - SAYGI1, Remix",4.39,"mor ve ötesi, Arem Ozguc, Arman Aydin",2025-04-25,2025,remix
3Og2GAvJKQDYiqTbR1kAmJ,Is Not Love - Afro House Remix,3.0,"Lonelysoul., Sunrize",2025-12-19,2025,remix
1b8f4XexPt4eNZLTIyYEdI,Home Is You - with Rosie,2.98,"Jon Wiilde, Rosie Darling",2025-02-14,2025,remix
74Ak2jfppIZuKGRe4M8wnS,The Tide Is High,2.43,"Salvatore Mancuso, Max Niklas",2025-06-20,2025,remix
4WkGp2UHhcNvrayxfj0BMt,IS JE DEUR NOG OP SLOT? - REMIX,2.42,JAY,2025-10-17,2025,remix
7vIvBreHnHbdByRqmcR19R,Kayali - REMIX,3.76,"B'Jay, OCS, KM",2025-05-29,2025,remix
4Uyiz6UWIQc9VCPXOJxstd,Teardrops - Rules Remix,3.2,"Womack & Womack, Rules",2025-06-13,2025,remix
4GsbBWNkU1gYTRTH4usuxm,Sun Is Up - Michael Roman & Mazza Remix,2.22,"Klaas, Michael Roman, Mazza, Emmie Lee",2025-05-23,2025,remix
5pDCSfBNQd7Vvuq5u8RH5q,Waterfalls (feat. Sam Harper & Bobby Harvey) [Ely Oaks Remix],1.85,"James Hype, Sam Harper, Bobby Harvey, Ely Oaks",2025-10-03,2025,remix
741fbfXPgLzpWVdtBi5TTc,Island In The Streams - House,3.18,ten leaves,2025-07-01,2025,remix
4qAp1newwblIcqcEBXbilL,is this love,4.17,"Karri, Leon Bridges",2025-12-05,2025,remix
0TeX6xzzAASbIgCsQrVXgh,wassup - remix,2.57,"k1n1ch, waxxxy",2025-01-13,2025,remix
7xoopzOFudgNQ25OOqsKX4,Wasted Love - CYRIL Remix,2.41,"JJ, CYRIL",2025-03-18,2025,remix
37UVFnW1LmuQPT9NmKvhe5,Was im Club passiert - Teknoclash x Lost Identity Remix,2.45,"2 Engel & Charlie, Teknoclash, Lost Identity",2025-07-11,2025,remix
5KzNwgXauan1FWOpG2jqHR,Affirmations - Dennis Ferrer Remix,3.92,"Girls of the Internet, Anelisa Lamola, Dennis Ferrer",2025-10-03,2025,remix
302iphQDRz3hMJoelyKTh5,I Was Made For Lovin' You - Disco Lines Remix,4.34,"KISS, Disco Lines",2025-02-14,2025,remix
5U537T8eADeydeIp95kIUK,Waistline in a Saree,1.78,DJ ICY,2025-07-14,2025,remix
05pzWR3muqV965giegUzRN,Way It Was (Leondis Remix),3.08,"Two Friends, Quinn XCII, Leondis",2025-12-12,2025,remix
6kdiMgljllZ051mYxeOVl1,Was geht ab - Nur So! Remix,3.08,"Beatrice Egli, Nur So!",2025-12-05,2025,remix
5xW2JSBM2w9AZF1iS3VUTk,The Way It Was - Money Remix,2.36,"Vienna I, T3llz, Money",2025-10-02,2025,remix
45pFzXc7DIi2lvCe39BleH,Mawa - Remix,2.06,"Chelsea Dinorath, Teo No Beat, Naty beats",2025-01-17,2025,remix
31Z3t0lonozBw3XmIBPJ0H,Was Your Smile Real ? - Hior Chronik Remix,5.32,"XIXI, Hior Chronik",2025-07-04,2025,remix
6SYIus8KsMuvV7202Niiq7,Away - Wasted Remix,2.94,"Raiieda, Afro Cowboy, Wasted",2025-12-24,2025,remix
378St3dc0lBdup5xA5XwcS,Was It All My Fault.,2.69,visruined,2025-09-09,2025,remix
4YeIRDqYXXgNJbdGpWfueB,BAILA LOCA - Slowed,2.06,"Yb Wasg'ood, Ariis, xlout",2025-05-23,2025,remix
5s2iOQP0eSL01jispVFxR0,DIRTY SHOES FUNK x Washing Machine Heart - Slowed,1.71,Megadrop,2025-12-30,2025,remix
5mEneVEfSUVE9xXONdO4oH,What Was That - House,2.91,"Bibi Rum, i smile u smile, Saint Queen",2025-05-08,2025,remix
4LEXw4CkF87XGwxPaXLp4e,Was geht ab - Nur So! Remix,3.08,"Beatrice Egli, Nur So!",2025-07-25,2025,remix
7LjY2dYUDs1hrSCiKsMYm0,Wasted - Bart Skils Extended Remix,6.23,"Joyhauser, Bart Skils",2025-02-07,2025,remix
3JNaLxAymiSUMrmjOarjeo,The Fate of Ophelia - The Chainsmokers Remix,2.93,"Taylor Swift, The Chainsmokers",2025-11-28,2025,remix
6PlBKImSl4AZoxBU7F649D,The Fate of Ophelia - Loud Luxury Remix,2.61,"Taylor Swift, Loud Luxury",2025-11-06,2025,remix
1VdyrIE6cAQhNfUbNVPDKv,Lola (The Offline's Fleur Tropicale Remix),2.97,"Tremendous Aron, The Offline",2025-09-05,2025,remix
0UdqFFxBcDih7f75sLnj5n,Kaolo Beat - Ruthless & The Darkraver Remix,1.67,"Freddy Moreira, Poke, Ruthless, The Darkraver",2025-07-18,2025,remix
6l6z5YY5uJCjWenk71Fm7f,Una Hora Más - Dimitri K & The Dark Horror Remix,3.6,"Dimitri K, The Dark Horror, The Rocketman",2025-12-19,2025,remix
1bDKr0yjvQIhEQFoIQEArK,The Underground Network (Official REBELLiON Indoor 2025 Anthem) - Satirized & Noxiouz Remix,3.18,"Bloodlust, Satirized, Noxiouz",2025-12-18,2025,remix
4fWGfF4E3zNsrb6JgRB57z,The Way I Are - Max Dean Remix - Extended,5.52,"Timbaland, Keri Hilson, D.O.E., Max Dean",2025-12-19,2025,remix
29zYaLqSEVKeKjjj4px6QB,Purtata - Heritage Remake,4.11,"David Ciente, Jianca, Maria Chivu",2025-08-21,2025,remix
7EoBwxrcmRUIykgkZJWyEH,Here Comes The Prozac (Dione's Gabber Remix),3.65,"Paul Elstak, Dione",2025-05-09,2025,remix
2QDNxaKybJGJaZ0ZLoZbxf,Here We Go (Uh Oh) [Remix] (feat. Leon Thomas),3.61,"Coco Jones, Leon Thomas",2025-08-15,2025,remix
47KS94XrovmyIELQnxnHaw,Here In Your Arms - Ely Oaks Remix,2.07,"Nathan Dawe, Abi Flynn, Ely Oaks",2025-03-21,2025,remix
05irqCJKcBBrbs8lLqageP,Here In Your Arms - J Fado Remix,2.57,"Nathan Dawe, Abi Flynn, J Fado",2025-03-28,2025,remix
46O9cBukCSQbkSFvEKVNjC,Here We Go (Uh Oh) [Remix] (feat. Leon Thomas),3.61,"Coco Jones, Leon Thomas",2025-01-31,2025,remix
2zkZbmGdYDLhWY6Mz7f1Gt,Here All Night - INJI Remix,2.93,"Demi Lovato, INJI",2025-10-01,2025,remix
2xc2ThngGh590Q3aYiy87H,Thousand Miles - Hernan Cattaneo & Kevin Di Serna Remix,7.17,"Imbermind, Hernan Cattaneo, Kevin Di Serna",2025-11-28,2025,remix
0ZsC0690cy35xTI1l8Evxl,Indigo - Hertz Collision Remix,5.37,"Disguised, Hertz Collision",2025-08-07,2025,remix
0koqAq77uRWpWlaJJ0h5QH,Took Her To The O - Remix,1.73,Kughuta,2025-12-24,2025,remix
0YfLUzQ801JUNs8o2f2Er3,Meet Her At The Love Parade - Luca Agnelli Remix,3.08,"Dimitri Vegas & Like Mike, Maddix, Da Hool, Kiki Solvej, Luca Agnelli",2025-11-07,2025,remix
1rL4YUedHjF97AFEsMabNv,Herobrine's Life - Remix,3.3,Redstone Records,2025-04-28,2025,remix
7pebvCwJaGJhUeOfv0C1ks,her hands (Slowed),1.75,decade,2025-03-14,2025,remix
6bxsUOvJA62rfb6JkSH33u,The Glen - Levi Heron Edit - Majestic Tribute to Uncle Mike Remix,2.78,"Levi Heron, Majestic",2025-08-01,2025,remix
3LFUE8ko7EEOaMiWWAZ6sb,she got a thing about her - lucø remix,2.77,"Thomas Day, LUCØ",2025-09-26,2025,remix
0NGsW6kFqxFdBTHXpLhxG5,Herkes Kendi İşine - Remix,3.28,"Deha Bilimlier, Cenk Çöteli",2025-07-04,2025,remix
0Lsy5vdHAjvF72k952N5zk,Heritage - OVERWERK Remix,4.48,"OVERWERK, URUBU",2025-08-20,2025,remix
4EZ8h3X27xJV6Aso1m7fiB,HERE COMES THE SUN (TRIBAL RMX),3.58,SONIC MUSIC,2025-10-17,2025,remix
39z0eil4hSJJXVJDiefs4Q,Feeling - Hernan Cattaneo & Mercurio Remix,4.28,"Woo York, Mark Tarmonea, Hernan Cattaneo, Mercurio",2025-02-14,2025,remix
23plE2XbyhlXsqceOmmszX,He Mele No Lilo - Ciro One Remix,3.47,Ciro One,2025-06-07,2025,remix
5vgeXTHDtVsQkKiwjXFAw4,Him & I - Melodic Drill,2.12,"Drill Demon, Mr Demon",2025-08-29,2025,remix
1QQK6GXlJstKTUj1nVFm9q,Let Him Go - BOVSKI Remix,1.95,"Denon Reed, BOVSKI",2025-09-05,2025,remix
4vu7IHID9cxoYDQkX0TfNe,Let Him Go - Tinie Tempah & Bugzy Malone Remix,2.74,"Denon Reed, Tinie Tempah, Bugzy Malone, Cru2",2025-08-29,2025,remix
4KyXXBiid5VDjKL5P0EJEW,Let Him Go - Badger Remix,2.27,"Denon Reed, Badger, Cru2",2025-08-15,2025,remix
7IGqCfrEqggkk3N1DpFoFk,Himmel auf Erden - 25 Jahre Remix,3.85,"Andrea Berg, Felix Gauder",2025-02-17,2025,remix
4EHXNL3YUwNwmeQjRM4LdZ,Wish (Himera's Shooting Star Remix),4.29,"f5ve, Himera",2025-11-14,2025,remix
5kp4h3m62DUpEULWbUFLwM,Będę Czekać - Festival Remix,3.88,"DJ Sofi, Classic",2025-06-12,2025,remix
0ionUFZoBCoPHx7LMS8BWa,Mini - Coiky Remix,2.58,"Rizi Papi, Dawid Narożny, COIKY",2025-07-23,2025,remix
58fyn65dj0Ynt0YtIppRLK,Mini (Ej Lolita) - Wojtula Remix,2.67,"Rizi Papi, Dawid Narożny, Wojtula",2025-07-23,2025,remix
6IanIRC5yx0Nb4FTQcP2RV,COMPLEXO DO ALEMÃO - Super Slowed,1.8,"NOTXNDYBOY, HIMXN, Mc Bockaum, elysian.",2025-05-12,2025,remix
1nSw0R2vA5ZIiOBiWPepSw,Let Him Go - Friction Remix,2.61,"Denon Reed, Cru2, Friction",2025-09-26,2025,remix
1visCtgOFqnsRu4LLcQHNe,The Sea - The Him Remix,2.6,"Sandro Silva, Jonathan Mendelsohn, The Him",2025-08-08,2025,remix
0o61f168z4wHfOF9K022r1,Güzeller İçinden - Afro / Tribal House Remix,5.12,"Kenan Doğulu, Ben Hims",2025-02-14,2025,remix
0w23yt9zp3zfRSHR90LP4G,Wenn ihr Nachts zum Himmel schaut - Remix,3.66,Michael Wallas,2025-09-05,2025,remix
21LlVaNJUizFTQ1skjg4cV,El Himno de Mi Peña - Hard Remix,3.56,"Javi Guzman, Isabel Aaiún",2025-05-29,2025,remix
4GBA1samYg506R0OENtZFP,Gorące Serce - Remix,3.28,"Defis, Hubert Chojęta",2025-07-18,2025,remix
2fXFjfzoRcuvXi2TrCEqPE,Mini - Vazar Remix,2.82,"Dawid Narożny, Rizi Papi, Vazar",2025-07-25,2025,remix
4r6rulSjEQvd9qYEbtyJvi,Himalaya Remix,8.56,Electric Universe,2025-11-07,2025,remix
0J8uFFBw6jPGRQTzevuaLj,Mountainside (Hicky & Kalo Remix) - Mixed,4.16,"Huminal, Hicky & Kalo",2025-09-29,2025,remix
7ePpoW0MzBwHzCskNSAkgk,Hey Baby,2.99,"Guizcore, The Dark Horror, STV",2025-02-13,2025,remix
6spAlGIQzG1YZlLYK38vAk,BABY - Slowed,3.95,"DJ ROOTS, CAMO, JEY",2025-07-04,2025,remix
4ZsbEuoCv3Kjp5Ud6QC356,Baby Shark x Peppa Pig (Dance Remix),2.19,"Pinkfong, Peppa Pig",2025-12-26,2025,remix
5MplOvzrOHK4kQkp8oLcdu,Babylonia (Hardstyle Remix),2.86,GINIA,2025-03-20,2025,remix
7Be0uMI6ttgH6CMwVRDIx2,Rolling Thunder - Franky Rizardo 'Day' Remix,4.69,"Jamie Jones, Baby Rose, Franky Rizardo",2025-08-08,2025,remix
5tTZIIiV7DwqfxkRvUzwDU,Baby One More Time - DJ Hood Remix,2.56,DJ Hood,2025-01-19,2025,remix
4IwdwwT6gbAluwfHVNGRJK,Pretty Little Baby - LIZOT Remix,2.24,"Connie Francis, LIZOT",2025-06-06,2025,remix
1bQJ6yV9pX39EAiQVVIn19,DRIP (Remix) - Live Version,3.29,BABYMONSTER,2025-09-14,2025,remix
577ECdNQYB6JPIPk1FdPBW,Burlao - Remix,11.09,"Bryant Myers, Almighty, Noriel, Baby Rasta, Arcángel, Austin San, Lil Mighty, YOVNGCHIMI, Slayter, Michael Flores",2025-12-18,2025,remix
7ECZ4aI6U8jawlZ74sunvz,Wild thoughts x Baby Boy x Go Crazy,1.94,studiojenna,2025-10-14,2025,remix
748InvlEYQiWTVFQN1okdX,Call Me Baby - Luxons Remix,1.64,"pinkinthecup, Luxons",2025-02-14,2025,remix
5ELfCceY987QoEi4hfS5PI,Babystar - Momoko Gill Remix,3.95,"Matthew Herbert, Herbert, Momoko Gill",2025-10-01,2025,remix
1PqInWz8dRWlaN9xlzPhrE,Baby G - Victoria Remix,3.18,"Brutalismus 3000, Victoria",2025-03-27,2025,remix
61Mn6flNng29cF2uxUvXiY,Can’t Take My Eyes Off You (I Love You Baby),2.04,MOONLGHT,2025-08-08,2025,remix
6YSVkzQIdvJpY73oN6vJpe,Rolling Thunder - Franky Rizardo 'Day' Remix,4.69,"Jamie Jones, Baby Rose, Franky Rizardo",2025-08-22,2025,remix
2vNwVqKapHlYQEkv99Piel,Spookstad - NewTone Remix,5.23,"Gotu Jim, NewTone",2025-07-04,2025,remix
1PAwB7asG9ZzqPnWc5eW8I,Zombie,3.25,"KROMA, New Beat Order, Amero, Charles B, Patricia",2025-10-07,2025,remix
7zGzS7L6LnI5qQqMm8wTPB,New Look - Wii U Mii Maker Lofi Mix,2.71,"Secret Potion, Lofi Beats To Chill Study Sleep, Nostalgiacore",2025-05-02,2025,remix
7uQ6n8cAnm3yTb5QSwrTVR,New York - Fahlberg Remix,6.9,"RÜFÜS DU SOL, Fahlberg",2025-05-02,2025,remix
6kvH7ustwuqV6ecSYwnip3,New York Accent - Benny Rodrigues Remix,3.05,"Dennis Quin, Benny Rodrigues",2025-09-19,2025,remix
50u8k5uOTwP1K5UCGsOs2d,New Beginning - Unresolved Remix (Bad Blood FR Edit),1.73,"The Beast Project, Unresolved",2025-01-09,2025,remix
6FTIPqGDuXO9OByKDqY8yU,New Rules,3.51,"MARSTEREON, Sup I'm Bianca, Afro Queen",2025-02-26,2025,remix
3wgC5bBD5Iq8iEubEBkqZx,Wale Wale (feat. Sofiya Nzau) [WITH U Remix Radio Edit],3.47,"TRESOR, WITH U, Sofiya Nzau",2025-09-05,2025,remix
5VKG8NfRF2EsebPCOtlkNA,Schade,2.5,"R-D, Pierrii",2025-10-31,2025,remix
1ezQNsp5el8von7KkY99py,Flute (KNTRLVRLST Remix),3.12,"New World Sound, DJ Thomas Newson, KNTRLVRLST",2025-06-06,2025,remix
6GMscAMJJlyNMbr0wNbsRB,a new kind of love - Hoodtrap Remix,1.35,"Frou Frou, Eclipse",2025-04-05,2025,remix
3TD1f6BcKRHHCoYvJq0S29,Alone,1.83,"New Beat Order, mavzy grx, Meyo, KROMA",2025-08-15,2025,remix
454LSVENPhvoHKwnKUZH14,New Look - Wii U Mii Maker Nostalgiacore Lofi Slowed,3.14,"Secret Potion, Lofi Beats To Chill Study Sleep, Nostalgiacore",2025-05-02,2025,remix
1haA1kYuUA4g66cctR5wse,Stay,1.84,"New Beat Order, Seeko, Diverse Bind, Dean Andrew",2025-10-31,2025,remix
0embU3PbqD4HE1dzepBiEb,Vielleicht Vielleicht - Holy Priest & elMefti Remix,2.83,"MilleniumKid, JBS, HOLY PRIEST, elMefti",2025-05-31,2025,remix
1GuXmmnrJKp5ifvcXDw2HO,Elstak,2.4,"Marou, Massin, Juice T.R.M.",2025-04-18,2025,remix
1HJxyV7XLCQFqa21gOqujz,The New World (Mixed) - Matt Fax Remix,3.03,"Markus Schulz, Matt Fax",2025-08-22,2025,remix
0hvMIK5sxmYqO2NBB5UlS2,Aww Shit (New Machine Remix),4.62,"Bone Thugs-N-Harmony, Krayzie Bone, Layzie Bone, Flesh-n-Bone, New Machine",2025-11-10,2025,remix
5FvLsYc4DlWUsEoLJ312kR,Old Demons - Dy Vertigo Remix,7.06,"U47, Dy Vertigo",2025-01-15,2025,remix
4gtQpdtalhbRkURoc5l0ND,Old World Monkeys - Surv Remix,5.97,"The Seven Ups, Surv",2025-11-28,2025,remix
57A68oO0DygNkI9p1km75e,Old Habits - Techno Remix,2.64,"Alan Walker, Farruko, Sofía Reyes, Acko, K3YN0T3",2025-09-18,2025,remix
5kNT1wi9fuYsJ9ds2AvOVr,Proud Mary,3.49,"STRINGS, Jude Lawless",2025-02-28,2025,remix
1249vCaTqFdqUTD304IwfI,How old are you - Bass Surrender Hardstyle Rework,3.18,Bass Surrender,2025-10-17,2025,remix
6Fac67xdI8rS3qmxBQzXlK,Ann Maria - Spanish version - Matt Pop Album Remix,4.49,"Luv', Matt Pop",2025-06-20,2025,remix
0VDGPqjFj9pXFCEFa6bNKL,Old School,2.59,BYOR,2025-03-21,2025,remix
2BXVBM8nBzUJYP0Fg2V2T7,Old Friend (feat. CLOVES) - KOPPY Remix,2.15,"Robin Schulz, KOPPY, CLOVES",2025-08-22,2025,remix
5IplvPCevWZSmWWE0fQFJ4,Embaladinho - 4NDY Remix,1.55,"BRY, Sebastian Roldan, Linares, 4NDY",2025-02-07,2025,remix
5X3p1qsoCgxATEnWsqDSbS,Back To The Old - Joeski Remix,6.75,"Dario D'Attis, Mr. V, Joeski",2025-03-28,2025,remix
5Zdo8pGSFOaAmebmKTiSpG,I.M.U.R. - Matt Pop Album Remix,3.76,"Luv', Matt Pop",2025-05-09,2025,remix
7AjtDYI9Z8LiHC0kXHPQc5,Old School Lovin' Remix,3.54,"4am Kru, Emiko",2025-08-14,2025,remix
3Jt9Bxdaxy5YVUehG3Gy3h,Older - Sunday Afternoon Remix,4.47,KANE,2025-06-06,2025,remix
0dinnyslLUX9WhecryE4XY,Ne Oldu Bize - Kougan Ray Remix,3.09,"Buray, Kougan Ray",2025-08-08,2025,remix
6qYaSCfGstBkRcbhpIy90Q,Don Juanito De Carnaval - Matt Pop Album Remix,3.46,"Luv', Matt Pop",2025-07-22,2025,remix
0OjvmNKW3BGVI8zkCmHFPd,Old Habits - Instrumental remix,2.68,"Alan Walker, Farruko, Sofía Reyes, Tobey, Swarran",2025-09-18,2025,remix
0PPb3DvYgbOl22Sp8myk9y,Old Habits (From Delta Force Game),3.18,"Alan Walker, Farruko, Delta Force, Sofía Reyes",2025-09-18,2025,remix
6Ny0FYDRHi38tjubZaD7SH,Old Habits - AW VIP Mix,3.74,"Alan Walker, Farruko, Sofía Reyes, Sander Meland",2025-09-18,2025,remix
2VfuMk4kSFYJE7NNvpnMDg,Lost You (Avaris Remix),2.4,"oskar med k, Avaris",2025-03-14,2025,remix
5iypuDFQlYIBBdXmHWtnhl,Nicht Nach Hause - Teknoclash X Lost Identity Remix,2.5,"2 Engel & Charlie, LUNAX, Jebroer, Lost Identity, Teknoclash",2025-04-18,2025,remix
7pdK50buyE0JEv4PB1Asr8,Lost - Endymion Remix,3.36,"Furyan, Endymion",2025-07-25,2025,remix
4hz59vqUoiVBAsnBGYpofS,Apt,2.27,The Lost Shepherds,2025-04-04,2025,remix
5IeNBVXQCYcAR3EECLO2ZV,Lost In Music - Extended,6.65,Joshwa,2025-07-25,2025,remix
5ZTKXgHF9DYaIRfM42BiqQ,Lost Highway - Slowed + Reverb,4.8,NightCrawl,2025-09-04,2025,remix
2GrzKEGm9DJE52wNBBZofY,Lost Highway - Dark Remix,4.32,NightCrawl,2025-09-04,2025,remix
3gyL2iRcVFfFezslf1bRgX,lost umbrella funk - Slowed,2.43,"Dj jl333, SEKIMANE, DJ VTTT77",2025-08-07,2025,remix
3rdr5JkTKenZMjDyVJzGrQ,Feeling Lost - Schlot Remix,2.67,"ABTEQ, Schlot, Darkside Unleashed",2025-06-19,2025,remix
1WWC0hQlqIPvIMotbnbR9q,Lost angel - Ichill Remix,3.07,"Brook Sapphire, Atmoman",2025-12-26,2025,remix
4BS94iBVxEcnD4wS08kHTs,Lost - Break Remix,4.63,"Break, Charli Brix",2025-03-21,2025,remix
3oJwyUg1RPi7sfZThqDZgi,Lost (Pacoussa Remix),2.29,Pacoussa,2025-10-06,2025,remix
5idE3HwDuLOkgjCBGPOk1H,Lost In The Night - Workout Remix 135 bpm,3.08,SuperFitness,2025-03-21,2025,remix
184luEoQfOAJcmmjbE6njD,Lost Highway,3.81,NightCrawl,2025-09-04,2025,remix
3f7tDOrVlqeyqIvanQuSbw,Lost Your Faith,3.24,Ava Max,2025-02-04,2025,remix
3N4Cdn70xQ2Knnx7j5Cz2f,Restricted Motion (Interplay 581) - Lostly Remix,4.11,"John O'Callaghan, Bryan Kearney, Lostly",2025-11-14,2025,remix
5Q3trMoWRxGMx6P86HgtnU,Set Me Free - Rising Star Remix,3.1,"Armin van Buuren, SACHA, Rising Star",2025-10-17,2025,remix
2EoYWMtS0nEjOJJjEbLlVk,Freedom - Remix,2.93,"Ruben Icarus, J.A.E, John Laurant",2025-09-26,2025,remix
5hGQSM16tT7hiyie12IHdA,Set Me Free - Franky Rizardo Remix,3.8,"Nic Fanciulli, Franky Rizardo, Robert Courtois",2025-12-26,2025,remix
0idEQ984sMKPZGsOF3RC1X,Freefall - Cryex Remix,3.18,"Bloodlust, Cryex",2025-10-10,2025,remix
7G4XrZlnEUpng7NrRXOnb8,Lethal Industry (Rose Ringed Remix),3.04,"Tiësto, Rose Ringed",2025-01-03,2025,remix
4dcnsu85I6dmY7OHLkQul5,DEEP | remix freestyle,3.12,HQJAQS,2025-12-18,2025,remix
5ZLMh6NE9EENfaBzdjSgY2,Euphoric Night (feat. Lucie Hart) [Tiësto Remix],2.57,"Onlynumbers, Lucie Hart, Tiësto",2025-07-11,2025,remix
5y9lMK546W5uB6ULF2TT6D,Now We Are Free (feat. AntoNetta) [THOMM Remix],2.75,"Gabry Ponte, Blasterjaxx, 1 World, AntoNetta, THOMM",2025-12-12,2025,remix
3lhVWN4MfWDv7X8FOaXubv,set me free - CamelPhat Remix,3.9,"Aaron Hibell, Alex Wann, CamelPhat",2025-02-07,2025,remix
3BZ9y7BkE85DeIE2v2FktN,Freedom - Remix,4.1,Verzetsstrijder,2025-09-14,2025,remix
03UPa2tAkrhLXk5I3LAKG3,BMF - Ladies On Mars Remix,2.74,"Freedom Dub, Ladies On Mars, Nikko Mad",2025-03-28,2025,remix
5QRSF2aVYctPKb0czreVFO,Set Me Free - Darren Styles Remix,2.92,"Armin van Buuren, SACHA, Darren Styles",2025-10-17,2025,remix
6vewEb1OJQYWt0c04jGb3D,Set Me Free,2.34,"Rolipso, NEIMY",2025-05-09,2025,remix
0Sfle7MdEtJOE6bt6uhNtY,Freestyle - PhaseOne Remix,2.03,"PhaseOne, Fox Lake",2025-10-24,2025,remix
6YZpYso4IRiHZkorNJHl6j,Freedom - Patrice Bäumel Remix,8.21,"Budakid, Patrice Bäumel",2025-01-31,2025,remix
5JhnPJ9sjaLcQ75vhGZzws,NOW IT'S GONE - BL3SS REMIX,2.31,"IN PARALLEL, BL3SS",2025-02-07,2025,remix
4Ck0Q063lgaTtbMLozPViA,Baller - nowifi Remix,2.79,"Abor & Tynna, nowifi",2025-05-08,2025,remix
3u7RUaD9mXfUgfHJQWoBkt,NOW IT'S GONE - DIFFRENT REMIX,2.97,"IN PARALLEL, Diffrent",2025-01-24,2025,remix
1v7J9ZAxKqbuLpvMciORtw,Baller - nowifi Remix,2.79,"Abor & Tynna, nowifi",2025-05-16,2025,remix
3T2akkSI0L66otRi6xIs1d,Get Up,2.28,"RULY, Mikz Andrez",2025-05-30,2025,remix
38a8FVRPALCA2IYGcVMVOv,Spinnin (feat. Nemzzz) - Segway Remix,2.7,"ONEFOUR, Nemzzz, Segway",2025-06-13,2025,remix
2qnF8lXbWH7JvIXbTY4XBK,Now We Are Free - B Jones Remix,3.51,"Elysian, Kryder, B Jones",2025-04-18,2025,remix
1J8k92DuKPAmJEOfKmCTYQ,Now We Are Free - B Jones Remix,3.51,"Elysian, Kryder, B Jones",2025-04-18,2025,remix
5RCueA35YAXggfn7LxCjSh,Nothing's Gonna Stop Us Now - Remix,2.88,ONY9RMX,2025-06-27,2025,remix
5HvNGqnHtOSYemoJcUIjyc,Now Rock,2.84,"gangwalkk, Rrodney, wspkartel",2025-01-06,2025,remix
2xEtlzTAHdQFDPqCwkCTAQ,TELL ME (NOW&LATERZ HOUSE REMIX),2.6,Now & Laterz,2025-02-16,2025,remix
0aJfWvQ2mZQJTauKjg8kgR,Right Now,2.81,"SAKKO, Afro Queen",2025-01-10,2025,remix
0QtEkRHU3kosktr5qmvp4W,Now We Are Free,3.33,"Gabry Ponte, Blasterjaxx, 1 World, AntoNetta",2025-12-12,2025,remix
77v7Nm5MP87Ale71TTxQJE,Now Or Never (Tropkillaz Remix),2.6,"Pitbull, Bon Jovi, Tropkillaz",2025-03-27,2025,remix
0hGWiC1tLqKNSA8CXZpN7D,Take Me,4.42,KETTAMA,2025-10-03,2025,remix
7jfn6cODuTW2NjAOsag1A3,The Feeling,2.01,"MAUD, Now O Later",2025-03-14,2025,remix
5hiU8yck7qhE2EpF0bbH07,Nowhere to Hide (blkout. Remix),4.14,"Axel Boy, AFRODITETOOLIVELY, blkout.",2025-12-05,2025,remix
5bjFSjfotRhjHnbHoBYhsW,Gone Gone Gone (Done Done Done) [feat. Teddy Swims] - David Guetta Remix,2.81,"David Guetta, Tones And I, Teddy Swims",2025-10-24,2025,remix
3iHu9c8xnzvPf0VVqIutFX,Gone Gone Gone (feat. Teddy Swims) - Hypaton Remix,3.03,"David Guetta, Tones And I, Hypaton, Teddy Swims",2025-12-05,2025,remix
6e1FpexOjC5Tx3Ij7UusJv,Gone Gone Gone (feat. Teddy Swims) - Nicky Romero Remix,3.85,"David Guetta, Tones And I, Nicky Romero, Teddy Swims",2025-12-12,2025,remix
1P0wthSIyPsBdmlp5k4cCd,Gone Gone Gone (feat. Teddy Swims) - MK Remix,2.81,"David Guetta, Tones And I, MK, Teddy Swims",2025-10-31,2025,remix
6FGsorY9SPb8VguyCUyq9Q,Gone Gone Gone,3.3,"David Guetta, Teddy Swims, Tones And I",2025-10-31,2025,remix
5yYp4iwSD9KNsnIohHCyo0,Gone - Remix,2.74,Siggy & D1ns,2025-01-09,2025,remix
59cQuuXzARm08t27B6a0EL,Gone (Øneheart Remix),2.95,"Øneheart, The Haunted Youth",2025-03-14,2025,remix
4fZUvA5RpKl0gT2arJSoq3,Gone Gone Gone (Done Done Done) [feat. Teddy Swims] - David Guetta Remix Extended,4.66,"David Guetta, Tones And I, Teddy Swims",2025-10-24,2025,remix
2yD6B20Qt8cwrHohKm8SLD,Gone Gone Gone,3.3,"David Guetta, Teddy Swims, Tones And I",2025-12-12,2025,remix
5mfi6cdnfpTTwrYrzrWVb3,Gone Gone Gone (feat. Teddy Swims) - Hypaton Extended Remix,4.03,"David Guetta, Tones And I, Hypaton, Teddy Swims",2025-12-05,2025,remix
1pe5iNCnyqv7nKKSqUQBd5,Sun Is Gone - RUZE Remix,2.77,"Charlie Jeer, RUZE",2025-09-05,2025,remix
6wx6FUJ5Ju8Bs6KyN4YIWQ,Gone - Remix,2.74,Siggy & D1ns,2025-02-06,2025,remix
5hdguUReqpZOhwMhFLimvE,Gone (YUSSI Remix),2.86,"ARMNHMR, PASSPORT, YUSSI, KELIZA",2025-02-07,2025,remix
49zrdB2m0CTKVHysvngvR8,Blink Gone,3.17,"Rubyeye, PARK BYEONG HOON",2025-10-15,2025,remix
5VUhgzzz6nm9CBVclL2I6B,Gone,7.02,The Haunted Youth,2025-03-14,2025,remix
3nnAszQ0oiFklPJkfFqtmK,World Gone Wild (feat. Sam Martin) - KOPPY Remix,2.49,"Robin Schulz, CYRIL, Sam Martin, KOPPY",2025-01-24,2025,remix
2JYK8txfzXg5OPGhsHK7ug,Back It Up - James Poole Remix,2.71,"Josh Baker, Omar+, James Poole",2025-05-30,2025,remix
1YBNxCJX5fwl3D3k0hZ2KR,Front 2 Back - Dennis Quin Remix,3.02,"Jordan Peak, Dennis Quin",2025-09-05,2025,remix
59DoyOAno1LOidu6lyuhCw,Back 2 Me - Kevin Adams Remix,3.76,"Malachiii, Kevin Adams",2025-01-31,2025,remix
2buYw1qofZEIpB1nhX5rjO,Boefie Energy - BURNR Remix,2.6,"Flaire, BURNR",2025-08-01,2025,remix
70eKraygMmw08t8SboRQOa,Back 2 Me - Peace Control Remix,4.33,"Malachiii, Peace Control",2025-01-31,2025,remix
4Kcm8ivwaHKVXTbXf1LO2K,BRING ME BACK TO LIFE - Hoodtrap / Mylancore Remix,2.28,"Kryd, R3BEL, Chris Grey",2025-10-24,2025,remix
5a1YYVGPwKRqxnqQTIzY74,Back to Love (Kareem Raïhani Remix),6.51,"Chris Assaad, Kareem Raihani",2025-09-12,2025,remix
3cgrpsnHx32BCp9UUwwXaT,Run It Back (feat. Caroline Byrne) - Luuk Van Dijk Remix,3.72,"Gorgon City, Caroline Byrne, Luuk Van Dijk",2025-05-09,2025,remix
1TdL6ORhmGZlgEo7sKRdGQ,Back To The Sun - Nu: Tone Remix,4.19,"In:Most, Nu:Tone, Ruth Royall",2025-09-26,2025,remix
4EwtfTENpxg9Z6dFLJun4B,Back 2 Me - RAFFA GUIDO Remix,5.55,"Malachiii, RAFFA GUIDO",2025-01-31,2025,remix
2sPlYWsgX5so8NJFC6Ihtq,Lava Remix - Extended Female Version,3.26,"SOULSTAR, CLAPBACK, Leftside",2025-05-09,2025,remix
4M02PvpMpHzt7zpI9RRLcF,Go Back (feat. Julia Church) - Kyle Watson Remix,3.77,"John Summit, Sub Focus, Julia Church, Kyle Watson",2025-01-31,2025,remix
4SSVNDXeDW5uCAxAWXZM3N,Back To Black - Afro House,2.94,"Afrodite., ccensored, donatello.",2025-01-24,2025,remix
2N1k0rUPvVmNcecuQR5Vqj,Honest - Nour-Eddine Remix,3.38,"Leela James, Nour-Eddine",2025-11-21,2025,remix
3hVHlCcMKoG1rsL0fgRDzB,Backtrack Blow Up - CamelPhat Remix,4.06,"Samantha Loveridge, CamelPhat",2025-06-20,2025,remix
4qQf9avxdww3BpsNwNDGeN,Again - Illuszion Remix,3.02,"Refold, Re-Vane, illuszion",2025-06-20,2025,remix
53rDh4kB1LJyLgnxm8K6Np,Beto’s Horns - fred remix,3.77,"Fred again.., CA7RIEL & Paco Amoroso",2025-11-06,2025,remix
6PRn6ArfJqDfEb0TM2C7CO,Low Again - Niall T Remix,2.54,"BOVSKI, Niall T",2025-08-29,2025,remix
7yRkdZDEKjSUP45TlkGvCd,Born Again (feat. Doja Cat & RAYE) - Purple Disco Machine Remix,3.55,"LISA, Purple Disco Machine, Doja Cat, RAYE",2025-02-25,2025,remix
02f2n3usAnFXyRejWROsHs,Do It Again - Massano Remix,3.33,"The Chemical Brothers, Massano",2025-07-25,2025,remix
2YDczoDtvpPpi8d7AmqsCF,Again,2.37,Baby Lasagna,2025-02-07,2025,remix
5tIrLUbBicfdEq1rd2cnNo,aloneagain - slowed,5.53,NIVEK FFORHS,2025-07-16,2025,remix
2KvXPRj8aAYlfKpXynjCpi,Again,2.14,Lyfelxss,2025-09-24,2025,remix
2rxi40DFNveTmRco5bd3vk,Against - You Man remix,4.26,"IPPON, You Man",2025-02-28,2025,remix
5Y0MU167EmQwpsQWfz6Uq0,Headlock (Hoodtrap),1.84,neverbadagain,2025-11-07,2025,remix
39QDO1CMwXHDPdw8cjJpTi,⁠Beto’s Horns - Ezra Collective remix,4.83,"Fred again.., CA7RIEL & Paco Amoroso, Ezra Collective",2025-11-06,2025,remix
65CTiHdNPoY0RuoyWMXm3I,Whole Again - Remix,3.66,"DJ Kaitapu, Vera Wilson",2025-05-23,2025,remix
6XekW9v8DYbp1RB5w1Mm3f,Mood Garam - Remix Again,4.94,"Preet Nagar, Gyanender Sardhana, dj fs",2025-01-18,2025,remix
2tszg4EJWjW5UFLq4URnma,again,2.61,"Blackedy, Rockout Danny",2025-03-01,2025,remix
0hsCbH1ix4tsGaCs6Nlr6v,Cruel Summer (Again) - Tom Enzy Remix,3.77,"Bob Sinclar, Tom Enzy",2025-06-27,2025,remix
0SP4Ud3st1Do3gxrPLMevp,Disappear Again - Chukku Remix,3.97,"Jan Blomqvist, Beobê, Chukku",2025-10-29,2025,remix
03g9zBj3bCqIuF7KvRw72z,the floor - fred remix,5.69,"Skin On Skin, BEAM, Fred again..",2025-10-17,2025,remix
7J4eiUlYihs3YGZBN4Jofe,Again,2.38,Venfex,2025-07-18,2025,remix
2u5I5BSFUjK7ZqbPessPV8,Pressure - Mind Against & Tharat Remix,3.79,"RÜFÜS DU SOL, Mind Against, Tharat",2025-06-06,2025,remix
7dq0z7NgsEaXoa6ojwsgF2,Forevermore Funk Remix (Slowed + Reverb),1.87,Mc 7 Belo,2025-10-03,2025,remix
3UlFalaRMYcqcYu6jRLDu1,Forever (feat. Malou & Yuna) - MORTEN Remix,4.2,"HUGEL, Diplo, MORTEN, Malou, Yuna",2025-01-17,2025,remix
5VBBDXY6cM1Jv364a4ncxU,Forever (feat. Malou & Yuna) - MEDUZA Remix,2.69,"HUGEL, Diplo, MEDUZA, Malou, Yuna",2025-01-03,2025,remix
0ckGSB5hiygmmZPEDfFja5,Forevermore Funk Remix (Ultra Slowed + Reverb),2.5,Mc 7 Belo,2025-10-03,2025,remix
7pOwvbmszmfUmKlZoiMnGh,whoa (mind in awe) - Remix,3.27,"XXXTENTACION, Juice WRLD",2025-05-30,2025,remix
7nNiChUTBDScM9Ny20f9Xl,Forever Young (feat. Ava Max) - Faul & Wad Remix,3.45,"David Guetta, Alphaville, Faul & Wad, Ava Max",2025-02-21,2025,remix
4Usd10AudK2007BTLbFaHL,Stand by Me - Techno,2.65,The Remix Guys,2025-09-30,2025,remix
7z76ea26FLuRzYdXJlMIV0,Forever Young - Remix,1.81,Sermx,2025-01-22,2025,remix
5BqZlZ2yUu1RQEsY2FgI1z,Forevermore Funk Remix,1.5,Mc 7 Belo,2025-10-03,2025,remix
1rKmPxuO42DZ9DorSL2vu5,Always & Forever - Paige Tomlinson Remix,3.24,"Dart, Kyle Starkey, Paige Tomlinson",2025-11-07,2025,remix
1tloWl8X8O5MOLiOogkdEF,It Gets Better - Forever Mix,4.21,KETTAMA,2025-03-14,2025,remix
3HMKpIkMQV0sfqjlO29r6T,Forever,2.45,"Baryhand, Jessica Chertock, Afro Queen",2025-01-13,2025,remix
02HLImFRPeLrXnT0P33wtI,Forever Young - ConKi Remix,2.83,"Micky, ConKi",2025-04-04,2025,remix
6FKZGvSg9MXtmoBmKJbfH2,Forever R3mix,2.09,9090gate,2025-08-13,2025,remix
5tCwupjT5bc13y5rsaVUlX,Forever Young (feat. Ava Max) - A7S Remix,3.57,"David Guetta, Alphaville, A7S, Ava Max",2025-01-03,2025,remix
3nf3pH7vjYR5wOg02LFL3G,Every Breath You Take - Techno,2.98,The Remix Guys,2025-09-30,2025,remix
7qFeh9S1Noq5NORl3o4AYI,Lady (Hear Me Tonight) - Remix,4.07,"Modjo, Sparrow & Barbossa, koshi, Daymaan, Sparrow (CH)",2025-09-26,2025,remix
7aqC0FiYhMPWZbTYqTR7e6,Tonight (Remix),4.34,"Ricks, KEANU, BKO, Yung Dada",2025-09-19,2025,remix
3kGzdattXUphxOSlKOZr4O,Tonight - Remix,4.5,Ken Laszlo,2025-12-04,2025,remix
74sJ0ZWscjAuvsSDwB2F6A,Waiting for Tonight - Rooftop Remix,1.9,"Amazonics, Ronan",2025-08-08,2025,remix
65xwoApRnlReBQI3GJ62ff,See U Tonight - Remix,2.77,"Kylie Cantrall, ILLIT",2025-05-28,2025,remix
23EAiiWvhvJvL49ZXiIMNW,Waiting For Tonight - Instrumental Remix,1.9,"Amazonics, Ronan",2025-08-08,2025,remix
4wajc5VOoko25jDrLOGNxY,mirrors demo - funk,1.32,"overtonight throwaways, overtonight, ovg!",2025-09-22,2025,remix
3BFrNN5I1hbEuIt1zlc1q4,"Tonight - 12"" Single Remix",4.81,New Kids On The Block,2025-06-13,2025,remix
6NEd4BsBPQ4vC1cDZbftYr,I Can Lose My Heart Tonigt (TRIBAL RMX),3.82,SONIC MUSIC,2025-10-17,2025,remix
2uUk5sedqZ8AONSUeWY4Aj,See U Tonight,2.17,"Kylie Cantrall, ILLIT",2025-05-28,2025,remix
3yy8ifgrS2z0rsKlW57q8T,Tonight (Flemming Dalum Remix),6.22,"Tony Moore D.J., Flemming Dalum",2025-11-14,2025,remix
3xcw62ENOtlPI9HGmHwiEa,Save Me Tonight - zuezeu Remix,2.54,"ARTY, zuezeu",2025-07-04,2025,remix
10bHWTf3tpBSp52UxWKss5,Tonight - Arkady Antsyrev Remix,8.38,"AQUO, Arkady Antsyrev",2025-07-24,2025,remix
4pI6cOpeSCvISS5LmCu4lC,"Tonight - 7"" Single Remix",3.17,New Kids On The Block,2025-06-13,2025,remix
0YhpoZKgopsnVJdUJxBbso,We Have Tonight - DeMusiax Remix,3.46,"deMusiax, WhyAsk!, Robbie Hutton",2025-03-07,2025,remix
2gOibu7jPIpYmoJtKyU0sb,Tonight I m Going Home - Remix by Alex Revox Jr,2.43,"Jacqueline Taieb, Alex Revox Jr",2025-11-21,2025,remix
49KyRuTYyPDXB5FOo1Emy9,Only For Tonight - HOUSEHALT. Remix,2.62,"SLAVKO, HEIMER, HOUSEHALT.",2025-12-12,2025,remix
3QU7LOTVq9J31AWR7pcpWP,Lady (Hear Me Tonight) - Afrobeats Remix,2.08,Space Gang,2025-10-10,2025,remix
1KpAdLqZcX3OANyUq9yNVD,Don't Need You Tonight,2.95,"Coppermines, RAENE, Lucky Guess",2025-02-14,2025,remix
7MtmQJPiZiyNbp8Pnjv5e5,Dreamin (feat. Daya) - Anyma Remix,3.52,"Dom Dolla, Anyma, Daya",2025-03-19,2025,remix
2s2NJlQfNF77nQcQvb4sBk,Bad Dreams - HUGEL Remix,3.05,"Teddy Swims, HUGEL",2025-04-11,2025,remix
7EfkRMIJKVyf9i9WnXZBsx,Surrender Your Dreamz ! - Partyraiser & Rosbeek Remix,3.6,"DJ Delirium, Partyraiser, Rosbeek",2025-11-07,2025,remix
0NZdEb4FIYj30IVRlzaY30,Walking On A Dream - Marlon Hoffstadt Remix,3.94,"Empire Of The Sun, Marlon Hoffstadt",2025-08-22,2025,remix
5DTG8s3HMmYOqfzsIV3rH1,Dreamers - Embody Remix (Slowed),3.49,"TGC, Embody",2025-08-08,2025,remix
5oOKU4RiAMyqUoOKICb92j,Walking On A Dream - BLOND:ISH Remix,3.2,"Empire Of The Sun, BLOND:ISH",2025-07-25,2025,remix
3fH74yRWLYuqHQJKofcLDi,Dream Universe (ASOT 1254) - DIM3NSION Remix,2.18,"Mr Sam, Massimo Marino, Dim3nsion",2025-12-04,2025,remix
0n8cEBSHOgUKHIcPmECIXi,Dreamin (feat. Daya) - Eli Brown Remix,2.96,"Dom Dolla, Eli Brown, Daya",2025-04-11,2025,remix
4rugSJgsPQ1KlbWYZnoEsa,KEHLANI (REMIX) [feat. Kehlani],3.0,"Jordan Adetunji, Kehlani",2025-01-23,2025,remix
3ub9jsOBUD8ML40pr5kbBX,We Talk About Dreams - Joris Voorn Remix,3.44,"Einmusik, Solee, Joris Voorn",2025-11-21,2025,remix
23aoySt6zQZB6I9RE9wqJx,Teenage Dream x We Found Love,3.73,Luke Muzzic,2025-04-12,2025,remix
6Ou2HNjSmOQHShb22AJRmk,I Don't Sell - Records Remix,2.7,"umru, Chase Icon, JEL: The Digital Dream Girl",2025-09-03,2025,remix
3knx8dmPiA3yVJnBSpc3JI,The Best - Remix,4.83,DJ BoerBeats,2025-11-29,2025,remix
0N4pQG1E594ka8APzwewPL,DREAMCORE FUNK - Slowed,1.95,"DJ Arjey, Sayfalse, cape",2025-02-17,2025,remix
5C0P7BFBdNadX9AUYnTiwo,Dreams - Lucas Alexander Remix,2.26,"Smokin Beats, Lyn Eden, Lucas Alexander",2025-08-15,2025,remix
5ZjKZuXy4VQfHwgKBLzQTa,Dreamers - Embody Remix (Super Slowed),3.88,"TGC, Embody",2025-08-08,2025,remix
3kktZ2U6ZfF945yskK1eKT,Dreamer - Benster Remix,2.84,"Natixx, Josh Le Tissier, Robin Vane, Benster",2025-08-29,2025,remix
2mKxcfN51nrBjW1eAYPaHa,Keep Your Dreams Alive - Darren Porter Remix,3.59,"Giuseppe Ottaviani, Darren Porter",2025-10-03,2025,remix
6t1pBY6VYjNM9SJEBieyJw,last night i dreamt i fell in love,2.12,"Alok, Kylie Minogue",2025-02-14,2025,remix
1GOmrAc6S88TlVYfVgO306,Sweet Dreams,2.35,Solkatt,2025-01-17,2025,remix
0cz6nvlqemvTygR3Bwybls,Alive - DJ HEARTSTRING Remix,3.89,"Empire Of The Sun, DJ HEARTSTRING",2025-12-12,2025,remix
68kYDrFU5TdJ0jU35hePDs,Heartbeats - Logic1000 Remix,3.31,"José González, Logic1000",2025-07-10,2025,remix
3ZaNjaZ1kkheaYpqp9mxHX,Heart Of Glass - Ronan Remix,2.73,"Amazonics, Julie Benson, Ronan",2025-09-12,2025,remix
2CVpwtIrThjCCYvNrf2gNH,Heart Of Glass - Ronan Instrumental Remix,2.73,"Amazonics, Julie Benson, Ronan",2025-09-12,2025,remix
28pydyxL4SDbn5AWX5CQ61,Heart On The Line - Jordin Post Remix,3.61,"Mats Westbroek, Jordin Post",2025-05-16,2025,remix
0ONpWBXFySH2oQbhpN77ja,It's a Heartache - House Mix,2.42,CYREES,2025-01-17,2025,remix
4ccWsBPIlh8W1ETg5mFlvp,Braveheart - Deep House Remix,3.35,Alexandre Pachabezian,2025-06-02,2025,remix
2n6sNzxHssmwnLSoRmpRtc,i heart you - Boy Fantasy Remix,1.41,"WetDream, Boy Fantasy",2025-02-21,2025,remix
6bXZTVsyPDguHpn0cRiOnP,Beat Of My Heart - Xavi Mundo & Bosque Remix,2.31,"Ian Storm, Bosque, Xavi Mundo, Martina Prskalo",2025-12-26,2025,remix
2Z1BoCcnhr7yAWeoAvtv2O,Diamonds Heart - Remix,4.34,Arisael Guzman,2025-07-20,2025,remix
1YnhzVmiff3YMnjuqF2wIq,through the heart - Kyle Starkey Remix,6.06,"fka.m4a, Jay Jackson, Kyle Starkey",2025-03-28,2025,remix
401SCjd7HZSMJ5VBCfVYZJ,Heart Cry - Michael Leathers Remix,3.73,"Oliver Heldens, Poppy Baskcomb, Michael Leathers",2025-08-15,2025,remix
3Ztrw688UeuuUW8KMfOA7i,Lonely Heart (RAVENS Remix),2.93,"Alesso, John Alto, RAVENS",2025-04-25,2025,remix
7izjcWDuDoHoFXiEKIJzJU,Heartbeat - (Navar Remix) [Mixed],3.8,"Stereo Underground, Navar",2025-11-28,2025,remix
3ZQzn5V98ywI8GZKjkVTDj,Heart Cry - Menshee Remix,2.4,"Oliver Heldens, Poppy Baskcomb, Menshee",2025-08-15,2025,remix
6ViG4FNjlGPMVuKhSoj8uZ,Heartbeat,2.25,zolaaa,2025-04-18,2025,remix
6gfjocg9LMwEOwlO2UGhtJ,Unstoppable (Soul Remix),3.74,"Fearless Soul, Brandon Chase",2025-07-03,2025,remix
7mixpZVqU8AWHvSqOL0wKy,HEAVENLY JUMPSTYLE - Slowed,2.14,"TWXNY, Sxilwix, INNXCENCE",2025-11-28,2025,remix
3N5cbnA6C2TYqVvWobo0jt,EL CONTROL - Slowed,1.86,M4GN,2025-08-22,2025,remix
6WnMFDIiDJR0Yg9JaBwVQx,Lullaby Remix,3.62,"JayDon, Paradise, Jay Park, LOUIS of LNGSHOT",2025-11-21,2025,remix
234KD55nuUtWSIvXFW1kJY,MONTAGEM PERIGOSA - Slowed,1.53,"KVRXD, SEKIMANE, Dj Samir",2025-09-23,2025,remix
5NM3MSl5I2FyvVLtiKqLvG,NO ERA AMOR - Slowed,1.55,DJ Asul,2025-05-13,2025,remix
35yZQ8qqiMAOSyHy3yUBvM,LUA NA PRAÇA - Slowed,1.68,"Dj Samir, DJ Zarek, DJ DUDA, LUNxdiE",2025-09-04,2025,remix
7F5QR3pLcfw70joEmJftPJ,SENTO - Slowed,1.79,"QMIIR, Akhmedov, FEXTINGUISHER",2025-11-28,2025,remix
2bnY97sFW0Ri2YCDz34FkU,I Just Want to Be Your Everything,4.73,DS Music,2025-12-17,2025,remix
6PztcDDkJyrZoBwGupUDSv,NO BATIDÃO - Electronic Remix,1.81,CyberBedir,2025-11-01,2025,remix
3FYHlXdCArtJiTvD3piCK3,Worry (Ozz Gold Remix),3.22,"SOULO, Ozz Gold",2025-09-26,2025,remix
1VAeocV5YAEQQOZNVcndGD,MONTAGEM RUGADA - Hardstyle Remix,1.54,"cape, JXNDRO, Sayfalse",2025-09-08,2025,remix
72aXuORbHqww8VOV10916e,CANTA LALA - Slowed,1.54,"DR MØB, Y3LLAVISION",2025-06-20,2025,remix
0IgO6oAZQvISOy2XvFlkSF,NÃO SE APAIXONA - slowed,1.54,"MATORO, MC RESTRITO ORIGINAL",2025-09-05,2025,remix
0NOyCuuDBYl80mzxCEMiIz,VAI VAI TRAIR - Ultra Slowed,2.13,DJ Asul,2025-07-25,2025,remix
1xhumadgdqJzp0NSNcMHBt,Waka Waka - Afro House Remix,3.39,"PrimaX, SorraB, Music Total",2025-10-24,2025,remix
3pnl7RmQbvXmIZUn8gmCzN,Shadows - Soul Engineers Remix,3.87,"D-Nox, Elan Myles, Soul Engineers",2025-12-05,2025,remix
3XmHd0NqN5O4e7Vnv8fb8q,Nights In The Sun (feat. Wizkid),2.83,"Odeal, Wizkid",2025-11-21,2025,night
1HadQI0LBZKqF2J6iTRn0t,Nighthawk - Reprise,3.18,Re:um,2025-11-01,2025,night
6WekbMXLnQotLY3ncPeT6Q,Nightmares,2.54,"Noxiouz, The Dark Horror, MC Robs",2025-08-14,2025,night
0xSa3vqLmeNEUDwQ2P6GMY,Nightfall,2.37,Calmly,2025-03-07,2025,night
5rtLxR4M0ZGoTe6vQOjlrU,Night Beneath Us,2.65,Sorellien,2025-09-12,2025,night
52wSSH9rEpgPZ5HM7ahxAc,night lights. (trumpet rework),3.03,"St-Amour, Thomas Asselman, Fred Paci",2025-08-29,2025,night
3vBsGaCsCF0QfhsGZ3Qufs,Night Time,2.54,"Solid Circle, OYSTER, Cité",2025-10-23,2025,night
6z0zgDonyxu4NrU06Vq9wk,All Night,4.0,LAMMER,2025-01-10,2025,night
4Iu73sdCNxZXZUIyClMoPZ,Better Me For You (Brown Eyes),3.24,Max McNown,2025-01-24,2025,night
2OLP1fGXBb3Jhizk1WWCad,Nightflora,2.23,Nimara,2025-07-25,2025,night
5JsueUtGsB12ka2b4TAh3b,Nebula Night Song,3.38,Lucas Trezor,2025-04-04,2025,night
07apeE8lbjEm4KQQGDXzw6,night lights.,2.2,"Thomas Asselman, St-Amour",2025-08-01,2025,night
0QSGNhEbP2ncwnmspZxDrR,The Night,3.37,Frequencerz,2025-08-07,2025,night
3WFaZwME5mwIhnga4VE7tE,Night Club,1.92,"FORTUNA 812, silver gloria",2025-02-21,2025,night
29Oq2JIEG7Ma3mH82ELwes,Liefde In De Nacht,2.59,"Gerard Joling, Billy Dans, Afro Bros",2025-10-23,2025,night
5dfcjckcGZ5Etpon13rCbH,Nights Out,5.72,Lamchopz,2025-01-01,2025,night
4s9PmhAERYMhTLCwlIW45d,Night of a 1000 Lights,3.32,Danny Vera,2025-11-07,2025,night
7rkkFimrRc14aJLN6HMNqp,Day To Night,4.4,DON WEST,2025-11-14,2025,night
0yKN9B3jYONUyvqrGkNUPX,One Night Of Love,3.53,Marlon Hoffstadt,2025-03-07,2025,night
3Lj2UdxfsJbQNl1f05f9fP,Night Air,2.99,Through Quiet Tides,2025-07-25,2025,night
5GY35IXrBWQdlva2AwbpAU,NIGHT MELODYGAN - Slowed+reverb,1.63,Sloweds,2025-07-23,2025,night
2fVEl6kHloc2KShpmUAZJ7,NIGHT MELODYGAN - Slowed,1.45,Sloweds,2025-07-23,2025,night
5D0v5cPAF91K2tTowxgnoG,Night Memory,2.23,"Samuel Hughes, Purple Piano",2025-11-21,2025,night
4ynY3o2BtztX3AdESEe3St,Maze Of Memories,3.39,"Lynnic, ItsArius, Dinia",2025-02-14,2025,night
7mKy65CyVCmawYMw3JJGPQ,"Me, Myself and The Night",4.2,Alan Walker,2025-05-30,2025,night
6X8ZkFLc7IYGAjiZ47MNx5,Night Meditation,9.99,Shinji Chiura,2025-07-05,2025,night
5GIG7Ktm9gZnV5yNqb0XZl,Lady (Hear Me Tonight),2.56,Oliver Heldens,2025-11-21,2025,night
0WwTwnulycXRUK0n6zpC07,Night Medicine,3.85,Mosmoz,2025-06-20,2025,night
278rWffMl0ri8QBfoVkIah,The Night My Heart Went Silent,3.63,JERRY'S SOUND ROOM,2025-11-14,2025,night
2ipIPsgrgd0j2beDf4Ki70,Mystical Magical,2.76,Benson Boone,2025-06-20,2025,night
3GVNp2UgIp2TN3ra67cxdg,Mirage,2.31,Creepy Nuts,2025-07-04,2025,night
7FCPsJ66Nrn0PxyUcathkU,ENCORE,2.52,"Mack H.D, Night Myl",2025-09-05,2025,night
5NlYX8ACCACI2J756mIgHR,Good night my dearest light,2.91,Elin & the Lullaby Orchestra,2025-03-21,2025,night
0au5GMb0BTdF0MEMC3boxT,Midnight,2.39,"lucasp007, NAVE",2025-10-24,2025,night
68BUz8H5H1mHb4o7VrJccb,My Kinda Saturday Night,2.75,Luke Combs,2025-10-03,2025,night
2eFOwHmDqSq3CCGG6pdpjB,Good Night My Love,3.2,Myles Dale,2025-02-28,2025,night
7t0ohvf7w4e8VacR124wbA,doing my best,3.05,Hazlett,2025-09-12,2025,night
7vDusdhtc47Av84ulhtcT3,My Romance,2.85,Lara Louise,2025-05-29,2025,night
4ufCQY2efE8wunqeJRZp2j,last night you said you missed me,3.8,Hazlett,2025-09-12,2025,night
35Tzu0ZfS2YoDNsHfFIR7a,queen of the season,3.32,Hazlett,2025-09-12,2025,night
4CVumlOCtURPOUNS3OAQuH,i don’t want your garden,3.76,Hazlett,2025-09-12,2025,night
4sZiD2qaCXcpPVrgo1CN2x,blue jean,4.61,Hazlett,2025-09-12,2025,night
6TFXRCN6lVE6S36M4gtFVk,The Night You Want,2.38,World Jazzers,2025-12-19,2025,night
7gBoKtmVpD4QQ0AJHjpo5L,Young American Heart,2.88,Benson Boone,2025-06-20,2025,night
3seEmtrHMSNMzkxcrcirkI,fast like you,3.73,Hazlett,2025-09-12,2025,night
491HDm1L1S9ca2AVfAsI1O,Night Is Young,3.57,"Malie Donn, Govana, Dan Sky, antuwang",2025-07-10,2025,night
79Kwx4OYNai6LmS7KggGcT,The night is enough.,2.33,Bolden.,2025-11-28,2025,night
2zNAmm8QObId3uEhjH8hWA,The Night Is Alive,4.1,CZTRM,2025-08-15,2025,night
4EsttTrVrTWwTCqHQ68iNQ,The Night Is Holding Us,3.84,LumoCore,2025-10-23,2025,night
4QdEZiXfA0hZYZ2UjQ0rb8,The Night Is Long,2.65,Hyperverb,2025-02-20,2025,night
0Lb1YmSy41Y5joRJVx3Ql3,The Night is Young(Text Me),2.34,Shaq Wonder,2025-12-26,2025,night
2Z0gGfdsTqHKDNz4VZXq61,The Night is Breathing,2.51,Indigo Sleep,2025-12-16,2025,night
2HFgfbf6GbHnPOMg79XwJV,Night Is Cold,4.46,"Imazee, Imran",2025-11-11,2025,night
2JkNmyP4UYNghGatWflu5x,The Night Is Made For Us,4.22,Monodeluxe,2025-11-12,2025,night
7F89demBgRKGQSOq2QUbcb,Each Night Is The Same,3.39,Klustone,2025-12-12,2025,night
3qOKO6E187ZjOjs0Bxrwcy,night is kind,2.62,Peach,2025-10-23,2025,night
7K9lq0kfS38ja8u5NSuckn,The Night is New,1.58,OmniNow,2025-08-24,2025,night
42ObOgoLceyoTU6nmroiQb,The Night Is Ours,2.02,Louis Carter,2025-02-14,2025,night
3n4N4oYk6s1A3QwEdVG7Jn,This Night Was Different,2.83,keeo.fm,2025-08-29,2025,night
0mGW2XjHLTdcJIg2FW21bY,The Night Was Ours,3.91,The Blue Hour Collective,2025-12-05,2025,night
4Msr8L0gHGDsLSBlk7pSPU,Opening Night,1.6,The Weeknd,2025-01-31,2025,night
6dtZbVvCh022CZjrNALBFM,Het Was Een One Night Stand,3.25,Susanna Veldmeijer,2025-10-29,2025,night
1E6QlKFlxXw9ARIKF7UM05,Waste the Night,3.63,Walking On Rivers,2025-07-11,2025,night
0ekzlgIo9YhsRtNYqzgbBm,wasted nights,1.71,Øneheart,2025-01-03,2025,night
456AhcnmKByGbjM2H4X62H,Last Night Was a Mistake,3.19,Sohodolls,2025-05-30,2025,night
6O5dIIG47e3A1WlCyTOcEa,Wasting Nights,3.9,Sweet Bill,2025-07-04,2025,night
4Xbqtz5KjhjKYhqUivJjGL,Last Night Was a Mistake,3.19,Sohodolls,2025-12-12,2025,night
5WdiymlYEdHrJD726lGFrb,12 Hundred A Night,3.57,Clavish,2025-12-12,2025,night
4TqDdbnSB6qbs0b2XKChVa,Dead Of Night,3.5,Ruston Gray,2025-12-09,2025,night
19Dk8XpEQzAdbqdIPkWuRe,とても素敵な六月でした (feat. 宵崎奏&朝比奈まふゆ&東雲絵名&暁山瑞希&初音ミク),4.75,25時、ナイトコードで。,2025-05-14,2025,night
4oahRRZECfGud6eL7Lj7CO,Opening Night,1.6,The Weeknd,2025-01-30,2025,night
24QAlPSKjA6qUbXKW1K6YD,Last Night Was a Movie,4.11,"Storch Blaize, Rico",2025-11-23,2025,night
7LKfKpO56W1l3AUbfiwAeF,DRUGS.mov - Super Slowed,2.04,"Yb Wasg'ood, N!GHTvisiøn",2025-03-28,2025,night
2xCfc80xHLlq4Cff7P3atn,When It Was,3.21,Bailey Zimmerman,2025-08-08,2025,night
6kZJZjc9aO5gFlph9P3Az2,She Was Never Really Gone,3.81,True Roots Blues,2025-09-29,2025,night
0IdfX5eqsQHyBwOpjYSQ94,NARCISSISM.mov - slowed,2.67,"N!GHTvisiøn, Yb Wasg'ood",2025-01-03,2025,night
6S1yB0DfTtM5Mbv1Lnoqkg,Washed in Time,2.02,Kai Emberson,2025-08-29,2025,night
1jZvywRaT7pNoFMVvaLoP5,The Night The Lights Went Out In Georgia,4.28,"Briley King, The Marcus King Band",2025-10-01,2025,night
2kkZk8hOR7WeYLb6c8UaWv,The Night The Pugilist Learned How To Dance,4.22,Sting,2025-12-05,2025,night
7ggenkMBaa7obYGuAC9zzz,The Fate of Ophelia,3.63,Our Last Night,2025-11-14,2025,night
1KylFXhenI0dDY3tdg2abD,The Nightmare Man,3.1,Angerfist,2025-11-21,2025,night
6yZzK6O3NRSv5TxcQMFmX3,they'll post it online,1.5,overtonight,2025-06-06,2025,night
2SufAz8tnLFegXflJCNT9K,The Night (I Wanna Know),2.6,Quentyn,2025-11-07,2025,night
5sGAAbdvqyRifmUt0IeQia,Here All Night,2.95,Demi Lovato,2025-10-24,2025,night
0gCkIC8Zo808SZ1BzYIGwV,U Weren't Here I Really Miss You - slowed,3.14,"Cult Member, Mia Martina",2025-01-07,2025,night
4CPOY5f4bce5jeLsERg0h9,Cosmic,2.4,Calmly,2025-03-07,2025,night
1MnYnayoEmTfZTM7GoPJGM,Here All Night,2.95,Demi Lovato,2025-09-12,2025,night
1ikCoD3eakif3Jef1n2HHI,ALL NIGHT LONG,2.56,Mckay,2025-10-02,2025,night
2Nw43Ds8Z6BReWKr5IUqNN,Here All Night,2.95,Demi Lovato,2025-11-21,2025,night
4HufJxj5yGgqsoezAPiG78,Her Radiance,3.12,shandr,2025-12-19,2025,night
60Z6a5FWiIEoiLOdpl2oU8,Night Garden,1.22,Friede,2025-03-14,2025,night
445o3pBz6PfkoVURhYI0nz,2 Hz Nightfall - Binaural Beats,2.14,Neuroflow,2025-02-24,2025,night
5IfTPqlGH3L81afxmErkLe,Dua Before Sleeping – Protection & Peaceful Sleep,1.34,ISLAMIC DUA,2025-02-25,2025,night
2s1sfoAXXTN3VWxAKPNKU9,Him & I (But it hits different),4.51,Eiden XII,2025-08-22,2025,night
2b1fRtdodLir9x1CalVJlS,Quiet Night With Him,2.96,Healing Prayer,2025-11-21,2025,night
4z4dl4by3VwVwZgkWRqUeq,Night Flowers,1.66,Thomas Newman,2025-08-28,2025,night
28oWbmSCqHfzFFbV5FHDUB,"All Night, Alright",1.8,"Riën, Sella Vie",2025-12-12,2025,night
2tOaVWedznEajJWVUUYGy5,Late Night Lullaby,2.03,"Slomow, Summum, P-Rob",2025-09-12,2025,night
1AkMhI068bKTsC13q6szWt,Night Like A River - Remastered 2025,3.79,Hem,2025-11-28,2025,night
0XsV7Ze5uzSh8TgS6c1lnx,the night dreamer's flu game,3.08,"R.A.P. Ferreira, Kenny Segal, Hemlock Ernst",2025-11-21,2025,night
33Zm86EfWSQHcnXUpiw9RX,That's Him,3.36,"Nef, UFO Fev",2025-12-16,2025,night
2SKyM1qAZRUNyBImoZTDmI,I Have No Memories About Last Night,2.65,"Öwnboss, DJs From Mars, Henry Himself",2025-03-28,2025,night
54UkKM4ABHLrTxk5zUPL7j,Rainy Night,2.14,Hymns of the Imperium,2025-04-13,2025,night
7pYjnyGAlZ2EhkVowL6E4m,秘密のカクテルタイム – Secret Cocktail Time,4.74,City Pop Nights MV,2025-08-08,2025,night
7eKmbxzIED64vK7kLsfjlp,Through the Night with Him - Pray2Live,41.4,"Soaking in his Presence, William Augusto",2025-08-12,2025,night
2qNiPb9355QwFwfIQiTWYq,Autumn night for noir,3.98,Hemio,2025-04-14,2025,night
5p7zWUVNOxavUDHMk5peab,Through the Night with Him - Pray2Live,41.4,"Soaking in his Presence, William Augusto",2025-08-08,2025,night
44t3ZQVCtbqn8jmxA4YH4m,Night Falls on Silent Giants,4.61,Hiemal,2025-04-10,2025,night
3EUhqQVaXu5jhGSWMdRtJq,Praise Him,6.76,Gabbana,2025-12-12,2025,night
1nSx1DDxL6S0XQebrIcOyR,Mini (Ej Lolita) - DJ Bocian & Daniel Night Remix,3.35,"Rizi Papi, Dawid Narożny, Daniel Night, DJ Bocian",2025-07-23,2025,night
102dkvdp072Z1yKqHE0px9,Heima,2.48,"Sylvain Texier, Ô Lake",2025-03-14,2025,night
4o5OYyrbAB6L2ky6vMV2qv,Himesyara No Tsuyu (2025),4.46,Luca Delphi,2025-12-09,2025,night
4EyjjGH8FWvqJyEhxlVgnr,babygirl (like n01 else),3.75,Night Tapes,2025-09-26,2025,night
3ZhSWjIHh7q4ykPGHqXWt3,Nightmare,2.68,Ayrex,2025-11-25,2025,night
7dOfS0OAxyCtxK2JlaK8cL,Peaceful Nights,4.1,Michael Lavigne,2025-05-16,2025,night
6XAaEIck50dvq916jorgDQ,Nightingales,2.09,Caprice Henry,2025-03-07,2025,night
49C7SWiWvP48v06Um94k7H,Silent Meadow,1.03,Coco Cuddles,2025-08-26,2025,night
47VlrsebBUeIxiMdIU3wV7,Whispering Horizons,1.08,Coco Cuddles,2025-08-26,2025,night
5OlHdhKZS2lM2X0DCFQBWO,Gentle Night Baby – Peaceful Lullaby,3.47,Wael's Melody Kids,2025-12-14,2025,night
7JkCMx2zf1QZ5T0eMOAeUs,Gentle Night Baby – Calm Lullaby Music,2.47,Wael's Melody Kids,2025-12-27,2025,night
1GFCuNZFRSCaNou87FyOP6,Little Night Baby – Gentle Lullaby Song,3.12,Wael's Melody Sleep,2025-12-16,2025,night
4dV3dSMrySGuQoOolO1drY,Calm Night Baby – Gentle Sleep Melody,2.19,Wael's Melody Kids - Nursery Rhymes,2025-12-25,2025,night
3ZTeCmPgy7MzMY5L14Hmcb,Sweet Night Baby – Calm Dream Song,2.86,Wael's Melody Sleep,2025-12-19,2025,night
3PAJQDqba1uCbFIB5M5pPy,Unlock Midnight Baby Dreams,2.25,White Noise Radiance,2025-09-23,2025,night
2MBPaithA7cHv4vPZQSoFi,Night In The Fiat,3.15,D-Block Europe,2025-11-14,2025,night
4GNvUjfP2pwHluOtoM1SLo,Soothing Moonlight,1.03,Coco Cuddles,2025-08-26,2025,night
2WhM2qz6sBYm4l9dmTNTmx,Floating Horizons,1.05,Coco Cuddles,2025-08-26,2025,night
4PdYvsjfmnUovOVJDDp1lc,Gentle River Flow,1.08,Coco Cuddles,2025-08-26,2025,night
6NCt2SpIa41gNFnm5VcScn,One Night in New York,2.75,"Lane Boy, Chris Crone, MVNA",2025-10-17,2025,night
4U1LwsraX62Yo5xIphKg94,New York Nights,3.19,Krue Kidd,2025-01-29,2025,night
7gazShhai4Dk00TkcSFi4c,Five Nights at Freddy's 2,2.33,The Newton Brothers,2025-12-05,2025,night
0hfGnxKz1tyz0uLfiycbKQ,New To Country,2.95,Bailey Zimmerman,2025-08-08,2025,night
22SCU7zqMqaTtLCbBZ1tS4,Night Calls,4.05,THEMXXNLIGHT,2025-04-04,2025,night
5XvRng3X26Q3oGMEoFKsWo,Angles Mortz,4.31,Nightbus,2025-10-10,2025,night
1VUq6bJzNSiCjCctDkaOe5,"Night Flight - Live at Sin-é, New York, NY - July/August 1993",6.67,Jeff Buckley,2025-12-04,2025,night
4BtKyqKq0W6R72tpoU8BeU,New York at Night,4.64,Arta Porting,2025-04-06,2025,night
0JIXCpncrk7lDSCF7Ky68g,New Awakenings,3.02,"Soft Tide, bayme",2025-12-12,2025,night
2IS0VmbbvbvhgJ89Wz0ch5,Night Night,2.59,"DudeyLo, AdotFrmDaO, Dee Play4Keeps",2025-08-16,2025,night
7Jna8Y6CUjjaLQVALo9BVe,New York Nights,2.64,Johnny Sullivan,2025-12-31,2025,night
0xq13R740MqljgQTDCMHah,choose your fighter - sped up/nightcore,1.84,NewEra,2025-02-08,2025,night
2q0UTzQgKr0iBPaPHnonsL,Night Will End,3.91,Secret Frequency,2025-12-12,2025,night
2BNVoV3Qe5wAH07p9l9tgk,New Mama - 2025 Remaster,2.18,Neil Young,2025-11-28,2025,night
12zdHlTvvvGyadKQSVwuzy,Night Time Whispers,3.46,"Liesbet Leroy, Le Code",2025-01-31,2025,night
1tiBBNIGAye4DtADJ5jkUy,Summer Nights in Bali,2.73,"Boy At The Beach, Lonely Nomad",2025-11-07,2025,night
0JjBjhIsdlWXqYxsMdaGzf,Nightstalkers,2.67,"97Kickstvr, A New Hope",2025-09-05,2025,night
0Hxc5rjLUxTKAV11Xi3Aev,The Night We Met,2.97,Alex Rv Phillips,2025-04-18,2025,night
0sz9CiPrujRLkRdNdwHash,Map Night - Tomodachi Life Old Speaker Lofi Mix,2.23,Nostalgiacore,2025-11-19,2025,night
6jvFYQveJb8DYgPAq6nFfI,Oldest I've Ever Felt,2.73,Late Night Thoughts,2025-07-25,2025,night
4uUd4wJYecNe3jbI8UF7gG,Sound of Silence Rising to the Night,5.56,Old Soul,2025-09-08,2025,night
7FFTyiF2u6CbIre15VAxIW,Old Whiskey Nights,5.17,Old Whiskey,2025-09-24,2025,night
6Q8gnHox2J5xNYq0gmFPnx,Velvet Night,3.54,Sienna Rose,2025-09-26,2025,night
0F4Wtduzl07woveB5q4yzQ,The Night We Met,3.28,Life in 3D,2025-04-26,2025,night
2qumPww1uj1aIonjgz7lVo,Dead of the Night,3.51,Jude Haden,2025-10-31,2025,night
1fbtD3z6rRmf4HIlySGErG,Map Night - Slowed + Reverb Tomodachi Life Old Speaker Lofi Mix,2.76,Nostalgiacore,2025-05-15,2025,night
1iChvrRZzJvnVFLjr1eQ2E,Nighttime in Paris,2.55,Old Band,2025-04-18,2025,night
1alyHUtas5GkJOACZCZOda,Goodnight Music City,3.57,Old Dominion,2025-08-22,2025,night
4g3natJjrs4us1FNbfbwDI,Me Most Nights,2.66,Old Dominion,2025-08-22,2025,night
0eAhzJEVvEre0umRs7RCk7,The Night We Met,2.97,Alex Rv Phillips,2025-09-05,2025,night
5dDhBnsMsSWV1lLoVXAzvC,The Night Of Love - Matt Pop Extended Remix,5.81,"Luv', Matt Pop",2025-12-19,2025,night
23193O2ll0U4mbuWIyFoDe,Night Nurse '96 - Straight Mix 2,3.94,"Gregory Isaacs, Lady Saw",2025-07-11,2025,night
4fvwaQRUQMhJquIVxoT1xL,Map Night - Slowed + Reverb Tomodachi Life Old Speaker Lofi Mix,2.76,Nostalgiacore,2025-11-19,2025,night
3HiRsjdVw09ZX8dxxf9RPX,In the Still of the Night,3.03,The Five Satins,2025-02-14,2025,night
0299EQPlyhqukgkYl7jX91,Lost Tonight,2.99,"Kanine, Arcando, HEIGHTS",2025-12-04,2025,night
0O8CNTiKbHeauSkNoSL7xc,Lost,3.19,Maxomar,2025-09-05,2025,night
4JWRos6zAz0GyBfCRoeC0C,Lost Highway,3.81,NightCrawl,2025-06-13,2025,night
48wDzW9U8nSqohygqSrQj4,Lost Highway,3.81,NightCrawl,2025-06-12,2025,night
2RLTwKN4sz14TvoU54uf4y,Lost,2.72,Terra Bloom,2025-03-21,2025,night
6805NqZ8c443YjfQERNoAq,Lost (feat. The Kid LAROI),3.28,"Bailey Zimmerman, The Kid LAROI",2025-08-08,2025,night
3miusIwRKEZRC6t4JrGv34,Lost In The Night,3.42,Joyhauser,2025-11-28,2025,night
6QTZOPXaCeVEsrjrFSceNI,Lost in the Night,3.01,Luma Rica,2025-08-30,2025,night
1hbYPhe8OUxEDlL0fVND45,NIGHT CALLS,1.47,Chase Atlantic,2025-10-03,2025,night
05ApTwF4MKB2kpXC6tH5bh,Up All Night,2.61,"Lost In Pacific, FARLEY",2025-07-16,2025,night
66P3MdJKEJhzslVZ3z9HwW,lost in the glow,2.18,"Lonely Night, Nody, Ellou",2025-06-19,2025,night
5rB1ZeGYIhd9eT41YBQ6Ii,Nights Like This - Lost Tapes 2022,2.56,Tory Lanez,2025-06-13,2025,night
6RNGRLaqWkbevhjBmaZE2l,Timeless Nights,3.09,Lost storys,2025-09-05,2025,night
07pfIic3ZlqPLIKnUQXEda,Lost Memories,2.55,Andrew Spellman,2025-08-22,2025,night
2MIeoE5O1uLNT7riEYpOAT,Lost in a Sea of Night,2.07,Soundscape,2025-06-23,2025,night
7K0iX0vSjTWQhijfYDRpah,Lost in You,2.53,Sinova,2025-10-10,2025,night
0R3DFQq8DLvUdNPdLImOpc,Lost In The Deep (Mixed),2.32,"Eelke Kleijn, Josha Daniel",2025-12-19,2025,night
2dEi3BWlKh6o0BYpUZC6yc,Lost In The End,3.42,Crimson Vale,2025-11-22,2025,night
3bMDEqPOJSIhboOvGbS9Sa,Night Freaks,2.89,Natanya,2025-06-13,2025,night
6Xv06Xtd0lgrUwqgrsPrfu,All Night,2.44,"Dimitri K, Lil Texas",2025-08-22,2025,night
1izjW8ufKdxmzbdQWowBP0,Freedom,2.65,Nia Mbali,2025-01-10,2025,night
7EqHn6l1KAa3O50V1eGjad,Nights In Accra,2.2,"Zulu Zephyr, King Zulu",2025-11-05,2025,night
149O5EKwCXIbVNXQr6mxgj,Freedom Of The Night,3.21,Sophie Ellis-Bextor,2025-09-12,2025,night
1RUxpriT5P8qqhk6D7aTgx,Echoes Of The Night,1.12,Friede,2025-03-14,2025,night
4nFPJrT5DfwniUt7pWfrqT,Tonight It's Zamani Night,2.41,Zulu Zephyr,2025-11-05,2025,night
4ahl8L6b37UkbAqV9js7S5,FREE - Special Version,3.8,Eiden XII,2025-10-10,2025,night
13sT3wY8JzF0R3Kc3lUp5l,Feel Free,2.33,"Upsilone, Eloise Keeble",2025-11-19,2025,night
1qDPcZHOcrFuEYtKdBgMaV,Free Of Your Emotions,2.34,"ERIICE, Waztoo",2025-04-04,2025,night
5pOS4XAtt2rbDJhpEVIgzA,Nighthawk,2.7,"King of the Beats, Plump DJs, Krafty Kuts, Freestylers",2025-08-15,2025,night
1b0YJSCdYQoBzhLw61wc8P,Freeze the Night,2.89,Vincentz,2025-01-22,2025,night
0rSGMmWEOkvtm21bQdFxqH,Nightmare Parade,2.83,"Enemy Contact, Dirty Workz",2025-12-03,2025,night
3ctXNf5E5ccLKspyTEIhXX,Land of the Midnight Sun,2.65,Stick Figure,2025-11-14,2025,night
5Wt0P3P5UsHHnBwuFVO541,Freezing In November - Revisited,2.55,Max McNown,2025-07-18,2025,night
6SYUB6WrN2cK7Q9KSLxr51,Set Me Free,3.52,Jonathan Ogden,2025-09-12,2025,night
0DuAqWKIuBFKwgUFzJdoln,Now the Night,4.17,MVMURO,2025-11-01,2025,night
6g1OnnVKRXKVnuya4fnjS9,Only The Night Knows,3.71,Goddess No Holy,2025-11-21,2025,night
520d0nq0e32nPljdoMVmyk,NIGHT TRAIN TO NOWHERE,5.69,"A2XBY, SEMPLIFIER",2025-05-16,2025,night
786n2s7gnXIMNqoY4z68WW,Only Midnight Knows (FYH457),3.44,"OTTAGON, JAI RYU",2025-07-25,2025,night
0gEJsxQBkS9XRHf6d0eKnb,Now We are Free,3.33,"Gabry Ponte, Blasterjaxx, 1 World, AntoNetta",2025-09-04,2025,night
53AXzH6mW4yWKLPF5BwKtr,"Somewhere, Nowhere",2.54,Nightbus,2025-10-10,2025,night
1WmGqe5K2RDZv8ilKey5mF,Nowhere I'd Rather Be,5.05,Folamour,2025-06-13,2025,night
29HtgAMKNotx71IBGgs5QJ,You Better Go Now,2.83,Lara Louise,2025-05-29,2025,night
4Z4sYo3DjnXjLkgLSn1VDZ,Going Nowhere,5.56,White Lies,2025-11-07,2025,night
45wQMjx2cOUmNqxtYQ8SvZ,I Don't Know - Nightcore,2.08,Flawless Diamond,2025-10-24,2025,night
4oStfE65OceusHdNf8eoEm,Saffron Night Bloom,6.63,Soul Trance Music,2025-10-03,2025,night
3gHECiMsuQy6amjerpt71l,Late Night Now,4.0,Jazz Lounge Bar,2025-03-27,2025,night
4tvyOuV7pWL9Dtq0TfZ5pF,ALL NIGHT,2.68,"NateTaylorr, Artie J",2025-09-05,2025,night
6mO82H2rixuKu076YIaoxH,The Night Has Got Me Now,3.42,"Struggle Jennings, Bryan Martin",2025-09-26,2025,night
722J0JtZEL72ButADN85Vq,Night Clouds And Paths Of Light,2.4,Tomasz Bednarczyk,2025-11-14,2025,night
5u36AHYX4w6jSVGcEm2xeB,it gets cold at night now,1.75,skyswimming,2025-11-05,2025,night
4qLtYIEc5KvpuFNgSBvxHe,Only Now,2.88,Aera Blue,2025-05-09,2025,night
4Xe0ZY3azQdk8PK2NE6WQF,SHINE TOGETHER NOW (SHINE IBIZA ANTHEM 2024),2.69,"Paul van Dyk, Amos & Riot Night, Matt Noland",2025-04-11,2025,night
0p7uFjhL8jIRYEV9uy1ZeR,Going Nowhere,5.56,White Lies,2025-11-07,2025,night
5X0L4zVG25NqI3oXjRfTeO,One Night Gone - Live,3.34,Let Babylon Burn,2025-09-23,2025,night
2QVtW51Z24pRJCuDOwH4Ym,Sexy Genoeg (feat. MEROL) - Lucky Done Gone Remix,6.16,"Jungle by Night, Lucky Done Gone, MEROL",2025-04-18,2025,night
2Be5fvLHnkmO60hgkRu2sZ,Gone Before the Dawn,6.0,Nina Blaze,2025-08-19,2025,night
0DC39HSvp1wterB2DSYIpS,Every Night Every Day Club Edit,4.06,Future Dynamic,2025-09-25,2025,night
2fvLNgMCRjfdsGa7QsZfDU,since u been gone,1.31,"tysnightmares, TXKUMOON",2025-08-20,2025,night
5TxwukHBH5WLOrsE1bgrzL,gone girl,2.48,miilia,2025-11-23,2025,night
6ftqKtdcWucJaOhuDipIfr,THE NIGHT HE REALIZED SHE WAS GONE FOREVER,4.96,CAELIS,2025-11-23,2025,night
0Bi7449PGvuJ4Mv0FaBPe5,GONEFORDANITE,1.73,colin!,2025-03-28,2025,night
6CqIEbw4gEVh2H6X0bzQEk,Sun's Gone Dark,2.44,"Dominique Jardin, Jordan Grace",2025-07-25,2025,night
1AWwPCaBUnkl8ENPjGGLpj,You're Gone,4.22,Nightshade Anthem,2025-10-14,2025,night
0Jg2zqJHjH3WbZrTCAEhFz,Gone In The Night - 2025 Remaster,3.73,UFO,2025-08-15,2025,night
2ewY3kV197QkGpNffqs2vD,Gone In The Night - Alternative Studio Version,4.08,UFO,2025-08-15,2025,night
4lH59ylf0EBUt6WQRpf0RB,"Gone For The Night (feat. Liam Bailey, BackRoad Gee, Scrufizzer & Shakes)",2.3,"Disrupta, Rudimental, Liam Bailey, BackRoad Gee, Scrufizzer, Shakes",2025-04-11,2025,night
0PYbAy5B76hnW1JrE797zc,Love Is Gone - Edit,3.2,Tommy Mc,2025-06-06,2025,night
1gOUAjr6zodAKzK8MKcyEl,"Gone For The Night (feat. Liam Bailey, BackRoad Gee, Scrufizzer & Shakes)",2.3,"Disrupta, Rudimental, Liam Bailey, BackRoad Gee, Scrufizzer, Shakes",2025-08-22,2025,night
6v7gkgyilmrDZXHY2lW3Wk,Gone,2.07,Raven Night,2025-06-30,2025,night
2cIvJuXeCHzUMM9XwRDVUf,One Of These Nights (I'll Be Gone),4.16,The Southern River Band,2025-10-17,2025,night
5Yk6GAHQ2j7N9ClBAcR8d1,The Feeling Is Gone,4.09,The Horrors,2025-03-21,2025,night
49oXlTjLfYnIWxagVihMrh,Strange Dreams Last Night,1.27,D7I,2025-06-09,2025,night
6BZaRf4Zh9Y07qnELLboGu,Backup Plan (feat. Luke Combs),3.03,"Bailey Zimmerman, Luke Combs",2025-08-08,2025,night
0OAIbjwlHtSICDD3LNYNJW,Back then,2.12,PHYNX,2025-10-31,2025,night
1lTVIjp0WNIgUQczUWilkv,Night Pulse,2.05,Anura Bansuri,2025-11-28,2025,night
6EZMdsQkZ54tz0uRUOViFc,Warm Nights,2.09,"Sandy Beach, summer sax, Lily Ray",2025-09-22,2025,night
4mYALBEaw2EEyuxJ2PhYwG,Goodnight,3.22,Florence Road,2025-06-20,2025,night
2qDtcsx44PCoyktzzRg6L9,Back To Life,2.29,"Deepierro, ZHIKO, Gil Karov",2025-02-28,2025,night
5UAFaYvbHHEtbFxN1VOeen,Backrooms,2.02,Quiet Room,2025-12-11,2025,night
21f1UHVy23LnhYnDlJgrUV,Neon Nights,3.02,Ramterry,2025-01-07,2025,night
17CV81Dje7JlWkPpB8Ajv2,Back Of My Mind (feat. Nino Paid),2.01,"Rockout Danny, Nino Paid",2025-07-08,2025,night
0skgoO62U5tPsjiuT7zp4N,Stormy Night,1.82,Midnight Blues,2025-09-05,2025,night
3atQiHm1h4vDuQXehS8F2C,Background All Night Sleeping Frequencies,1.86,"Alpha Brain Waves, Binaural Beats Sleeping Music, Binaural Beats Deep Sleep",2025-06-16,2025,night
3QHtzYrYnvEO9o3do1ELO0,Night Confession,2.29,D.J. Rasta,2025-12-21,2025,night
0g5iEtslOHFzTur5s1CJfx,Night Journey,2.02,Tsukigawa,2025-12-26,2025,night
0j4yYBFVoILk5UltKUHjYC,BACK TO LIFE,2.79,AVOYYD,2025-04-18,2025,night
5WoEAQeXeH07Ooz8ThRaBR,Back To the Iron Lung,2.3,Leon Riskin,2025-06-13,2025,night
7AnZjzp3BPCzyV3hX6Unwx,Night Background,2.48,Liane Peregrine,2025-01-27,2025,night
57x00pZiTU61Zi5MqFFye7,A Night Again,3.38,Nokia Angel,2025-07-20,2025,night
3mJeZKzGkOwhyfBQoNUlph,18 Again,2.99,Mulaa Joans,2025-10-24,2025,night
6wkYQMrFfb0huLB5Qn19Iv,We Almost Broke Up Again Last Night,3.39,Sabrina Carpenter,2025-08-29,2025,night
5MJcdCgTZhDZ5SA8ADGJ3w,Night Light,4.76,White Lies,2025-11-07,2025,night
7IufaFqTyRtza5KcLgsR5J,Breathe Again,4.34,"Wolv, Nightcraft",2025-08-07,2025,night
3XtJAP477UlgS6iEgxfhnr,Whole Again,2.01,Nightweaver,2025-07-11,2025,night
69PnLdSIrV0lfKOW2wN551,We Almost Broke Up Again Last Night,3.39,Sabrina Carpenter,2025-12-24,2025,night
6h0Cn4XAeQ1Ux984IbEEY0,Night Light,4.76,White Lies,2025-11-07,2025,night
6VxBEwjCqZuQUxqhSedNFa,Juice,4.5,White Lies,2025-11-07,2025,night
4zcJMvtUs1ZbDhLk3Si8Ka,Spend The Night Again,2.99,Jabaman,2025-12-19,2025,night
5BtDr4zBH0zQuVN8I65rya,Never Thought I'd See You Again,2.38,After Midnight Deep,2025-12-11,2025,night
1SnqpsA7dCPjsrTOANynO6,never see a lonely night again - Slowed & Reverbed,2.5,Sadboienola,2025-02-24,2025,night
512iecd31PGQh95Efy9ina,On Again,1.91,"Owen Norton, Treetalk",2025-07-11,2025,night
6veBHgpb2IgK1RVLW7NdYn,My Lover - Bonus Track,5.38,White Lies,2025-11-07,2025,night
45ubiAUk0eEtL643tdxqdD,Keep Up,3.6,White Lies,2025-11-07,2025,night
3Qw94zELi484AszrdeKnEo,All The Best,5.98,White Lies,2025-11-07,2025,night
5qOIKlKh9pHLL1TG8r7ydT,In The Middle,6.1,White Lies,2025-11-07,2025,night
1tg0hS3Vw3HpKYD6FIGgDn,The Nights,2.94,Avicii,2025-05-16,2025,night
5bKXRRnFPZfKWP1iIzq0FV,Forever Ain't Long Enough,3.23,Max McNown,2025-07-18,2025,night
0tkHXjNXfoBs6GQAySVUvb,Saturday Night Forever,3.39,Ryan Adams,2025-12-01,2025,night
2NBUAPJIv8XdgUX9t8VxOo,Forever The Night,4.09,Bury Tomorrow,2025-05-16,2025,night
5C2MUrIuoKekzdKAczr3gP,Night Flower,4.57,Warm Blanket,2025-01-24,2025,night
5fjIr7fMC19Jmz97GmmSB7,You Said Forever,2.45,Embody,2025-08-01,2025,night
2C9TJzzuEjBJhvFEuR5Zpw,Forever,7.04,Nightly Closures,2025-09-05,2025,night
3T9Aa4byQl2D2xsKyuX1XR,nights like this,1.32,"foreveralone, MrNotYet",2025-07-22,2025,night
5Cmc3253O6lT5hPtdJFPR5,Forever,2.58,Tad Forl,2025-03-14,2025,night
3PrMS74RvU8L1Dls0WrrMw,the night i lost you,2.55,"foreveralone, Memoria Futuri",2025-03-14,2025,night
6zdyQEg0a78Vlk4oLFcloN,O Holy Night/Holy Forever,8.51,"Bethel Music, Garett & Kate",2025-11-07,2025,night
04iB4m731yZmiRtpgTnOrX,Where Night Forever Falls,4.31,Dëthbringer,2025-10-10,2025,night
4794EmxNo8A4Cap6uFW59T,Forever Elsewhere,3.55,Weird Nightmare,2025-10-08,2025,night
1cb16fq2QsgQ7pGD1nHXZf,Forever Starts Tonight,4.8,Sound Of Moc,2025-09-05,2025,night
7zTbbz2IgBa0rU9QAs7kV1,Thriller Night Forever,3.54,Dynalectric Orchestra,2025-11-02,2025,night
2rUicHUhJbmCKw1bR13NmR,fine night tonight,2.72,AMEBKA,2025-05-22,2025,night
2SOOBnWrWkLAhWO6OcG6GH,Goodnight Tonight,3.93,Rikas,2025-11-07,2025,night
3MBvwToMFx1fEvtBFMbjiz,Goodnight Tonight,4.36,Wings,2025-11-07,2025,night
5KL0mtjgDoDwsGDWZDvgLU,Goodnight Tonight,3.93,Rikas,2025-12-25,2025,night
3WjljjNzoLEQxghZLoAyFQ,Tears Dry Tonight,2.79,"CYRIL, James Blunt",2025-04-25,2025,night
3EUriaLkbmjzgedgY133T5,"Tonight, Tonight - Live In Denver",4.11,Panic! At The Disco,2025-10-20,2025,night
60YPwlX3UnngvCHaP9qEdu,Save Tonight,2.44,"The Palm Tree Boy, rivve, RÆ",2025-12-19,2025,night
7DzKcNfTSISDA9uBPavuaG,Home Tonight,3.45,Sam Barber,2025-07-18,2025,night
59a87gn2pJSjKoVNl3bRDA,Waiting for Tonight,3.14,"Bikini Bandits, Alex Grey, Tanlines",2025-11-21,2025,night
31Ltbnc67hOivaTfZLTRxz,Goodnight Tonight,3.93,Rikas,2025-12-12,2025,night
43HECX8GKH8nCWjLPapDpi,Take My Hand Tonight,4.04,MIND,2025-12-19,2025,night
7FvNDS4H2wSCpgyAgd71iW,Get It On Tonite,2.57,TWOPILOTS,2025-07-25,2025,night
5So2jRGHzbkpEEphlEVfJN,Night Dreams,1.27,Kai,2025-02-27,2025,night
3bWAxydHxGLh1w6lYoq7Hz,Night Dream Portal,3.21,Sleep and Relax Music,2025-12-01,2025,night
26K7P20Hg4rRsHptdrzjaE,Nightdreaming,2.25,"SRTW, Nina Young",2025-03-28,2025,night
1gnYXbQ7MVciBMO5MtXIfN,Dreamscape Calmitude,3.13,Ephermal Nights,2025-04-18,2025,night
2bEwB7uUflrovjm2aGSlNN,Dreaming Of You - Radio Edit,2.15,Michael Lavigne,2025-05-16,2025,night
428FadlMOfgpnYbXw36YBf,Night Dreamer,3.63,Luca Skyline,2025-05-30,2025,night
2DewmibGFWxakcxvVyf2Tv,Dream Night,4.46,Jamie xx,2025-07-21,2025,night
02AqNivhvR2DN4Xy5ZhcRC,Night Dreams,1.98,Calmya,2025-03-30,2025,night
3RcnrSLr8adMwaoAjirO5d,Last Night I Dreamt I Was Alone - Loukeman Remix,2.76,"Vegyn, Loukeman",2025-04-04,2025,night
5EuzY9oYYZVXSGtBfVFvRh,dreams fallen,2.35,deathmarried,2025-10-10,2025,night
09sp1ASxFNFc0pNYIFbzSb,Night Tunes,4.18,Michael Lavigne,2025-08-22,2025,night
0Y1TsA1RVrDmvCpHMK9rnK,Dreams Of The Night,3.67,Steve Dawson,2025-12-03,2025,night
2GQLlvoeAoxaHefR3Hi23K,Dreamy Teddy,1.38,Orion Nights,2025-11-07,2025,night
4VpBWYOL42MJEmjWd061KB,Nightfall Glow,1.14,Dan Kraus,2025-02-21,2025,night
1XueA9ILXQjtfHSutkWUN9,Friday Night Heartbreaker,3.42,Jon Pardi,2025-04-11,2025,night
4yQwYXnr3P1TucJ2PSWNuM,Heart of Lagos,2.19,Nia Mbali,2025-01-10,2025,night
6V7bxWg4mmuU4ILbYPQJvd,Mr Electric Blue,3.17,Benson Boone,2025-06-20,2025,night
2C8qteOYUypPwQKNK2A8t5,The Night Wind Calls My Name,3.83,"A Wildheart's Tale, Niniel",2025-03-28,2025,night
4wp7yxcKxGDvSNubvIBdmI,Heart of the Night,3.87,DEEJO,2025-08-16,2025,night
6vZuDzK8W0nN2tHSRK8psg,HEARTBROKEN FUNK - Nightcore,1.93,"SEKIMANE, Rage激怒",2025-11-15,2025,night
4Pqli6waH1jw7y5DluZnBh,Man In Me,3.81,Benson Boone,2025-06-20,2025,night
2gMarfGd3dlMpIaMi5ziXG,Night Has Just Begun,2.69,"Brownie, When Hearts Collide, Sarah Rose",2025-06-27,2025,night
6CFJSaEwbJB9m8gCM8nksX,I Wanna Be The One You Call,3.03,Benson Boone,2025-06-20,2025,night
2gIRXLzCOpyQScaXylxzmk,Momma Song,3.29,Benson Boone,2025-06-20,2025,night
3HBJNBuAHKhQXcQ8nnVvXX,Wanted Man,2.93,Benson Boone,2025-06-20,2025,night
3YKrw7W5m7JVim1IrrY6IC,Night Rain,2.14,Yaman,2025-04-04,2025,night
3KtzJQSkJKp6iyU4OpcZkH,Hearts Don't,3.68,Tristan Roberson,2025-05-09,2025,night
0RpjUI0MgHAxRpvKt0LiKF,The Heart You Left,2.41,Harmony Joy,2025-11-07,2025,night
5Bk5GCiPMqDLIadLBGqlOD,Night Owl,2.57,Kelly Boesch,2025-12-13,2025,night
1SSf3DdKXQ9Bw12JWweD6x,The Night I Became The Rain,3.82,JERRY'S SOUND ROOM,2025-11-13,2025,night
7BlWrrnvbZJJbWep7HPP7k,All Night,2.13,Lonelysoul.,2025-11-21,2025,night
3e9b3aFSO2zVLc4BP5LZdw,Night After Night,3.3,Aven,2025-04-11,2025,night
6pyroXdJUlTZXfD5NLzjSr,hard all night,3.02,Soul Legend,2025-12-12,2025,night
2gIR7B0SuYTHnbuxpZ3FUU,The Night Moved On,3.48,Dream Fruits Sounds,2025-11-16,2025,night
0et5jvYEmrvRf7g4ScrYvn,Nights Like This,4.95,"Donae'o, Omar, Lemar, House Gospel Choir",2025-08-15,2025,night
6tpFiPRimAFOL7kOLWvMhS,Night On Video,1.92,Slime Dot,2025-12-19,2025,night
2XWoaHilDGezt1YlLn7VVB,Cozy Nights,2.25,Soulflu,2025-06-27,2025,night
1oQSC1YHdh3UhkGVmtuln7,By The End of the Night,2.91,Amber Mark,2025-10-10,2025,night
4O0B7QdQ03X6gTwDWdWce3,Soulburn,3.0,Dayseeker,2025-10-24,2025,night
0kBm8MYdwO9EIkmP3ALDO4,Night Fire,2.39,Blue Soul Tribe,2025-10-29,2025,night
51Ytv7oVrStRMBE2tFucZ3,Goodnight Fireflies,1.75,Sami Kaur,2025-11-21,2025,night
6cvlgYk6lSou46r0oyBs8f,fireflies,2.47,nightnotes,2025-11-21,2025,night
5S8XssuWkKSA6SOBL9ZA2W,Night Serenade,2.57,Luminary Night,2025-03-28,2025,night
3uWgFGPTWRm5lENQngePls,Night Waves,3.73,Dreamscaper,2025-01-09,2025,night
06jxKLpRUEKFDrhf7DcqAW,Nightfall,2.99,Imperial Atlas,2025-01-21,2025,night
1QX2SYLb1nATOdaS2eer1U,At Night,2.9,C.M.H,2025-03-13,2025,night
1uBu0frGvQd5DoA97IrEdT,Night on Fire,3.45,Black Soil,2025-08-28,2025,night
534YmHLaEMAuA1BKayGwUr,Finding Fire,3.87,Night Breeze,2025-09-26,2025,night
5VJganRkUKf8XjoJRi8o7h,Fire Nights,3.17,Midnight Side Eye,2025-01-10,2025,night
1A6voFS5kJAFWuzt6yIoWA,Fire,0.98,Noise Hugg,2025-11-28,2025,night
6G2ttHKJJ7IDAorMcf6hQx,Fire in the Sky,3.2,Dianna Friesen,2025-01-02,2025,night
4KZmDQV1aV2Hq7RhnvMZnQ,Wizard Firework Night,2.75,Bards of Ethernia,2025-12-04,2025,night
2EcEefuzimArmQ0qhMafQL,Nights On Fire (2024) - hayve Remix,3.33,"Virtual Riot, hayve",2025-10-15,2025,night
74MASkxPTWrAvsMnvPWKsM,Die In a Fire (feat. EileMonty & Orko),3.09,"The Living Tombstone, Eile Monty, Orko",2025-11-19,2025,night
5UDHWaeBqc40IlL6GuOmpS,Fireshade,1.7,Emberwatch,2025-08-08,2025,night
6YbMJQkDv5IZjP0LhwqYWH,Fireflies in the Night,2.21,The Velvet Sundown,2025-07-14,2025,night
