Track_ID,Track_Name,Duration_Min,Artists,Release_Date,Year,Query
1UNEuG9DYOWiikf00ayr52,Love Me Not,3.56,Ravyn Lenae,2024-05-03,2024,love
3ld1FzyNgpZwGn4h9cOXrq,Love Me Not (feat. Rex Orange County),3.14,"Ravyn Lenae, Rex Orange County",2024-10-08,2024,love
7hR22TOX3RorxJPcsz5Wbo,Love Somebody,3.41,Morgan Wallen,2024-10-18,2024,love
4WFgvKVfEhb3IUAFGrutTR,Love Me Not,3.56,Ravyn Lenae,2024-08-09,2024,love
2nMJZxXtV5oTPbtIXMpzhX,love you tonight,2.89,Ella Langley,2024-08-02,2024,love
2ZZMbEXXq9hPReD2alSNxD,LOVE IS A DRUG,3.13,Don Toliver,2024-06-25,2024,love
3vxvz0JoRDvnx2jG9oPljA,Love You Anyway,3.95,The Marías,2024-05-31,2024,love
1eDI5oU04SLsXl0TfxfwYf,Love Me JeJe,2.97,Tems,2024-06-06,2024,love
4t43d4WVhoUU9FZTq8tZmL,Love Me Back,3.35,Max McNown,2024-09-06,2024,love
2zf1izCOz2F22PF27uhxRF,Love Takes Miles,3.31,Cameron Winter,2024-12-06,2024,love
7wei8Hb9DxoVKUOIIAhDEQ,Love Songs,2.97,Clairo,2024-10-09,2024,love
2jAPwqfgCw5hsUrg3wsqzA,Love Song,3.19,Lime Garden,2024-02-16,2024,love
6LZu7XhS7DwC1x1mrXuffu,Don't Want A Love Song,3.06,Bryant Barnes,2024-07-26,2024,love
51rfRCiUSvxXlCSCfIztBy,"I Love You, I'm Sorry",2.62,Gracie Abrams,2024-06-21,2024,love
2voTL0BeyZoPJ29Jtz4VGa,worship or love,2.6,Them & I,2024-10-11,2024,love
7LqHM8vXewc8jxsM7VBVUj,love hate,1.93,xaviersobased,2024-06-06,2024,love
7IEbSjcSCiWIa22MsOsieC,"Love You, Miss You, Mean It",3.36,Luke Bryan,2024-06-14,2024,love
3Hp8GJDsH3E7fumfAACH2k,Love in Paradise,4.18,"Jorge Rivera-Herrans, Barbara Wangui, Teagan Earley, Kira Stone, Steven Rodriguez, Talya Sindel, Mason Olshavsky, KJ Burkhauser, Armando Julián, Steven Dookie",2024-08-30,2024,love
47hsUYxvbTlBAN3sP9dEOd,Love Me JeJe,2.97,Tems,2024-04-25,2024,love
4fY0yi1yHG5XyawNTDXh1f,Love Me Too,3.86,Gannon Fremin & CCREV,2024-08-16,2024,love
6UumSbVp1ae6IfcOWDo1oL,Love Me Not,2.34,Emei,2024-02-09,2024,love
7eCVm5KcpFrDhx6XHkF3t6,Love Me 4 Me,3.1,SZA,2024-12-20,2024,love
2PyJAiQjp1OPkow2FJZKHR,you look like you love me (feat. Riley Green),3.74,"Ella Langley, Riley Green",2024-08-02,2024,love
1NWd7e7ec7onR8iynUeAd1,Love Myself,2.82,Eddie And The Getaway,2024-12-13,2024,love
4Je4OSUhDmrG9MYMH4JVez,Love Myself,3.15,Cameron Whitcomb,2024-09-27,2024,love
14OQ9qHCNEOGiy9UryGImS,Love Myself,3.73,KOLA,2024-06-14,2024,love
1eae2kXKAzTb8GJ9yO2f4l,Love Myself,3.12,Andy Grammer,2024-11-01,2024,love
7lMsFgpH4POBfu6INx2Xkc,Love My Tone,1.7,Fourfive,2024-04-05,2024,love
1QXLMbgfQwgSrz2pR3STFs,I Love My Draco,3.37,"Bloodhound Lil Jeff, Rell Vert",2024-08-12,2024,love
7rFnLiTDCAlCUoujurJRYZ,Bitches Love My White Belt,1.95,Febuary,2024-04-20,2024,love
6GG4yyk3UATdBfTHVgI8PB,Ain't No Love In Oklahoma (From Twisters: The Album),3.52,Luke Combs,2024-05-16,2024,love
5eOtOmwDRitSjJRNcgkKOc,love you to death,2.87,"Josiah Queen, Strings & Heart",2024-11-22,2024,love
2b98AhAxuK5i4YUHaQ7eQR,"Love You, Miss You, Mean It",3.36,Luke Bryan,2024-04-05,2024,love
3Lk4pTOssZ7hPLrA6WGszh,Love You For A Long Time,3.67,Logan Ryan Band,2024-02-02,2024,love
55rKJJeSu96s0M1WC0U0fO,love you tonight,2.89,Ella Langley,2024-11-01,2024,love
08wyXJO5ZcqloLYbpufenQ,I'm Gonna Love You,3.14,"Cody Johnson, Carrie Underwood",2024-11-01,2024,love
0gmKvcuqpmLqEXFE3bRxtc,still love you (todavía),2.54,The Two Lips,2024-12-13,2024,love
4ME94ohG4VQa2EoekCNShL,Love Is an Open Door,2.06,Disney Peaceful Guitar,2024-12-06,2024,love
3jhlwdu8nU7hFTEGHUomN3,love is embarrassing,2.58,Olivia Rodrigo,2024-03-22,2024,love
6vhveFPqeygbSIVpaAgWik,Loveisheroin,1.98,Chezile,2024-02-27,2024,love
5tojKRFiMxJowJlCIODDNq,Love Is Everywhere,3.24,Magdalena Bay,2024-08-23,2024,love
4wCKB3BbfuPItNfp0yCg3k,The Love Is Gone,3.33,Jamilah Barry,2024-09-13,2024,love
4r6c2ClnuYLwNv4lEM7XlW,Love Is The Only Thing,2.85,Lost Frequencies,2024-11-08,2024,love
7Dgu2SoNj6ZBGz5nI6adfi,LOVE IS A GAME,2.18,Jakey KRUMM,2024-09-06,2024,love
0Alhzv3cqtFaQt6M93FJ0f,Love is Here,2.17,The Abide Project,2024-07-30,2024,love
2EMmS7bFGYO6Z0usNmmGF8,What True Love Was,1.57,Katherine Devora,2024-11-19,2024,love
3mFwJ40aFgdjfjSN7TIyGv,Waste No Time,2.76,Jeff Bernat,2024-01-05,2024,love
4GvywuQc9e82BZZ6fC5I9g,Our Love Was Like A Sad Song,2.67,Real Friends,2024-10-11,2024,love
3DKSyEAghmSEgEBDJ5IjQX,Washed by Love,2.11,The Abide Project,2024-07-30,2024,love
4QrtChmT37CxXixl6sEmfG,glhf<3,2.94,MICO,2024-10-25,2024,love
2JGV1bINgKmCyCONGfGbo2,Our Love Was Like A Sad Song,2.67,Real Friends,2024-08-07,2024,love
71qXA4DojIygYDobvhY0zI,Love Of My Life,2.72,Bellah Mae,2024-06-07,2024,love
5TKozinJsjDDKBtFAL5Cxi,Our Love Was Fading,3.99,Fetch Tiger,2024-03-15,2024,love
04QbbVyw6QOB2sfkBVbc9Z,love wasn't enough,3.19,francene rouelle,2024-04-19,2024,love
5UFSyUNJMIbDfD2DjBtl72,Love Was Coming Back,3.52,Drew Charron,2024-08-09,2024,love
7iXk08RHx0RQzM1PhCGd9p,Love Was A Colour,5.75,Slik,2024-02-16,2024,love
1FJ5YjUH0AdPLK8oX5b0c1,Wasted Summers,2.17,juju<3,2024-09-06,2024,love
1r6GlcrY5racv8j5l6Of3A,Is This What Love Is?,3.62,Wasia Project,2024-08-29,2024,love
6RSJF43gCnSMtHZq1L8PSP,Love In The Middle,3.19,"K CAMP, TheARTI$t",2024-01-12,2024,love
7139i7az9yLB4fH7IdcrQ6,Waste Love,3.27,"mgk, Madison Love",2024-07-05,2024,love
7bm43GzdpxPuXgxAXdvWSw,Love & War,3.57,Justin Timberlake,2024-03-15,2024,love
0hg9x4n0oko8rEqMKAsytr,i was 13 in 2017 and didnt have a cat,1.21,wifiskeleton,2024-06-28,2024,love
2cb10pqT6p291kduzk3jvO,LOVE U ANYWAY,2.94,Stand Atlantic,2024-08-23,2024,love
2xM0qj1bxFldH3BgLIzcve,WASABI,2.8,MAX,2024-02-16,2024,love
2QHFSR7VUZZfRRwZycKqSa,Love Theme From Spartacus - Remastered 2023,4.25,Yusef Lateef,2024-02-02,2024,love
0KEQ6X89UPO4wUFjLoIERl,Love The Way You Lie (feat. Norma Jean Martine),2.68,"Jax Jones, Azteck, Norma Jean Martine",2024-10-25,2024,love
2vBBUQnM6YSN44gbe4uCoH,Love The Hell Out Of You,3.42,Lewis Capaldi,2024-08-09,2024,love
2JMOEBXhwGxrJGowaXMp7L,Love Theme From The Robe - Remastered 2023,4.03,Yusef Lateef,2024-02-02,2024,love
2c6wQCi3dt5vjbpysZIpdr,Love Theme From Chinatown,5.68,Carl Bagge,2024-03-08,2024,love
48oLajvNQsUqGHl6r24hMY,I Love the Way You Love Me,3.92,Walker Montgomery,2024-09-13,2024,love
6ZBifLV2upS9TxrO8Pp15U,Love The Ones Who Leave,2.71,Alec Benjamin,2024-05-10,2024,love
6NSiWQcL72wEnsYO1lkNCy,i love the way it cries,2.34,crxw,2024-08-01,2024,love
2o3II1DVbFPlCnR95xauge,Leo Luv The Sluts,2.83,Monaleo,2024-09-27,2024,love
6G9YlbU3ByPJQvOFDRdwyM,her,2.86,JVKE,2024-08-30,2024,love
6jQeSeqn9AdsCe0NMrylxH,I LUV HER (feat. T-Pain),2.93,"GloRilla, T-Pain",2024-10-11,2024,love
1GpDcABDptCpIOALmD2S5f,I LUV HER (wth T-Pain),2.93,"GloRilla, T-Pain",2024-10-10,2024,love
548N8wTu4WmazCh1tqed4p,Love Her Next,2.76,VOILÀ,2024-11-22,2024,love
5iA3Dh1BVtO9OHlPTvAiAL,i love her,1.21,"fedo DJ, ciaffa, vampvampvamp, nulled.",2024-11-04,2024,love
4wXYVPuynUdvSwnQzkUuQK,Love Her Anyhow,4.64,Roger Ramsey,2024-07-02,2024,love
0oCmUyJ8bMsaBu9YPpYspa,Didn't Love Her If You Don't,3.25,Tyler Chambers,2024-04-05,2024,love
0YUD5sVmPo7eQTxbNXwEg8,Love Her Madly,3.75,"Pickin' On Series, Iron Horse",2024-06-28,2024,love
6IEvEwZISeKk74yquZ0YhZ,I LUV HER (feat. T-Pain),2.93,"GloRilla, T-Pain",2024-10-10,2024,love
70ozFod8wY3Ca3CwQmkTCw,I LUV HER (feat. T-Pain),2.93,"GloRilla, T-Pain",2024-10-23,2024,love
0XTiR9Vo4ijwQZTgMDcs1D,Love Her Next,2.76,VOILÀ,2024-12-13,2024,love
3iYeXCdD3d0zlex2v0CpVt,Would You Fall in Love with Me Again,5.76,"Jorge Rivera-Herrans, Anna Lea",2024-12-25,2024,love
1GGbYU09njZt6KTH6pcoBa,Love Him,2.18,Dream J,2024-01-22,2024,love
4QMgEffJQuKtjCNvqfRZ0m,But Daddy I Love Him,5.67,Taylor Swift,2024-04-19,2024,love
5og4Qzt92jJzVDkOtSEilb,But Daddy I Love Him,5.67,Taylor Swift,2024-04-18,2024,love
1BllxkhLaC2xvKNLSEZIKL,He Think I Love Him,1.59,Megan Thee Stallion,2024-10-25,2024,love
6nbMoQLeeeha0Mxn5Zm2Mj,We Love Him,1.58,Better Country Soaking Worship,2024-04-11,2024,love
18XOuLV0MZzkELBHcYjehD,But Daddy I Love Him,5.67,Taylor Swift,2024-04-19,2024,love
2xy8B9p5zJ2ofJlFSGKQHq,Love Him Bad,2.35,Pia Mia,2024-12-13,2024,love
1Lad0NlRHi7iNtQ6TeYK56,But Daddy I Love Him,5.67,Taylor Swift,2024-04-18,2024,love
02oB4JMmIgkJWWiWza4K6U,do you really love him?,3.11,"goodlife, Elderbrook",2024-09-06,2024,love
2e0sYhW6Nr7FNBY6Tdlidx,I Don't Know How To Love Him (Lullaby),4.05,"Richard Abrahams, BabyGoodnight",2024-01-26,2024,love
1c9IZViltd3frjUVxTL6vn,Give Love Him,2.23,Decks House,2024-03-29,2024,love
5ny3DPfO9qOXL9JOcXtj9M,I Love Him Til I Love Him Right,4.02,Amanda Bergman,2024-06-07,2024,love
2Ztj0AM2iwqKBnC3yWacLr,But Daddy I Love Him,6.7,Minnz Piano,2024-05-10,2024,love
0G75iKbPtPhq9uefAJCapv,But Daddy I Love Him,6.7,Minnz Piano,2024-05-30,2024,love
0UmgcGXs6JGdBEOgnGUsd2,But Daddy I Love Him,5.59,Piano Covers,2024-04-23,2024,love
1YMK5FjrhNRaSLDFJ4rQxc,But Daddy I Love Him - Piano Version,2.45,Peaceful Noise,2024-04-25,2024,love
68X6f7M98XFEnlay9952aE,Love Himself,1.87,"Julie, Shiloh Dynasty",2024-09-06,2024,love
74sZKiwaGtSEEyjhDmi99y,But Daddy I Love Him,5.67,Taylor Swift,2024-10-03,2024,love
1yOdjdvmjogWEuA5RLzksm,But Daddy I Love Him - Piano Version,5.66,Relaxing Piano Covers,2024-05-31,2024,love
0Ob7vBSEng7nDRBNQHcLz4,Love Him Some Me,2.59,Mary Mack,2024-02-23,2024,love
3ZUgVMLCtKzuUvjhXX1nsm,Baby Donde Estas,2.68,AzLoveAce,2024-12-04,2024,love
7uGZIgNGAM4y7cyLj9SPlw,Love In My Heart,3.2,BABYMONSTER,2024-11-01,2024,love
5Mysty4YeFTdu2Xm7O2yHM,"Love, Maybe",3.13,BABYMONSTER,2024-11-01,2024,love
2HgfelSKRyn4CI6sC3oArb,Baby I Love You,3.19,"Dany Ome, Kevincito El 13, Gatillo",2024-12-25,2024,love
2jo6ciwkR8MgGbLgwRQrd9,She Love Fxce,2.64,Babyfxce E,2024-11-22,2024,love
7qc9sdJhgmL5bh5w0lW1Kh,Real Love Baby,3.15,Father John Misty,2024-07-31,2024,love
2yvVFLyD8BYgaRf3SiMFmk,Baby,3.98,Still Woozy,2024-06-28,2024,love
7qJvl5rPKvCTFHMeXwTDRd,Kentucky Love,3.85,"Bfb Da Packman, Babyfxce E, KrispyLife Kidd",2024-03-29,2024,love
7v21UEJI0U8v99dggzZjQm,Kentucky Love,3.85,"Bfb Da Packman, Babyfxce E, KrispyLife Kidd",2024-01-15,2024,love
0iZh0S8Fczu80nKITqWPGs,No Love (feat. Lil Baby),2.93,"42 Dugg, Lil Baby",2024-07-04,2024,love
45wxGwwlbCPqMnczHFpMbX,Sweet Love - Acoustic,2.64,Myles Smith,2024-05-03,2024,love
1uXXJuMgJgrzg60ANgyvGY,BABY MONEY,2.85,Destroy Lonely,2024-08-30,2024,love
06qxIFQNjOGlet0K4lTNFJ,Baby Love,4.17,"Rosehardt, Masego",2024-05-10,2024,love
2N2rsa5aj3bkjwAWwtCkqM,Love Story,2.15,Chole Lawrence,2024-06-12,2024,love
0tR6GxUcwyqNxzTUrjOBkx,Love Unfailing,2.03,Better Country Soaking Worship,2024-04-04,2024,love
1Sj9j66afjsxGjB2sshX0f,Tender Love,2.2,Greg Lattimore,2024-11-08,2024,love
4CDZ1Tny4LSiXGCFDsYaIy,The Love of God,1.72,Still Waters Worship,2024-10-10,2024,love
7y3sUNrRYJ3mOP1xiFayaw,The Love of God - With Rain,1.74,Still Waters Worship,2024-11-15,2024,love
0EUfhgUuAK8qeRgD4y1fwR,"I Love New York / New York, New York",2.75,Glee Cast,2024-03-21,2024,love
55GyzHOuubWTEZIq0akP6u,Love Song,2.28,Treety,2024-03-22,2024,love
3u18lRpQFZYALlVjn0fL1y,Lover/Friend,4.32,"KAYTRANADA, Rochelle Jordan",2024-05-22,2024,love
1WFNU6zWFu5BpSiQOAVTAO,New Love,2.87,girl in red,2024-04-12,2024,love
65s9dLrylbHp60IYIcUZEz,Not Even Love,4.09,"Seven Lions, ILLENIUM, ÁSDÍS",2024-03-22,2024,love
3A75RXF6osQ8vLMSMbNJ9r,New Lover,1.9,Maeta,2024-06-21,2024,love
1WhOAj5teLoK2bML76DgXx,772 Love Pt. 3 (Your Love),2.87,"YNW Melly, YNW BSlime, Ynw4L",2024-04-19,2024,love
69NMENYVwdIYSccU5RVZEe,What The Fuck Is Love,3.17,PayGotti,2024-06-26,2024,love
01wgcaEEbabjrg8cBqeJMB,Love Me Not (feat. Rex Orange County),3.14,"Ravyn Lenae, Rex Orange County",2024-11-27,2024,love
17L09JJ5W7F5ou68mcAeMJ,Real Love,2.29,Childish Gambino,2024-07-19,2024,love
6ZO66iBeyJBbpCh1cjnRHx,Lovey Dovey,2.5,"YNW Melly, YNW Bortlen, Ynw4L, Toosii",2024-04-19,2024,love
3SPyQLorNAVh3XFtFiay1A,All My Love,4.19,Noah Kahan,2024-02-09,2024,love
25iwrl02x7LM0kNgpSs5RK,"Love, Me Normally",5.74,Will Wood,2024-08-09,2024,love
66TTutUCqCpAzGCBcsBuYy,Waiting In Vain - Bob Marley: One Love - Music Inspired By The Film,5.02,Daniel Caesar,2024-02-02,2024,love
2cyiFybuPgKlugtzrlnYvt,Love Around The World,3.45,Pale Jay,2024-09-06,2024,love
7FdXOLMEnvyyB20WiKWWuT,Lovely Places,2.59,"Monkay, ØNEMOR3",2024-12-13,2024,love
2TJYfqZ24XmBt3lKsfQj4N,we can't be friends (wait for your love) – string version,3.71,Ariana Grande,2024-03-08,2024,love
3TPwWbmemdOpG8xxYGjqLc,Savage Love,2.99,Etienne,2024-09-13,2024,love
0u7Shj9zotYlZR1HTV04CX,wildflower,2.92,yung kai,2024-04-26,2024,love
0VVD95cRAppHSOGPYrfIG2,the cutest pair,2.64,Regina Song,2024-06-14,2024,love
3r3ptJ1aNi1Q5hCrmpo1l3,Always Love You Like A Good Old Dog,3.78,Oliver Anthony Music,2024-03-31,2024,love
1hWDc5jD5br9pXSOtubFlf,IT'S YOU (feat. keshi),2.89,"MAX, keshi",2024-02-16,2024,love
6IbHr3NKr1EXe2Im2cnVZx,Temporary Love,2.72,Keenan Te,2024-08-23,2024,love
7IleOPofEJ64SUZbCBp8lW,Lovin',3.57,Martin Eigenberg,2024-09-06,2024,love
7JkNTVDjJUrB6UgpSnt7P5,Lovelace,2.75,Nep,2024-06-07,2024,love
6z8ml0nBdPisgCMwbzhN2Y,Old Love,2.96,Zach Stevens Band,2024-12-01,2024,love
1np4gcPuwYPt2o5qTQOsEe,LOVE,2.24,Mac Ayres,2024-11-08,2024,love
13BUakUL6tVJE2OG3zduZW,Love Actually - Eng ver.,3.4,imzoo,2024-11-30,2024,love
4VAf14oqFHHbIiLvNPP0LS,Love Me - Original MIx,4.65,"Goodman, Marta White",2024-10-28,2024,love
6PPmxsry0LIdSbGq1MUdOV,Love Lounge,2.38,Atmosun,2024-05-17,2024,love
35Z92uTzX4sfUPx4WUACVh,Inside My Love,2.47,TWOPILOTS,2024-03-21,2024,love
1CyQ31Gt77CVF6aMQVq57G,strawberry love,2.28,Miles Hardt,2024-09-19,2024,love
4ZnwnuTePO8rMLPciiCrQT,love me like you used to,2.72,Nic D,2024-12-13,2024,love
778tDLZZSS0EsoviKSR3YS,Love You,1.56,Nikko Mad,2024-03-01,2024,love
0N4ORuJltea7CC0bb8WvrG,Love me like you do,2.41,Seasider,2024-01-12,2024,love
6uvwNFq7ip9kwIUivHeif2,Love Lost,3.61,BoyWithUke,2024-11-15,2024,love
24K9dVvylRXx9pawALfstI,LOVE LOST,2.0,"Fckbwoy, MulaManDam",2024-09-13,2024,love
6yaF2WzaQpY00JnKPtOEB0,love lost,3.01,"Umair, Talha Anjum",2024-08-08,2024,love
6AP8Ttpx7tCVd8EqflkkR0,Love Lost,3.0,Calum Bowie,2024-04-05,2024,love
7DWN0emWvUVHXeMS8qJJa6,Love Lost,3.28,Martin Czerny,2024-03-12,2024,love
593a80uHcKk6zlG9uecQ53,Lost In Love (feat. Be Charlotte),2.72,"Rod Wave, Be Charlotte",2024-10-11,2024,love
6S8vL6ztOFwzyM2QhzHUuo,UNFAILING LOVE (PSALM 63) demo 7.mp3,3.51,LOST & FOUND,2024-11-06,2024,love
6uSKzkdfwFEThnMrZbvoay,Lost The Love,2.26,BigXthaPlug,2024-10-11,2024,love
5OwqFM47ecHiFJwyEOibZu,Lost In Love,2.68,"Rod Wave, Be Charlotte",2024-10-10,2024,love
2wMDtQ3fyhPoKuvS5CLek3,No Love Lost,2.91,Backbiter,2024-07-21,2024,love
4cSfoMZcNJm117RWXFCDDh,"No Love Lost (feat. Jay-Z, Nas & Lord Tariq)",4.91,"Shaquille O'Neal, JAŸ-Z, Nas, Lord Tariq",2024-06-28,2024,love
014nzsOiXkV39ivgWROKIk,Lost in Love,2.88,Max Allais,2024-08-30,2024,love
6TiFLG7kWJBbGwmSphOjEN,love lost.,1.6,MVRTYR,2024-02-10,2024,love
12wGxv4ObltgtvBkBux56m,NO LOVE LOST.,3.13,"aurorawave, Nathan Aurora",2024-08-02,2024,love
2Eh8LnJcgovjgBE1PUbSd3,UNFAILING LOVE (PSALM 63) - Acoustic Version,3.12,LOST & FOUND,2024-12-23,2024,love
54xgdEPw7grbzYOIqORO5P,Summertime Love,3.69,Flatland Cavalry,2024-11-08,2024,love
7vgrYkkyqSDqsRjxa8SFDF,Lost in the Ocean,4.11,Glass Animals,2024-07-19,2024,love
6oxJ6aT93hZEs4a5ozrpuq,Keep Calm Love Freaks,1.46,Lijay,2024-05-10,2024,love
1dlX4os7LgUCPE6LLZ8DMt,Free Me,3.33,Odeal,2024-07-05,2024,love
68ehun5XeirwMPnwTSyefV,"If you love solitude, you don’t love freedom",4.87,Tomat,2024-11-15,2024,love
3i86MS9vF1VCf0h2IEpKWY,A Lot More Free,3.32,Max McNown,2024-09-06,2024,love
3RZg3NiFKnPRose4KTRxhY,Free Bands Freestyle,2.69,"Swifty Blue, Jewl$",2024-02-01,2024,love
13d25rq5AA5ppzekwPwtUz,Free Falling,2.89,James Arthur,2024-01-26,2024,love
3l6nY1I0cxJlGMZVWmCsq7,528 Hz Love & Freedom,2.12,Ashtar Being,2024-07-02,2024,love
0bwJRs3ZjJB6XYaqD0CA24,Love Free,2.34,Eufonia,2024-09-11,2024,love
5wL9RtnsGCM9NTRU1YLn4x,Love Freely Flows To Me,3.63,Sdar Lotus,2024-08-19,2024,love
6MTUR0jyam8SIwutdA3UhN,"KTB Freestyle (feat. Dj E Money, TTO K.T. & Taylor So Made)",3.9,"Kodak Black, TTO K.T., Taylor So Made, Dj E Money",2024-12-25,2024,love
4s5I0RCLDgPjUpmmlQbpP1,Love For Free,3.56,Akio,2024-03-08,2024,love
2I87p1jQybZXkMF3sEANDZ,Lovely Freestyle,1.39,Rockout Danny,2024-04-30,2024,love
5gEiDDg8V8BZ1iZ6nQgAjW,Love FreeStyle (Need You),3.09,MurdaVault,2024-04-22,2024,love
1y36PK8UV7YAbS7p4R79hP,Free Spazz,4.01,Lee Drilly,2024-01-12,2024,love
4Pm2IwI3UXnEgh73twdPvB,Free Your Love,3.62,"Phatwell, SunMo, Lingøy",2024-10-24,2024,love
4GjEdufOc7sbZAW8wtI2DT,Love Again,3.1,Ben Goldsmith,2024-09-13,2024,love
0spovGq2xqUzPgptymKmz5,Lover Take It Easy,3.52,"Bonny Light Horseman, Eric D. Johnson, Josh Kaufman, Anaïs Mitchell",2024-06-07,2024,love
6qfIHUX77YpCahrVCdhewt,Find Love Now,2.71,"Cheat Codes, Punctual, Raphaella",2024-07-19,2024,love
336iJSUd5J4cFAkVM6GX4U,Where's Your Love Now,6.18,This Is Lorelei,2024-06-14,2024,love
6eKTQs8C5k4wvw5pqQF9tf,Love Me Now Or Lose Me Later,3.69,"Kygo, Matt Hansen",2024-06-21,2024,love
3byPK5MNM4HN4XgbwAlMzs,So Rough So Tough,2.51,J.ME,2024-03-28,2024,love
5Hg1m5uhSPL75ejQgPOmyc,Heaven Knows,3.03,54 Ultra,2024-05-01,2024,love
1NoWuTa2yd2fmXqIbALVri,"Love Now, Again",3.29,Sonnee,2024-02-16,2024,love
36XthES65pjaoZhAq0wtFb,Love Is A Game For Fools,2.75,Los Yesterdays,2024-08-23,2024,love
44R1ZALac20AijYr5TtPgr,Nowhere To Run,3.68,Kings of Leon,2024-05-10,2024,love
6UKPGUV7Qt7PfDR1H3lRN7,Love90,2.97,Quiet Light,2024-10-25,2024,love
6RC4AyIElIYn0oFNlA1B5A,Loved You Before,3.01,Peach PRC,2024-04-26,2024,love
1XZDvKtyk3oQHEzMlpHDXt,Love Me Now (2),1.83,Eja,2024-05-25,2024,love
4J2wzju4I6Qui9PlkUWGp0,Love Me Now,3.1,"Banditdamack, Blanco15, ShooterzOnGo",2024-03-22,2024,love
2ya7TsvunCYluGeUaB8glQ,Find Love Now,2.71,"Cheat Codes, Punctual, Raphaella",2024-08-02,2024,love
5pvEQBRu3A5AWysT0zN1Px,Love Me Till the End,1.43,heaven4now,2024-07-05,2024,love
2rIxyPWrqHUnZVVYQ1o2pn,Love Me Now Or Lose Me Later,3.69,"Kygo, Matt Hansen",2024-06-20,2024,love
0NhRTBthBnSjGVCUINOkXu,Where's Your Love Now,6.18,This Is Lorelei,2024-05-15,2024,love
59kWPNAfGnTeWfUOoZeNLw,Lets Smoke,3.13,J.ME,2024-03-28,2024,love
2Vs1jiyXhodhwBjuusCNJ5,"Love Now, Again - MAFRO Remix",4.68,"Sonnee, MAFRO",2024-07-19,2024,love
4HeLwusk8ywBrwttI5rhJB,Love Is Now,2.2,Ambia,2024-07-06,2024,love
1fFeD386WZ7VeV8nLTivL6,lovelylittlehell,2.91,"nothing,nowhere.",2024-02-09,2024,love
7ag9ykeXpFYHpN2K0OMFJJ,Love is Gone,2.95,Luca Lambo,2024-02-04,2024,love
6pAAmKxN6tRttoW1a56b5A,Love Gone,3.36,Mere Pablo,2024-10-25,2024,love
28ZKtbYy8oo5XaYwmWfID7,someone you love is gone - slowed + reverb,2.51,endless withdrawal,2024-02-02,2024,love
54zdeANMFIJPPoOLyNM2WE,Love Gone Cold,3.41,Errol Linton,2024-08-09,2024,love
0BibgpCtG8UucLmgaEBOyH,Perfect Love...Gone Wrong,5.41,Sting,2024-09-27,2024,love
2OuiH4Mq9BgoymkUWo4ln8,When The Love Is Gone,2.68,Anna Graves,2024-06-28,2024,love
4hpz4Sp5WlR66EfiQCr6ch,Love Is Gone - Slowed,3.93,"Lucasta, Atrixx",2024-10-23,2024,love
2FJAmVEuMumOD5II6xJK1g,Love Is Gone,2.9,Points of Conception,2024-11-21,2024,love
7uzbIf1msRDqE4ZkE1pGMK,在加納共和國離婚 x Love Is Gone,2.59,Atomix,2024-12-13,2024,love
3B5WEhiNlhfCHlEIAftpNv,i miss your love,3.55,"gone like summer, your warm arms",2024-12-06,2024,love
3vakIIH4Ss4eMjX3Liqzuf,Gone With The Sin,4.36,HIM,2024-10-25,2024,love
1z6DZqg34bkaX7wzZ1ftdi,My Love Has Gone Across the Sea,2.82,"Jodi Benson, Angel",2024-07-19,2024,love
6u19p8qAQY2ECIDl18MSei,After the Love Has Gone,3.57,Tobias Berntsson,2024-01-19,2024,love
1IDCJKAM9Pm0typFTac3mE,Shake 'Em Down,3.19,Errol Linton,2024-08-09,2024,love
1DzCyByOmQwNyF3BlvyaK0,Days Gone By,3.18,Julian Vaughn,2024-08-04,2024,love
5XP66wQ76dzUDEpte9wBxN,January Day,3.27,Errol Linton,2024-08-09,2024,love
2l1NHi20JIafLfhvvfkrUH,Love U Like That,2.52,Jback,2024-03-15,2024,love
7f4AbRZfpNBJ4EoqYm6ui7,back to my day job,1.32,wifiskeleton,2024-06-28,2024,love
7sIShdqb3UI8EdoIZdgT9t,Back n Love (feat. Devin Malik),3.84,"ScHoolboy Q, Devin Malik",2024-03-01,2024,love
5GuIzlOWMBTUQGaJqi1dXk,Love Language,3.48,Breez Kennedy,2024-11-08,2024,love
752jlynYuLUa6lDra01aLa,Love I Got Left,3.26,Max McNown,2024-09-06,2024,love
4mgTD83UhCTL1CiWfMDvOc,LOVE IS PAIN,2.9,Albee Al,2024-05-31,2024,love
7pdbckoMxb1n5qq3jxO9TA,Back 2 Black,3.77,Brook Lynn,2024-11-29,2024,love
3XjCXIOoztTcUFA2Un7svj,Love You Back - GTA Rally,1.84,Lonely Lies,2024-06-02,2024,love
2FaC9oLJRiG9QZfNaeI6JG,LOVE&LUST,2.64,SHRETA,2024-10-18,2024,love
2HYfuXcKxTRvrjJKKPIhR1,Run It Back,2.47,Still Woozy,2024-06-28,2024,love
2mXDnp94U2SNtqLEYG9BKu,Love Come Down,4.0,Sam Blasucci,2024-07-10,2024,love
6CNmpfcb6fIC83tVTnaopy,Backyard Lover,5.47,Merce Lemon,2024-09-27,2024,love
6PiwbmGkDOisZPv9Daebp7,Lovergirl,3.07,Haley Smalls,2024-06-28,2024,love
7kjnyXWlhQdlrtFX1a39K8,Knackle Back,1.71,Ishaq Love,2024-02-09,2024,love
4Vvy29lp15NvfeqC8PAr6U,Love Again,2.78,MIRA,2024-06-28,2024,love
31Sr3l0OKMn5gG2A1toFpj,Love Again,2.4,Moon Soul,2024-05-14,2024,love
1SskSizkJo3eR0AQJ1GJt6,Love Again,3.54,Céline Dion,2024-06-21,2024,love
2eqXSKIf5Sd6uEo7oX38qq,LOVE AGAIN,2.44,The Kid LAROI,2024-08-09,2024,love
41W3gyf25NrDk1B7p5egBP,Love Again (Live from the Royal Albert Hall),6.03,Dua Lipa,2024-12-06,2024,love
7aWdboxISF3IFa5cmWipPE,Love Again,2.25,J Rizzy,2024-05-17,2024,love
5vTD0GuutyInvNpOFxLCPi,Love Again,4.54,"Eli & Fur, Hugo Cantarra, Richard Judge",2024-08-07,2024,love
5ouzAZqYr1THNh23K6Q88y,Love Again,5.08,Shroomyland,2024-08-30,2024,love
6pwsk1IjcswiaI8BwBIfyV,Love Again,4.54,"Eli & Fur, Hugo Cantarra, Richard Judge",2024-09-27,2024,love
2UBzypYiqUdqSYbGwg4JNR,Love Again,2.26,Blood Orchid,2024-07-01,2024,love
3JoBv1fDAaX2UtvWytvJ4u,"Love, Again",2.79,CLAUDIA,2024-03-01,2024,love
6uVbSAvKzTRgWj0IQ094En,Scared To Love Again,4.23,Evan Honer,2024-09-13,2024,love
4n6H8EZdnEIL9CR48Qf2h0,I Can't Make You Fall in Love Again,4.81,Glass Animals,2024-07-19,2024,love
5qfWHy2uKkjhwL3BhpD1n5,Love Forever,1.27,Lil Dirk,2024-05-01,2024,love
3GFiR0kVn6as3xPMrTK4Ll,Love Forever 2,1.42,Lil Dirk,2024-05-01,2024,love
3v3e5C8LxTZPHfGg0vX7Ln,Love Forever 3,1.27,Lil Dirk,2024-05-01,2024,love
7wGkypoXMHSllMNsXQopvb,FOREVER,3.74,Destroy Lonely,2024-08-30,2024,love
3svxs8DFprPKriuGKeVimo,My Love Forever,2.12,Slumber Cloud,2024-03-28,2024,love
20oVyPvaVROUvQi0Z9vgWg,LOVE HURTS (with Lil Uzi Vert),4.57,"Destroy Lonely, Lil Uzi Vert",2024-08-30,2024,love
4pRSB29OrjW4P7Q5fOT18g,SYRUP SIPPIN,3.18,Destroy Lonely,2024-08-30,2024,love
4wXb2K1fSCzl83qSpFELno,LOVE HURTS,4.57,"Destroy Lonely, Lil Uzi Vert",2024-08-28,2024,love
7kE2DB11mej6C1HUdeVYir,SYRUP SIPPIN,3.18,Destroy Lonely,2024-08-28,2024,love
2R45BrLhQPHjWnG8gj2zAw,Love Forever,3.57,Dave M. Collins,2024-07-09,2024,love
0OlLjZKLvMrAnjCGTnxGAG,Forever Love,3.44,"Daddyyy Sam, Sam LGND",2024-09-28,2024,love
6HaZBpFrvzkz7X7isVtfsN,Forever,3.79,Maximum Love,2024-11-08,2024,love
5R8YJ1RiTf1vl1OcgjNEzL,FOREVER,3.74,Destroy Lonely,2024-09-20,2024,love
6Ckz5kbr2ZPEAq2iGLvQ7t,Love Forever,3.57,Dave M. Collins,2024-07-05,2024,love
61UK8pJVvE6peUni27ZOcA,LOVER,3.15,"The Knocks, Dolores Forever",2024-06-28,2024,love
5Jb2Hp5yGqFrxxodq5S2mh,LOVE HURTS (with Lil Uzi Vert),4.57,"Destroy Lonely, Lil Uzi Vert",2024-09-20,2024,love
3FMKkmAXsCrJM9ZDIbQejN,THRILL (with Ken Carson),4.21,"Destroy Lonely, Ken Carson",2024-08-30,2024,love
7kGiOCt0ykF3HNGlRcNdkW,Can't Help Falling In Love With You,2.73,"TWOPILOTS, Forever Kids.",2024-07-18,2024,love
6RnnSli8sE6xQc9n0dTmcy,Love Tonight,3.0,"AstroFox, Elle Blue, PACANI",2024-11-15,2024,love
4O08MXwFgXuoyjmbz8boTe,Love Tonight,3.33,19Clouds,2024-10-04,2024,love
5P2cGebaqaDcl8bBC7NQzX,Love Tonight,3.32,Fraser,2024-11-22,2024,love
3MdPgfZgO634ocFrOK0NpA,Love Tonight,7.23,Sebb Junior,2024-08-02,2024,love
1oYs6qBhDtL5XtqBYwZSf4,Love Tonight,2.33,"Shoby, Fijy, Lindal",2024-04-18,2024,love
63BZR6Dtvag8JSLYO0kiok,Can You Feel the Love Tonight,2.89,"Simple Plan, Disney",2024-09-06,2024,love
4xiue5Oe7aqj4X4kaeJ9Ty,Can You Feel the Love Tonight,1.45,Walt's Magical Dreamland,2024-03-01,2024,love
372ltCYz1uLID85yHqe7S9,"Can You Feel the Love Tonight - From ""A Whole New Sound""",2.89,"Simple Plan, Disney",2024-07-12,2024,love
1OboJBC3mxkoxqL6YobRbN,Love Tonight,2.32,"Yellow Pvnk, B. Chaps, Slap Mage",2024-01-26,2024,love
3A0rwKKNmVntGwY2VoOlyH,Love Tonight (Slow Waltz 29),2.64,"DJ Zavodnov, DJ Maksy, naera",2024-02-13,2024,love
4njWZb5fy6wlTS0z33sQQd,Can You Feel the Love Tonight,3.52,The Piano Cover Guy,2024-02-16,2024,love
03QYG0sCuuNgWgnSKUCm9c,Can You Feel the Love Tonight (plié),2.3,Nate Fifield,2024-08-29,2024,love
3QvAYOOXqtX6anM7xm9PZl,can you feel the love tonight - piano instrumental,2.01,Chilled Pig,2024-09-25,2024,love
0gsqZfyRmVKOgY4iTw59ao,Can You Feel The Love Tonight,2.5,Kids of The Forest,2024-08-02,2024,love
6BgTazqw87faLbNuUswtBE,can you feel the love tonight - piano instrumental,2.01,Chilled Pig,2024-07-03,2024,love
1IEcJXztffgspxSMJtiQPA,"Can You Feel The Love Tonight (From ""The Lion King"")",1.16,Moonlight Mouse,2024-09-11,2024,love
3osEK0HswvG6A84LqrCBjf,Can You Feel the Love Tonight,3.73,Frode Gjermundsen,2024-08-30,2024,love
7wBB0kZbdsbsurXqnMhKKT,Love Rain,3.27,Rain and Chill,2024-06-05,2024,love
69Um6MnOwqd42i6IWVJAqW,Love Dream,4.29,Tom Media,2024-06-26,2024,love
2baKe7NjLexzwLbElaDJgQ,Love Dream,1.99,a devis,2024-11-01,2024,love
7aJDtyNcnlx8a1P60uqmNn,Love Costs,3.25,Love Spells,2024-06-21,2024,love
6K5z8UnJUwTQroLwDDGlLJ,dream girl,1.59,Nafeesisboujee,2024-05-24,2024,love
68AIQ9ObaVxARMSklD2tYE,Love Yourz,3.52,J. Cole,2024-12-20,2024,love
6odLgdYZQcB1ftYPghfA1Y,Lover,2.87,Dreamy Sugar,2024-11-05,2024,love
45psJfyodpBucxUKQJg6Ru,An eternal love dream,2.35,Moonlit Jazz,2024-11-19,2024,love
2eV02vbTQJkBh6R839ojjm,Love You Got,4.54,Kelly Lee Owens,2024-10-18,2024,love
1pXbbNs7BxiqRZm5jIBcUm,Sweet Dreamer,2.11,Ishaq Love,2024-03-29,2024,love
3a9riqbuP4tMYpGjDDUVp8,Lovedream no.1,2.69,Pianza,2024-04-30,2024,love
4DwKHvk3O08CXAq2swFumz,Dream Love,2.33,DLSS,2024-11-11,2024,love
3eeIuSXtgKtNDGYpyyetkX,Love Dream (lofi Liszt),2.48,"Crazy Monkey, Classical Music But",2024-11-07,2024,love
0EKS6d2WsfvFxEqhYfIy7K,The Power of Love - House Mix,3.61,TTO,2024-02-07,2024,love
7cpQwNcUnqqzIRCluyD4ry,With Only Your Mouth,3.06,Love Spells,2024-12-06,2024,love
2Xer47STvfxzLddYhEB0ZD,I Love Dreams,4.15,Coffee Jazz Melody,2024-03-04,2024,love
1rDF8sqEO1YPNmuldmQ9AM,Love Doctor,2.2,Paeka,2024-11-27,2024,love
2kPFs4LLQ4vEsM6oKOhinf,Love and a Smoking Gun,4.06,Des Rocs,2024-10-11,2024,love
7bjWAx2V9fC2rfb47FvtUY,Dreamboat,2.19,Hiatus Kaiyote,2024-06-28,2024,love
1XktduzvQgIpi9l0jtl0kL,Love Bomb,2.89,Paradise Blossom,2024-06-28,2024,love
5tQHT9IkBEqa6I027gchZh,Love Heart Cheat Code,4.55,Hiatus Kaiyote,2024-06-28,2024,love
0UaaFmF3xUwMjnuAHBq7qL,Love You With All My Heart,4.07,Crush,2024-03-24,2024,love
0ewpVF33opGsxPJlLRflWX,Love Heart Cheat Code,4.55,Hiatus Kaiyote,2024-05-30,2024,love
2QxvLe1I66wUsvxO34TS0r,Everything’s Beautiful,2.84,Hiatus Kaiyote,2024-06-28,2024,love
1a4uzwj1AaLhwWN8rUQxjg,Dimitri,4.47,Hiatus Kaiyote,2024-06-28,2024,love
4T00O9XarvvieIHifx1qO1,Make Friends,4.9,Hiatus Kaiyote,2024-06-28,2024,love
23OSfYuny7LLnWHtWVV3bs,Telescope,4.77,Hiatus Kaiyote,2024-06-28,2024,love
1IQKuLwiPmLMLxqT1gxF6W,Love Hearts,3.32,Florrie,2024-06-14,2024,love
1TT1Lpi1jneenFTkxJ5di1,Super Psycho Love (2024 Remaster),3.63,Simon Curtis,2024-04-12,2024,love
3Lp44Io8aFqgKy1om9vCZe,BMO is Beautiful,0.69,"Hiatus Kaiyote, Niki Yang",2024-06-28,2024,love
038oMg4ynAot6syKlk70S1,love you to death,2.87,"Josiah Queen, Strings & Heart",2024-10-18,2024,love
4GndOj8yctyxmd5Yx2v00m,Longcat,1.8,Hiatus Kaiyote,2024-06-28,2024,love
6PzV5vEnJSng3LmZ23Y7DB,Cinnamon Temple,3.34,Hiatus Kaiyote,2024-06-28,2024,love
0d6tfBzCCJTB8yO2pUu82A,How To Meet Yourself,3.28,Hiatus Kaiyote,2024-06-28,2024,love
37qeFXMtZzeu74JJOgUIZu,Love,3.86,"The Something Specials, Taylor Olin",2024-02-14,2024,love
7fdXqhDdDxk4PXHjwNNBVp,LOVE,3.99,GoldFord,2024-10-30,2024,love
0bMV7EnPQeKty8Jc8GQuwC,Lover Of My Soul,3.79,Dâmares Gomes,2024-01-12,2024,love
62E2UQxnmt1VCtmWqGmiyp,Love Ride,2.9,Jordan Lee,2024-06-20,2024,love
1HBHWKGOjVnyJhgI4tHP2k,Love Moves Slow,3.49,Eddie 9V,2024-11-22,2024,love
3XUsGyO1emW5HizPPRoKnP,Love You Right,2.66,Chanin,2024-08-09,2024,love
6tJ5EnAku4gDSGIcv1vGgS,Love Direction,3.72,The Dip,2024-07-12,2024,love
7w1T7MBVRvq4pmTF8WfSME,Love Somebody,1.89,Kelvin Kellz,2024-02-21,2024,love
2RS7UOxu6rnT3bRNTa9U1W,You Can't Hurry Love - Live At Jools' Annual Hootenanny,3.32,"Olivia Dean, Jools Holland",2024-10-09,2024,love
0FQroAJHjN85mvXb9Wu56D,Love Over Glory,4.65,Zinadelphia,2024-05-03,2024,love
7pzL8kHWBXYoGITYwmrzj5,Love Is Blind,3.86,Ravyn Lenae,2024-08-09,2024,love
4ITFwMO1p2daycBFimCJ84,Love’s Graveyard,3.09,Aiyana-Lee,2024-02-16,2024,love
6GgnaO2EE4J2WNtU71gwED,Love Is Going To Kill Us,2.94,David Kushner,2024-08-30,2024,love
3PSj0h7rMUW4m754rOgZPJ,Love Fire,3.19,PSYCHIC FEVER from EXILE TRIBE,2024-04-02,2024,love
2r4CkBx3goN81tnZvkVJ8V,First Love Fire - Live,7.07,planetboom,2024-05-17,2024,love
6VyWsk3qiz8NmHUEyVobQb,Hello Love,3.47,Benson Boone,2024-04-05,2024,love
6Qzzx8Bpo0nhVY5gNCvBYE,Love You Little Fire,2.91,Prince. Elvis,2024-10-03,2024,love
304CZiMCc2ZzU1uJ98rMrh,God's Love - Fire Version,3.15,"Be Reborn, Lion LIBERtO, I Need God",2024-04-16,2024,love
5vuUeNKFGxOSm62Z6lNLF8,Love Of Mine,3.38,Benson Boone,2024-04-05,2024,love
243ItBpEyV5guBmktsW762,Love Of Mine,3.38,Benson Boone,2024-04-05,2024,love
1cyXnJ09POOfAaYxRgRiWR,Lovin On Me,2.32,Fame on Fire,2024-01-15,2024,love
3uhgFy0s84tfZws2U7fqd7,First Love Fire - YGSV,2.24,planetboom,2024-10-18,2024,love
5iTQzpoqF0NS1U5FDiGmVG,Love Me Or Not?,2.17,45Gbaby,2024-06-20,2024,love
4HxB6SQVWRCXPhB4j204OH,Fire Stars,2.96,5dirtyVon,2024-09-05,2024,love
5ijJ0xC7RlUUB8RCsg2z1C,Catch Fire,1.99,Kodak Black,2024-11-01,2024,love
2kCjVbBAB1Btf5Bbo6ELlP,Hello Love,3.47,Benson Boone,2024-04-05,2024,love
2DnxoTuKirTCi8xIHRQT0Q,i love you mom the house is On Fire,0.99,Jaydes Archive,2024-11-28,2024,love
4IjmylgHIQtgHZ8YjnWbG5,Love Supplier - Acoustic,2.74,"Matisyahu, Adam Weinberg",2024-07-05,2024,love
1fwD9o1nPTMBkjDeQz6K6q,That's What Love Does,0.83,Megaphone Heart,2024-06-30,2024,love
66Frbh2j2ZEZAnyY6aiCJN,campfire stories,0.8,wifiskeleton,2024-06-28,2024,love
0CJwzlruISmhSIWcTOhQgV,She Loves Me,2.59,Dora Jar,2024-09-13,2024,love
4ZJ4vzLQekI0WntDbanNC7,Pink Skies,3.25,Zach Bryan,2024-05-24,2024,sad
7pme6B95kKItToxKNCGIY8,Sad In Carolina,3.18,Dexter and The Moonrocks,2024-09-04,2024,sad
3t6gUcGYLrUuqwpXjOFWQc,I Never Lie,3.75,Zach Top,2024-04-05,2024,sad
1KZG1H1OCugGqIRmk1wF9m,Indigo (feat. Avery Anna),4.78,"Sam Barber, Avery Anna",2024-11-01,2024,sad
13TtTCE6v8vwTSgWJPjwLl,girl you're taking home,3.08,Ella Langley,2024-11-01,2024,sad
1VykDC2twhsRrlhgxJHKRZ,Sad Loqueron,3.03,Gabito Ballesteros,2024-05-23,2024,sad
4AwUc1mdlX4ARHkUNG0iho,SAD SONG,2.91,P1Harmony,2024-09-20,2024,sad
1UpXhetX1s5OXTY5fRjWvu,Sadness As A Gift,4.32,Adrianne Lenker,2024-03-22,2024,sad
0htNDNNRkFmQuESkq4eoqj,Wanna Be Loved,3.62,The Red Clay Strays,2024-07-26,2024,sad
4FgvZaxSi4fwCLEc5tFV00,Wine Into Whiskey,2.77,Tucker Wetmore,2024-10-04,2024,sad
52T65lyjsgArtoojwttcvU,"Sad Song - Mauldeth Road West Demo, Nov '92",4.58,Oasis,2024-08-14,2024,sad
1qz61qswxLEcaFa812R4Gu,"A Sad Song - Alex's Theme (From ""Stardew Valley"")",1.63,"Noah Ivory, Nikolai Tal",2024-05-15,2024,sad
0ifZmY7E0HUy1L77rc3Sa3,WASP,2.74,P1Harmony,2024-09-20,2024,sad
7f3hLudPCsBzq3FiMx1Kui,It's Alright,3.31,P1Harmony,2024-09-20,2024,sad
4tJpKkftReZAjx5SG4UZoW,Last Call,3.27,P1Harmony,2024-09-20,2024,sad
68jFZoDvQrM4QUwZuC6oLa,No Sad Song For My Broken Heart,3.16,K.Will,2024-06-20,2024,sad
1Jyeie295DavdoTyVavT4T,headlock - slowed + reverb,4.06,"slō, twilight",2024-11-27,2024,sad
3YkNIrAvbKNrrwwEd7NVLl,loml,4.62,Taylor Swift,2024-04-19,2024,sad
53m4pD8rpOUo4A6bpE7Igk,Mountain Song,4.17,Flatland Cavalry,2024-11-08,2024,sad
1Jb7kZoxiInHN7LkfZBNDb,Not OK,2.65,Robert Grace,2024-05-24,2024,sad
6TGd66r0nlPaYm3KIoI7ET,THE GREATEST,4.9,Billie Eilish,2024-05-17,2024,sad
2xtcs6x7svVM8YQWWHhpd0,Sad Me,1.98,Arizzo,2024-11-29,2024,sad
7wbkfl63QHRoVPQN0xnPWK,Sad Mercer - Slowed,2.46,5l33p,2024-02-02,2024,sad
1pM2b7KNVG3DPgLoX8c7wV,SAD MEAL,2.03,Bladee,2024-04-24,2024,sad
4eGwcJ946Oj7scyzdlaFCD,Use Me,3.95,Zach Top,2024-04-05,2024,sad
0oljYM45cNinhkPINHgMx1,Messed Up Kid - Live,2.53,Dexter and The Moonrocks,2024-11-13,2024,sad
4HMUrFl8y6rQCzEbaGEkcj,Somebody Save Me,3.84,"Eminem, Jelly Roll",2024-07-12,2024,sad
063zL0vR7PPcFfrlsSdh0v,Memories,2.99,Dean Lewis,2024-10-18,2024,sad
2TOO5Dp8mlKhSq8xTGPXwX,No Caller ID,3.48,Megan Moroney,2024-07-12,2024,sad
49ttSix3w9y6xuFDtlVPdS,Take Me As I Come,3.18,"Evan Honer, Wyatt Flores",2024-06-07,2024,sad
0dJ8BG6MjGBX2RwJbJOVGV,AMOR,3.6,Los Gemelos De Sinaloa,2024-08-23,2024,sad
3QaPy1KgI7nu9FJEQUgn6h,WILDFLOWER,4.36,Billie Eilish,2024-05-17,2024,sad
6HKHPQpmm5aOzL2iaEpwAo,Stay,3.4,Ty Myers,2024-01-19,2024,sad
0U60hgxzGit7juEuHul2y3,25,3.0,Rod Wave,2024-10-11,2024,sad
6v9i26kpd5HeRx2XYjG3fp,Mama I Lied,3.46,Megan Moroney,2024-07-12,2024,sad
2VDTqhsSzrRxsbjvv4KLPl,Memories,2.99,Dean Lewis,2024-02-01,2024,sad
1YFUI8vmek5XtbON2ZW892,sun to me,2.64,mgk,2024-06-28,2024,sad
3ADWGCwV0LLAEJMRwvthiv,Meandering Gently Down,2.42,Maya Mead,2024-05-04,2024,sad
0tXFWZC3ZF44vgi0h2o4iI,Mirada,2.79,Ivan Cornejo,2024-07-19,2024,sad
4l1CACK2hyaPhBItF52svI,midnight,2.16,"kobzx2z, Red Luna",2024-10-25,2024,sad
7h7dOssdchfLK9GQ2NQBOT,Save My Soul,5.12,Noah Rinker,2024-07-26,2024,sad
7GdCNyLdefUuRKWddH1Uta,My Fault,2.71,Lunarrr,2024-11-24,2024,sad
50sfe0gMVffXPuHkiUIvXV,Missing You,3.97,Flatland Cavalry,2024-11-08,2024,sad
0ssxoYXlw70MY4lh3JsI9q,My House Is Not A Home,3.99,d4vd,2024-03-08,2024,sad
1khLPhobojtGS0jL358B4C,My Fault (feat. Noah Cyrus),3.93,"Shaboozey, Noah Cyrus",2024-05-30,2024,sad
16MeIVoFWTq2E0r6DwIek5,House Again,3.4,Hudson Westbrook,2024-10-18,2024,sad
2RPI1h5waczotR9IaqgpOe,My Entertainer,3.59,Goodluck Rylie,2024-03-08,2024,sad
7a4W50vl7OtjT8iR7pK45Q,Maine,4.89,"hey, nothing",2024-06-21,2024,sad
3dzRwqd1L3HqxmViUJt20A,Sweet Dreams,2.89,Koe Wetzel,2024-07-19,2024,sad
0TA55aOTjTws7J0lQrvORX,My Dear,3.64,Logan Ryan Band,2024-10-25,2024,sad
1OYHXCuHdzHjpHqHlY1g1r,Bad Luck,3.32,Zach Top,2024-04-05,2024,sad
3T3sbHYwPvhTCfEeUtvbMF,My Fault (feat. Noah Cyrus),3.93,"Shaboozey, Noah Cyrus",2024-05-31,2024,sad
5Ey7icpjKCGpi5oJi7VLdu,Die Your Daughter,2.32,Susannah Joffe,2024-02-02,2024,sad
6qckYwOT9gXlBldlbyXPAD,Your Whereabouts,2.72,Waylon Wyatt,2024-11-15,2024,sad
2r1JoPQLh3nZFpot08URwN,Man You Raised,4.16,Sam Barber,2024-11-01,2024,sad
2fvlfrf8MHdOl3XUGlfS1i,Take Your Time,3.84,Hudson Westbrook,2024-11-15,2024,sad
3PDFYhI75HLKmoyG5lmwjK,"You’ll Be Alright, Kid",2.49,Alex Warren,2024-09-27,2024,sad
10QxsSJlNl8jrylYL5XGJO,You For A Reason,3.05,Warren Zeiders,2024-10-18,2024,sad
6Gron8VFcNPwj7ZamJe7Pt,you've been a bad girl,2.4,Artemas,2024-07-11,2024,sad
7p7UvGfVQkKJnroYDyiagb,You Always Win,2.36,"ANTH, bby ivy",2024-11-22,2024,sad
5baRGikKNKYf21fvSoFiev,You Don’t,3.73,Sadie Jean,2024-05-17,2024,sad
7Iogt9y70oQBKnCaa8FRcL,You’re For You,2.93,Gavin Adcock,2024-09-27,2024,sad
62Ct27JZecqHC2bTdHLAaa,Pray Your Name,2.89,Hudson Westbrook,2024-11-15,2024,sad
7uOKDBp9BJKPBLwSvXBb4N,You Found Me,3.9,Logan Michael,2024-02-16,2024,sad
1qWxTfXi8QhnLl4p7Ze9Su,You Get Me,2.74,LECADE,2024-05-31,2024,sad
044X9biTBvQZVP7KfUvqOa,You Know I Know,3.41,Sam Barber,2024-11-01,2024,sad
0W8GE8yT8bdgkqVe1pxCUp,Young Wild Free,3.82,Bayker Blankenship,2024-07-05,2024,sad
2ySKl9oGwZMZzXJraNiNgl,Thought of You,2.72,Sam Barber,2024-11-01,2024,sad
5bcbHsQBAYxJnQ8ChGtYeu,What Would You Do?,3.05,Tucker Wetmore,2024-10-04,2024,sad
3bWriexgkG7aykYmtfGWr3,Cowpoke,1.41,Isaiah Sheffield,2024-01-27,2024,sad
2ncHgB3JjvnY4YcoMo8tGl,Is This Love To You,2.92,Bryant Barnes,2024-10-25,2024,sad
6hCei3LDTNFZ5y0o30WjjN,Hell is a Dance Floor,3.5,Vincent Mason,2024-02-23,2024,sad
1SpO1TuC0yVzDnfLcZ85xA,Amarte a la Antigua,3.64,Eslabon Armado,2024-03-05,2024,sad
1xvuA42QBl5ssBHvCwHXwK,Herida Abierta,3.61,Ivan Cornejo,2024-07-19,2024,sad
0VIhxk3yhwg9y7PdknwQlk,Rain Sounds are for Sleeping,4.58,Rain is my Life,2024-05-19,2024,sad
0NQAtrhcLmfG8l1InRLodK,Issues,3.24,Problematic,2024-10-08,2024,sad
5QVcIYppQyWVXhBWJoVFf2,Enough,3.09,charlieonnafriday,2024-08-23,2024,sad
2WBs9ZfPtQ5MmAZnfPT3Pj,Nutshell x Broken Window Serenade,3.11,"Isaiah Sheffield, Holden Hastings",2024-12-11,2024,sad
5x1KVuScXh34bgvaywZOdO,Milwaukee,3.0,Wyatt Flores,2024-04-19,2024,sad
15EojPOh5L5oFVTk7x8Vub,Highway,2.7,Shaboozey,2024-05-30,2024,sad
3Qr3dqP2Xjh4ju1WCGjaqJ,Sadness and Joy,2.41,"Jordan Tyson, John Cardoza",2024-04-19,2024,sad
4bKMrbzSOvvJhVZfnvrOg4,Sad Escapes,2.05,Circle of Fourths,2024-06-17,2024,sad
5RaYPTkKLybxCUmtq8dXW9,Crisp Rain,2.65,Epiphonema,2024-10-11,2024,sad
6lQZFSpGwKA0eLRY17p4gH,Pink is the Color of Sleep,2.23,Invention of Light,2024-11-08,2024,sad
451C6I3ExMHghuC5B7W0kG,Was It The Whiskey?,3.61,Cody Fuson,2024-08-16,2024,sad
5gPRWJA9LoEkkXtic380AA,Eve Was Innocent,2.21,Dror,2024-09-23,2024,sad
5glZFqDXLX0p72D4zgST72,Washed up,2.93,"Big Sad 1900, MikeMadeThe808s",2024-02-21,2024,sad
4Na2FiBGuhlkC89q5goOUN,I Wished It Was You,4.06,Cody Johnson,2024-11-01,2024,sad
0isSOsasU5AUjcD9kxyRHt,Washing on the Rocks,2.5,Ocean Therapy,2024-05-29,2024,sad
4jST2HZjPUVQAPAHTukHoF,Warm Washing Soothe,2.49,Maya Mead,2024-05-04,2024,sad
1aFi6Qx3dlyc7bCf9Cd7H7,What Was I Made For? - Sad Cat Version,1.85,Miau Miaw,2024-11-25,2024,sad
0utaLn5RV7jiSkb8ZMHxuZ,Wasting Your Time,3.13,Big Sad 1900,2024-03-08,2024,sad
4vfqhE0T6jfWgMWZe4ndTn,Wasted My Time,2.98,Ali Gatie,2024-07-19,2024,sad
3W8ysG5XziXCGeOHQLnFN1,Was It Me Or U,2.76,Løvesick,2024-01-10,2024,sad
4zl3bmWI07pyxtBJwkb2aq,Was I The Reason,2.6,Løvesick,2024-05-08,2024,sad
06SDbP4RpXNpU0uPPr1EdO,This was Forever,3.07,"Kyle Beats Collective, Drex Carter",2024-02-02,2024,sad
2tUP3mqIeDe6puSEm0D9t3,Fleeting Dream (Was It True),3.13,PARIS The Prince,2024-02-22,2024,sad
5srahunpnY1ryNwdLXldjA,when i was your man - piano instrumental,2.64,Chilled Pig,2024-09-11,2024,sad
6nXgKWwO5S2JXszeSaMKB9,White Wash Day,2.82,Ocean Therapy,2024-05-29,2024,sad
6XACuisXpNiRG8qUJBJ1ka,Frothy Wash,3.2,Stardust Vibes,2024-05-28,2024,sad
4QpuZ1Qbcd11aOtY1kGMRg,The Fall,3.29,Cody Johnson,2024-11-01,2024,sad
3qrTll9OQ9wcejTxPFY0qg,The Line (from the series Arcane League of Legends),3.2,"Twenty One Pilots, Arcane, League of Legends",2024-11-22,2024,sad
2Ku34RwdypCEfVJyxQIfyI,the way i see things,2.23,Lil Peep,2024-09-18,2024,sad
6snUFBfI2YU2ZUZKwXoZsa,There's the Sun,3.42,Zach Top,2024-04-05,2024,sad
315aBOUD3xtj7sUMXtRgMV,In The Stars,3.61,Benson Boone,2024-04-05,2024,sad
1QJbDTZAO8rpGOMG4UahFM,The Line (from the series Arcane League of Legends),3.2,"Arcane, Twenty One Pilots",2024-11-23,2024,sad
6e5fsRfVK3jvrpUXJpG9mB,the grudge,3.16,Olivia Rodrigo,2024-03-22,2024,sad
0synZpsRWT8bQ8Fz4nPpM3,Moments,4.3,The Red Clay Strays,2024-07-26,2024,sad
5OGZ2Mx4Cs6RCndDRycGBJ,Daylight,3.55,David Kushner,2024-08-30,2024,sad
1s0B0dkZHfynScpLO0UzJX,I'm Still Fine,3.88,The Red Clay Strays,2024-07-26,2024,sad
5vsaspF6wIZOPWNCdHUFLP,Drowning,4.8,The Red Clay Strays,2024-07-26,2024,sad
2KQqc8N4myvQciVgjwhWGH,Eggshell White Noise,4.82,The Clear Mind,2024-07-21,2024,sad
6Wz9UEf10gfLO0rsDk4tLu,White Cotton Noise,5.73,The Clear Mind,2024-06-09,2024,sad
3boMR8d6f8NA8OYsiSRMkH,Hero,3.44,David Kushner,2024-08-30,2024,sad
4vmr6W8tSr8aDrTm5rOw33,here with me (electric guitar),0.69,emptiness,2024-02-20,2024,sad
6Jp2r3WXDaQ61f1ydATsVS,Jesus Saves,3.87,Riley Green,2024-04-12,2024,sad
0lhEXVT6T8AFhenPzBAqCz,Someone is Sad Here,2.69,Martin Czerny,2024-04-02,2024,sad
0AgJxci1y2B1DxXOlq7ACw,I Hope It Hurts,4.15,Jessie Murph,2024-09-06,2024,sad
4IoyFa61Q9WI9j7KMqjQRh,Stick Season (Her Version),3.52,Deeps,2024-02-24,2024,sad
3nAoWJQcfx6ykzTKE5rILt,HERE WE ARE,2.77,Kiremi,2024-01-19,2024,sad
20sk727hAqgAmfgbKUYzWD,Sadhana 432Hz,2.38,Zen Solfeggio,2024-09-27,2024,sad
2BSZkzW3XrCZbrct19cBcK,I Hope It Hurts,3.84,Noah Rinker,2024-07-26,2024,sad
5W4poA03ZGZbmWjz23blBS,ANOTHER DRUG,2.9,"Henny Hermes, Pardyalone",2024-08-23,2024,sad
5o85qzTzakjNsy4XjxsP4W,Heisenbern,3.12,Herencia de Patrones,2024-02-16,2024,sad
0K4SyhuWJ915Og82kI8DRz,Siempre Activo,4.44,Herencia de Patrones,2024-02-16,2024,sad
5FKXP0JJON8MQH7EAVwRUs,Someone is Sad Here (alternative version),2.58,Martin Czerny,2024-04-02,2024,sad
3DlGGXTilBWIYHY2Dnu5ne,Past Actions,3.41,Gavin Adcock,2024-08-02,2024,sad
7uAvDDMGVaXgp8OipiSHzm,Mister Miss Her,2.5,Tucker Wetmore,2024-10-04,2024,sad
2n7w88pHwwvJZRxsvBL8de,Actin’ Up Again,3.23,Gavin Adcock,2024-08-02,2024,sad
4vzs50gU8J8k0UGXJN34jf,Happy Hurts,3.24,Warren Zeiders,2024-02-16,2024,sad
3OVJJj78O3bikCqHtIp8gZ,Winter Is Here,2.7,Stardust Vibes,2024-05-19,2024,sad
1q1FoLWLZXdKmJfIBlYMKl,Pick A Place,4.0,Riley Green,2024-04-12,2024,sad
5oZe97A1RTJvLOEiCcW2pr,I Was All Over Him,2.71,Sasha Mishe,2024-02-22,2024,sad
3qgUWoCiZXWDMCLsnwUFnj,can i be him - slowed + reverb,4.65,"slō, twilight",2024-10-23,2024,sad
0SW7UyvrGTN2neA8F8ZzeW,The Sad Sad Alpha Man,2.21,Vinny Marchi,2024-03-29,2024,sad
1UKdbh4CsEzN2c0LbHGH8V,JUST LIKE HIM,3.56,"Parker Jack, Chyde",2024-02-19,2024,sad
2f2RB72UMkDKCBMO7OkB5r,Himalaya - Extended Mix,4.01,Matisse & Sadko,2024-12-13,2024,sad
6jUdm6vlTbiqEuzCcCkEoq,Himalaya,3.06,Matisse & Sadko,2024-12-13,2024,sad
5GytifZfGoYAjIe4VbWWEN,Himalayan Blue - Rain,3.13,Azaria Sky,2024-11-08,2024,sad
4znzu3bJEeiBhvKnYdfkMK,I Trust Him,1.62,Tearless Night,2024-10-25,2024,sad
39gXieCeQUaH0cjLzDPvWX,Smile to Him,1.28,Tearless Night,2024-05-24,2024,sad
36y1TGwRAShIBMXf3APzeo,Koi Pooche Mere Dil Se,4.21,"Amarjeet Jaikar, Himesh Reshammiya",2024-02-26,2024,sad
18H2sdUfGaxkWqH3h7GHTU,Himei,3.63,SAD originals.,2024-09-26,2024,sad
7uUf8Z5i94oL9WQ5kIUu8o,Aa Suraj Aa Chandar,9.42,BAPS Swaminarayan Sansth,2024-09-27,2024,sad
2XEw4neTKjeXXrohGTAyQF,Sadhutana Himalaya: Mahant Swami 1,2.34,BAPS Swaminarayan Sansth,2024-09-27,2024,sad
04T1bXhcWkWanRQFo5xKN7,Sadhutana Himalaya: Mahant Swami 6,1.78,BAPS Swaminarayan Sansth,2024-09-27,2024,sad
1DxIDknHuy50EKRjAVs1gH,Sadhutana Himalaya: Mahant Swami 3,1.77,BAPS Swaminarayan Sansth,2024-09-27,2024,sad
5CEg069H4ug1wsJElrpd4l,Sadhutana Himalaya: Mahant Swami 2,2.08,BAPS Swaminarayan Sansth,2024-09-27,2024,sad
6aR0GA6lFcgSKj9mpPkUF8,Sadboi,3.39,Himawari,2024-12-15,2024,sad
43UdOnwnQJIzWOr7yJzRAl,Sadhutana Himalaya: Mahant Swami 4,1.43,BAPS Swaminarayan Sansth,2024-09-27,2024,sad
4inBP0QFyZn1nGyy99zHaT,Sadhutana Himalaya: Mahant Swami 5,1.95,BAPS Swaminarayan Sansth,2024-09-27,2024,sad
7p7CqT1c6AWx8baXdO3UYI,SAD BABY,3.66,Mishaal Tamer,2024-10-18,2024,sad
7aDgRKt0w7iSVc3NIJLybG,Baby Please,2.97,Ivan Cornejo,2024-03-14,2024,sad
1axm3zJHSwdvzPTKPOYfnK,Baby Don't Cut (Nightcore),3.77,Bmike Nightcore,2024-04-03,2024,sad
71jWljGDgSEpsa1LA5LHSg,Baby Please,2.97,Ivan Cornejo,2024-07-19,2024,sad
60kvh5F3QiQ9xrWj0tFmv4,Ocean Baby,2.11,Stardust Vibes,2024-05-20,2024,sad
5ChpICHrVHhsFY3yOSypMD,White Noise Study Serenade,4.84,Haworth in White,2024-01-28,2024,sad
2mqmWCVUKz4MQzARbvwoU9,Tranquil Dream Reflection,1.08,Milo Mouse,2024-12-09,2024,sad
08163fuDseuu3qvpJrICgx,Peaceful Starlit Melodies,1.03,Milo Mouse,2024-12-09,2024,sad
5vQZx1fJP94gDdECHuI4ZR,CONTROL BABY,3.33,Jhariah,2024-04-19,2024,sad
4m4DBx9Wps7r5Qhoso1GXz,Snow Resort Blizzard,2.78,Stardust Vibes,2024-05-19,2024,sad
0llaJPP8m0VLRSDIgeFLKa,Dreams in White,5.16,Titan Pulse,2024-08-11,2024,sad
69vrHYIuP89TEIUkroxQ5p,Sea Baby,3.6,Stardust Vibes,2024-05-28,2024,sad
5CjTbaEepRBG6EClnnza0e,So Sleepy,2.12,Stardust Vibes,2024-05-20,2024,sad
7LsLM6KkvFwMNib8tdF0r3,Baby Sleeps on Pillows of White,2.09,Invention of Light,2024-09-27,2024,sad
16X7SHGlyFntDtdpK8WqXu,Slumber Sea,2.15,Stardust Vibes,2024-05-20,2024,sad
43mFt7dPdSh8oOiZrDhLXD,Starry Night Piano Bliss,1.05,Sleepy Kitten,2024-08-26,2024,sad
1LPY0mq7i0BrD9KbutT25y,Tranquil Twilight Keys,1.03,Sleepy Kitten,2024-08-22,2024,sad
4Xm4QyM5dcZ58Gwjemebyh,Peaceful Dusk Serenade,1.03,Koko Koala,2024-08-22,2024,sad
43So1h7hUlSW5he7Tciu5p,Sad News,2.43,Michael Smith,2024-03-02,2024,sad
5j84LhnbwNdxjzs3lJ6sIY,Bad News,3.21,Tyler Nance,2024-10-11,2024,sad
1RLXBHsbqrTdhqdD1VeDPd,Ain't Sad About It - ORA Mix V1,3.54,LAYA,2024-12-18,2024,sad
1JnRbK4ebI7H48dNfquZrm,Bad News,3.21,Tyler Nance,2024-08-02,2024,sad
1b4NQlgTHTheprj2ZkR2om,"New Phone, Who Dis? (Expiration Date)",3.71,Broken at Best,2024-02-18,2024,sad
3xpl1wY5ogm8yi9eXdUYm6,Demon Girl,2.5,Kee Nola,2024-07-15,2024,sad
27LrMDR4QTyILZOFZdVyOX,new name new sound,2.52,CRIM,2024-11-29,2024,sad
0pAcrWITegGvvGHVNRwwqe,Fast Asleep,4.54,49 Winchester,2024-08-02,2024,sad
1EpZqcM7mT9aBsjRc5HZ1z,New Age Cricket,3.75,Primrose,2024-11-22,2024,sad
6Ws1ZH4qHO1nvv1qnWSEJb,Turning a New Leaf,2.45,Maya Mead,2024-05-04,2024,sad
7zJVl2Z4XsYoISPzRawLMr,New Wave,3.13,"Big Sad 1900, Baby Stone Gorillas",2024-06-28,2024,sad
2jlAKloPKrtKDYi53CfcCI,New Home - Piano Version,2.12,"goated., piano soundtrack",2024-11-15,2024,sad
00HF2DuxpYR7fOQ9zCzqnK,Those Eyes,3.68,New West,2024-09-01,2024,sad
2xQgbP3W4hyuIfvEsLCZ9N,Heaven’s Got a Place (Someone New),2.99,Alfie Castley,2024-03-14,2024,sad
3xbvoHRRmgl2VJJ6vo5F4y,if you only knew,2.7,Alexander Stewart,2024-05-10,2024,sad
0pWse3pbnv5A0x4BDOHPmD,Call Your Mom,4.64,Noah Kahan,2024-09-17,2024,sad
4ChYzD2AahSZSSSevWrrbw,Sunshine,2.31,MOD SUN,2024-06-07,2024,sad
5MMLC3pz02I1KB4przAQvP,Millicent,2.53,"Zeruel, Nesssix",2024-01-19,2024,sad
1P3rxNkcJhIWHW8VgQE23r,New You,2.31,HARRY WAS HERE,2024-05-03,2024,sad
17xl4ui9GMKZIznJMpat62,Sadistic Murder,2.34,Fulci,2024-08-09,2024,sad
1Z4lHE2e7XqgKrcIivsKp2,Old Fashioned Feeling,3.37,Midland,2024-09-20,2024,sad
0uYI3Y8cBvbw9NG9fvSp83,Champagne In The Morning,2.68,Redferrin,2024-02-16,2024,sad
45rUIyDjbIqHQlf3GgzKXx,old doll but with vocal,0.55,ijustwanttodie,2024-01-11,2024,sad
52eEvdRDtrgK1rH7pSGBz2,Old Me,2.71,Zai1k,2024-02-16,2024,sad
1mlFsqgc3lgTCboLATYHBo,Old Fashioned Feeling,3.37,Midland,2024-05-22,2024,sad
2sZxMkr5Qq5FzaymQy2nFc,Old Navy Blue,3.14,Lewis Capaldi,2024-01-01,2024,sad
1NDKucETr79G6626v5aqi0,Old Habits,3.03,CJ Garton,2024-09-27,2024,sad
7ClzJE519FxZeSp2UoTZvt,Sad Love (feat. JAIKO),2.7,"Kayote, Bastyan, JAIKO",2024-05-08,2024,sad
0U5WwkP4BwpDHZZkCC0xtZ,Old and Gray,3.78,Ryan Andrew,2024-02-14,2024,sad
4RE2d0lbKxbndeTy73eu4d,Young Lion,4.21,Sade,2024-11-22,2024,sad
6EIMUjQ7Q8Zr2VtIUik4He,drunk text,3.12,Henry Moodie,2024-01-26,2024,sad
5SPCZwZm0Wq5Msh0SUoRWX,here on out,1.36,Total,2024-03-02,2024,sad
252YAARHCFDZJgOnM8O1mc,Old Friends,4.01,8eyes,2024-07-12,2024,sad
5iUmhEozLUk1PgvyEZNjAH,to die in ur name,1.68,Total,2024-03-02,2024,sad
5EqPddsR0GeSUsPiuIOiVl,Idaho,3.62,Deeps,2024-04-24,2024,sad
0zEOXwI7DFiWdiUmAfa5Ku,Old Fashioned Feeling,3.37,Midland,2024-10-18,2024,sad
73ittltzIXG7oHzGTlLy3G,Doin' Life,3.57,Redferrin,2024-02-16,2024,sad
5zy6PlQPiu8UKl8oAKuKiL,Summertime Sadness,2.2,"LÖVEE, Jethro, Jessi G",2024-08-30,2024,sad
3cEcBMw4KgKzrs5LeLqJCE,Sad Old Song,4.5,The Dreggs,2024-04-26,2024,sad
5dcm7mbekRD0BqFJayh0wg,LOST,2.73,"Viconi, Parker Jack, Kara Marchand",2024-05-10,2024,sad
7h6JbbXoKEeEBEzMgEi1a7,Lost,2.61,Ryan Andrew,2024-10-04,2024,sad
73Su4HHJZfCIatMUlfCSdD,Lost Time,3.76,Bayker Blankenship,2024-07-05,2024,sad
6BTYi4q1Vpmr4BMcY8KUdC,lost boys,2.69,"mgk, Trippie Redd",2024-03-26,2024,sad
4NE69YmyQbfKwVcNvq4f5J,A Life Where We Work Out (with Kaitlin Butts),3.17,"Flatland Cavalry, Kaitlin Butts",2024-11-08,2024,sad
05TrHslexQPuqW3bGjYnin,lost boys,2.69,"mgk, Trippie Redd",2024-03-29,2024,sad
4Qbl2vgAfnMcFwtmBXMqoi,lost boy - piano instrumental,1.45,Chilled Pig,2024-09-11,2024,sad
5Db8SEFC8g2s6ENwD1myPI,lost soul,1.38,comet,2024-02-28,2024,sad
4touzg6DbdHy97EpaWb57w,lost woods,2.27,after echoes,2024-08-21,2024,sad
0E4L3rnm1ZYkKChryU7pnt,War With My Mind,4.07,Flatland Cavalry,2024-11-08,2024,sad
5mYKsYANmAS7uSNpzW49Y9,sad tuned air,2.23,limbus vita,2024-01-10,2024,sad
7rM5uYCVn2FplWp2FGoI81,A Life Where We Work Out - First Dance Cut,3.09,Flatland Cavalry,2024-12-20,2024,sad
0XlzIXOt37yJwVD87WS8S5,Lost Out Loud,2.37,"Drex Carter, SadBoyProlific",2024-02-23,2024,sad
6g8P9NMSQCuiYSblv9GNr9,Parallel,3.19,Flatland Cavalry,2024-11-08,2024,sad
1GCsqON3Uf8mvHDktFi3LU,Lost You,2.45,Josh A,2024-07-26,2024,sad
2VffN8iQxsLW6E6NzAb9fa,lost and found,2.83,"Ouse, Powfu",2024-03-29,2024,sad
2KO1TUZ41GcqTlYyxM3sKH,LOST ANGEL,1.2,jxdn,2024-06-28,2024,sad
5YGrHkL6mVGcefaKc3vi9z,Freed from Desire - Techno Version,2.11,Sad Puppy,2024-03-10,2024,sad
2HOTYm866KuzFS5Hr26EbL,Free Lil Rabb & Tiny Strange - Bonus Track,2.73,Big Sad 1900,2024-12-27,2024,sad
1tYkWGFqvImkDn5fd44LVR,Free Melly,3.03,Fredo Bang,2024-01-19,2024,sad
1OlCysyM2J7ignasT4JEEu,Free 5,2.78,Bway Yungy,2024-12-04,2024,sad
5BfszcLnCtIv4JmQJc7FtV,so sad freestyle,1.49,FarrellB,2024-10-11,2024,sad
6mFkeYFi41yEVH9vOmvjQF,NO RESPECT FREESTYLE,4.53,Lil Peep,2024-06-02,2024,sad
2lyVRdQbyS8nCr1oXCBZ6U,Arctic Freeze,2.85,Nature Therapy,2024-05-21,2024,sad
2FYpFugSJzj0MCTRM5vgef,FREEFALL,2.64,CHRIS RAIN,2024-06-14,2024,sad
6rczGlbhFMk2xIdbqKQ9lt,Free Tr3yway (feat. T.Cike),2.44,"Big Sad 1900, T.Cike",2024-03-08,2024,sad
2WpfbHI7Wltz1KN9kDWpg1,FREE SAD,2.34,KP SKYWALKA,2024-05-10,2024,sad
1hA5AUzTavn6I3fDT3wI85,Breathe Freely,4.94,Uncle Leo,2024-05-17,2024,sad
0IE3hiQtDyTNl8Qr1gCRJK,Free Melly,3.03,Fredo Bang,2024-04-26,2024,sad
6Tk9kObW1F6nMyODXrtmjP,Sad Lzr 2,3.34,"DjLzr o Brabo, FreesTyle Sounds, MC FERNANDINHO FN, MC BN, MC SACI",2024-03-09,2024,sad
5fTCypp6BMkmURbtEFBnQC,Freezington - Pokémon Sword and Shield (Lofi Sleep),1.23,"Sad Gatomon, A-bug",2024-04-05,2024,sad
1O9XqhvwRtHqYsXsxt37TE,Maltrato Hacia la Mujer Freestyle,4.15,"Stidlmusic, Reywil Alexander, Norci Morales",2024-01-13,2024,sad
7oBHZi5BD6NyuTYJmO9zB0,Sad Songs,3.0,Caleb & Reeb,2024-11-15,2024,sad
2OCt6tytp5rGeCrUgwzveC,Freezing Sunrays,2.39,Bernie Jordan,2024-09-03,2024,sad
2hpyDzgbqhP4snK1vvTbwx,Mahalo Breeze,3.98,Mahalo Halo,2024-05-17,2024,sad
71LaFUdfSwp7E8TPVc7h0Q,Happier Now,3.0,"SadBois, Gabriel Eli",2024-10-03,2024,sad
2V2QaVzsaFZEYG2zHDHvjH,Can't Right Now,3.25,Austin Williams,2024-07-26,2024,sad
26uXIvU5DdJLPUIj8pK9w7,Who Do I Call Now? (Hellbent),3.18,Sofia Camara,2024-03-01,2024,sad
7m8BflD0vgXTPqVZ8EFu73,Nowhere Fast,3.86,Evan Honer,2024-01-12,2024,sad
0c7IsxZMPC5BBXPEHznyjW,girl i am now,3.18,Kaibrienne,2024-03-29,2024,sad
1hivZw2it6Q281wI18kC6H,Feel Right Now,3.37,Sawyer Hill,2024-04-26,2024,sad
00006jyNU9xbe35QgJwoKS,Now I'm Alone,2.09,"Kina, Robin Cause",2024-09-27,2024,sad
4jVrvRfFbkFIKYKSA2VK4H,Dark Magic,2.82,"nothing,nowhere.",2024-02-09,2024,sad
3ONk2oKPAH0vDwSGsPRO6u,Pink Rain Now,2.7,Nature Therapy,2024-05-18,2024,sad
6U5TbTHQUnM6ca4xhC1euY,It's Settling Down Now,2.55,Oh so Tired,2024-05-12,2024,sad
2jyGtW7g6wuQAE35eseG5P,Nowhere & Everywhere,2.81,Avery Roberson,2024-10-18,2024,sad
3JiPAfxz4GLfvsoLMBTVJm,sad man with computers,2.08,Ishai Adar,2024-04-16,2024,sad
2DZYN66tbOELkKC3v3KARv,In Love Right Now,3.42,Niklas Juritsch,2024-08-02,2024,sad
1SefEJITki8T8LteHaM7UH,Devil I Know,3.37,Warren Zeiders,2024-08-23,2024,sad
0rxqeM3DegxBfFnlosO30F,I'm Fine,2.75,Unclekamo,2024-01-10,2024,sad
0Latl06o13TA9mQV7SBUpx,Pity Party,2.4,"nothing,nowhere.",2024-02-09,2024,sad
3b2ZVTdKaQL7FHGlNZEU81,Do You Know?,2.34,Ali Gatie,2024-03-01,2024,sad
3ZnLsRd7zqV6yC4JKA2PbW,People Nowadays,3.71,"Joe Jordan, Aaron Raitiere",2024-11-08,2024,sad
7dbLDcqNXZX6CNdQ6G33Yz,Bad Luck,1.73,"nothing,nowhere.",2024-02-09,2024,sad
4yUuqATSAxjzq6SKGnjrfF,gone,2.4,BRIM,2024-07-12,2024,sad
7ht4quLbj8mKJCnOwbWltt,He's Gone,3.48,Blake Whiten,2024-11-15,2024,sad
7pVcni0W9Ww7ZFjmc7Gvvp,Almost Gone,3.36,"Gavin Adcock, Vincent Mason",2024-11-22,2024,sad
6WsCB63txvCM8W7GEUZOCM,Eye Contact,2.65,"Sowhatimdead, Goner, LiL PantsFromJapan",2024-08-09,2024,sad
5CI0SmPVueBB9VpDEcF8wY,summer's gone,2.4,"mgk, Trippie Redd",2024-03-29,2024,sad
1eEEhGB3GxyVS8D8s3VhKd,gone fishing,1.72,kurtains,2024-12-18,2024,sad
2qBTagmU7SphRnCLYrhSUK,dead / gone,1.96,"Max Fry, kerri",2024-06-14,2024,sad
0FNakSq90hc13GL3jtWplF,A lot Of People Gone,2.77,Reddy Redd,2024-06-07,2024,sad
59FfATAFfLDGANZYNGx24P,Half Gone,2.38,Ashley Kutcher,2024-01-26,2024,sad
1o4fqsPouMdAd6mRLnbIKV,one day you're gone,2.85,gavn!,2024-03-29,2024,sad
0iQyVnSAL6HujTXEiAgEEq,sad to see you go,1.34,gone like summer,2024-08-23,2024,sad
5YpYTToi3cg2HUQvd8k1qx,gone,2.4,BRIM,2024-08-02,2024,sad
2DhHSwCFrHR6ugbqDCXfy5,i'm gone,2.0,3versince,2024-03-13,2024,sad
5kQY01ioq9Ulsdmgt0kRmq,Can't Believe You're Gone,2.3,Emelie Smith,2024-07-05,2024,sad
5OQwi0I5WawpusO99ODzRY,when i'm gone,2.78,"Daniel Javan, Rivio",2024-11-29,2024,sad
7dU7Mzj9RF8UK2yZwRZTrx,"Going, Going, Gone",2.77,Gareth,2024-12-13,2024,sad
3uTMmWHtyzks33cVtGv8ys,Gone,2.29,Amy Shark,2024-08-09,2024,sad
3GMPaRfAeg2V60xIy2uZLY,Every Trace of You is Gone - Extra Sad Version,0.99,Freddy Loeb,2024-09-26,2024,sad
0OFW572a31yCPLahK6GDTm,Sadness Gone,2.27,Melyssa Addams,2024-08-13,2024,sad
2L8hnzWuMY9DS9reU9Ouvj,"Gone, Tired & Blue",3.27,Leon Majcen,2024-05-31,2024,sad
7fh3oseRxv1Q1VZtLTb2Wq,Back When We Were Kids,3.36,Bayker Blankenship,2024-07-05,2024,sad
09Y2OSfWNNECawpVpbKm2t,Backwoods & Cigarettes,3.53,Keaton Adams,2024-04-12,2024,sad
5DXy3UfnozYenvfAE2IMP7,Back To Then,3.76,Waylon Wyatt,2024-11-15,2024,sad
3uzG6Lf4wFo81ANBzGwKIs,Go Back In Time,2.99,Tyler Gifted,2024-12-12,2024,sad
5PqoDnHFRHdWJWgdK0570U,Back To This Bar,3.78,Gavin Adcock,2024-08-02,2024,sad
09zH4RZaZkbJgRYKCDMQr4,Backroad,2.67,Conor Darvid,2024-02-23,2024,sad
3Q66DXYlkb8PsqP8Hjs7IF,BackN4th,2.62,424KP,2024-04-24,2024,sad
35NmvrVwiGu2Z3Dx3FCGJY,Runnin' Right Back,2.96,Cole Gibbs,2024-12-27,2024,sad
4sliajvXgnlksEZ0gN0iZi,Train,3.59,Jackson Dean,2024-09-06,2024,sad
5YoWNLSyYZAsTtMFCyTcr7,Back & Forth,2.91,"Big Sad 1900, Blueflag 1900",2024-05-24,2024,sad
7LwCa5Gm6BqLoJas4xzNlp,Call Me Back,3.45,James Charles,2024-02-09,2024,sad
1dcxejbK7Bvfih9ceURItr,The Way Back,3.09,Zach Bryan,2024-08-03,2024,sad
0et1RciAQAeDQAp7IC7l6C,Back in Time,3.75,"Jxggi, Sickboi",2024-03-25,2024,sad
4km0IjoOtbzFoJhgPR2SNa,Write Back,3.91,Sadder Days,2024-08-03,2024,sad
3NRSyac1WunvyW8ThB72PC,Back on my feet - Slowed Down,4.65,"The Colleagues, Rittz, Gomey",2024-07-12,2024,sad
4WdE8GKiEDQQWXamoMicjF,BACK THEN,2.38,BORNSTAR,2024-03-15,2024,sad
3M7J5GoO4mGfSXr9yrYcND,Back 2 Me,4.22,"Girls of the Internet, Sadie Walker",2024-10-11,2024,sad
7zXDR6FBV2PWzvcE7mOAOK,Turned Into Missing You,3.14,Max McNown,2024-09-06,2024,sad
2h28JqDDFyaqV9VF2gPdtV,Back Of My Heart,2.92,Christian French,2024-06-26,2024,sad
6sOnyXHOxWIWbiyXC425cU,sad again,1.33,"Daniel Javan, Rivio",2024-01-26,2024,sad
2nVObDdEcHwMsWjq30YWbq,I need your kiss (sadagain version),2.61,"sadagain, iilliaa",2024-11-01,2024,sad
477APgc9YFJWb5miIp87Vu,I need your kiss (iilliaa version),2.23,"sadagain, iilliaa",2024-11-01,2024,sad
3Nk0cTFGiZpTWzdx0twRAy,sad again,1.33,"Daniel Javan, Rivio",2024-01-26,2024,sad
0eeUeyzWIWbJUIDRkkHwLg,up again,2.82,mike.,2024-04-11,2024,sad
2VdSbS2ylJTCaCzE74hujj,sad again - sped up,1.11,"Daniel Javan, Rivio",2024-01-26,2024,sad
1YhTK4LOmqLusIf4tPwtW5,A Cigarette,3.0,Gavin Adcock,2024-08-02,2024,sad
5hutjPRpi795REBEYODZus,Against the Coast,2.8,Stardust Vibes,2024-05-28,2024,sad
0L6LKy2HD6TZ3zAseP4JY4,again,2.79,"gsounds99, Shiloh Dynasty",2024-12-05,2024,sad
10ZggEkASs2x0bXAkw6omS,Hold You Again,3.09,Will Swinton,2024-12-12,2024,sad
6P5uWCm5pADWAG7Ds7BXE6,d u f f y,3.91,"Saviii 3rd, Big Sad 1900",2024-01-27,2024,sad
6zQNbhDTbiEUUIxrdULRpb,Woke Up Again,3.61,Sterling Elza,2024-08-01,2024,sad
0SAlAx4gSj5Cxk68BZg8JO,If You Never Call Again,2.14,"Deeps, Ali Gatie",2024-11-14,2024,sad
16XEpnSTVzmz1YQT0qFTwL,NOT AGAIN,2.4,"Vwillz, Pardyalone",2024-08-09,2024,sad
03hQ80zj3NLDnjYfcHNF2T,If I Don’t See You Again,3.8,Wyatt Flores,2024-04-19,2024,sad
4rKwvkw0x1K3I9dr5lwRhg,Four Leaf Clover,3.19,Gavin Adcock,2024-08-02,2024,sad
5Ow941fACkEgurmBj80R33,Forever 13,2.96,Khloe Grace,2024-11-01,2024,sad
3cjGs5gkxlhY6ucRJW4wFn,Sad Forever,2.93,Lauren Spencer Smith,2024-06-04,2024,sad
2dEPppyzlOkMf5WuBLsmX3,Sad Forever,2.93,Lauren Spencer Smith,2024-08-07,2024,sad
0lHDBjsX0zhWio97UcPHb9,Forever,5.83,Mother Mother,2024-02-16,2024,sad
7vZ5WEC3MGApmRXmKjxlx1,Forever & Ever,2.61,Ely Waves,2024-02-09,2024,sad
1k9Flbyhpnksw8Uv81JQpJ,Sleeping Alone,3.85,Flatland Cavalry,2024-11-08,2024,sad
1TaeSpZe7XFuTvPEworwPT,a good way to stay sad forever,1.46,gone like summer,2024-06-28,2024,sad
5gcLLCrgWso1jRwvLEL3Yy,a good way to stay sad forever,1.46,gone like summer,2024-08-23,2024,sad
02LihODJsBRQXF7GScdond,Feelin' Forever,3.25,Chris Vana,2024-08-02,2024,sad
1FvVfaCnvdKqpqvYBYPcyS,Winona Forever,2.74,Damien Styles,2024-11-01,2024,sad
7er838bEBPYSiVsDzdSfJV,Forever Alone,2.09,Phora,2024-09-20,2024,sad
7Dmet0klBxNNy8fAIiDViW,If We Said Goodbye,3.92,Flatland Cavalry,2024-11-08,2024,sad
3A9Kcbh7NRqqJMqbmtg0vF,FOREVER NUMB,2.67,"AMMO, Lil Toe",2024-05-08,2024,sad
7cHZn6jhmQPQIo2eBp0DbG,Tonight,2.87,sickkal,2024-05-20,2024,sad
0qD03WyuVtyQUHyKCGA51K,MISS YOU TONIGHT,2.83,Johnny Huynh,2024-11-01,2024,sad
3YjIPmtHjCMTICR6qClgN3,Heavy Thunderstorm,3.8,Stardust Vibes,2024-05-16,2024,sad
0YbrmZxM7ELT91wfrUCK8R,Heavy Rain Tonight,2.53,Stardust Vibes,2024-05-26,2024,sad
0XyurH32g46HNHDSUn0HoI,Fresh Tonight,2.02,Flute of Avalon,2024-10-06,2024,sad
66WRQsKzxjsbsyovCPSw9k,Slumber Waves Tonight,2.32,Stardust Vibes,2024-07-03,2024,sad
4YkES236go1kzg3jeElIDG,Rough Seas Tonight,2.18,Sonic Atmos,2024-06-12,2024,sad
0YzqZxlZg9dGSCZza7tg7o,Seagoing Tonight,2.07,Sonic Atmos,2024-06-12,2024,sad
1pgnBGnRJa3xr0YU05EuW1,Ocean Drops,2.5,Rain and Chill,2024-06-05,2024,sad
5ZIwTrZJB29fKslim7uXgI,Waves of Rain,2.52,Rain and Chill,2024-06-05,2024,sad
4JCEdPBF4Ls0xq8HvtgdQT,Don't Go Tonight,2.47,"Babytakeoff, FinniX!Beats",2024-08-17,2024,sad
6Bxq2H2SJiSic9LVg1lrUi,Starting tonight,3.18,KAO,2024-12-04,2024,sad
2kWTsf6wE46T5cqvXMDFkT,Stay Home Tonight (OurVinyl Sessions),3.17,"James Tucker, OurVinyl",2024-05-27,2024,sad
4XWFT2GUj4alB9NF3xYWlW,Total Peace Tonight,2.22,Stardust Handpans,2024-09-26,2024,sad
38LsSHLS0Cb4lu8gST8nOJ,Torrential Nights,3.22,Stardust Vibes,2024-05-31,2024,sad
4ApCfpmmOdtxsj9faoN9DV,The Thunder Ocean,3.2,Stardust Vibes,2024-05-31,2024,sad
3PeWpBRfl50yo6tOt2b9eb,Rain Road,2.67,Stardust Vibes,2024-05-31,2024,sad
0WXmv6tIfEqqnBGSZjdhxt,Thunderstorm Lake,2.65,Stardust Vibes,2024-05-31,2024,sad
6DnDUzNZypmEy9f1PgkX2J,Swampy Rainstorm,2.63,Stardust Vibes,2024-05-31,2024,sad
7MFu4ORqu928gk8WnZ6Fd5,Wild Seas This Week,2.77,Stardust Vibes,2024-05-31,2024,sad
6dXjUMjFxfAX4F2dHKqQzf,Rock,2.4,Stepz,2024-10-11,2024,rock
6vvPecFTmWxDfEJ6cYT1wa,Rockstar,2.3,LISA,2024-06-27,2024,rock
5l6Jiee2LliSKnmietqO0e,Rockstar Boyfriend,1.8,Malcolm Todd,2024-04-05,2024,rock
5T3nWbFWy4NUWdyDqGLGuY,Rocking Chair,3.53,Cameron Whitcomb,2024-05-17,2024,rock
63ABAnFKJCp28TAyqf2cGL,ROCKMAN,2.99,Mk.gee,2024-10-18,2024,rock
7fBEKUqgWEVjvS3Wq3Qqg0,ROCK OUT IN MY JAMMIES,1.6,DØLØ VØÑ,2024-07-12,2024,rock
4GEG6JkqqdJmfXfxx6XuX8,rock your hips,2.97,"310babii, OHGEESY, BlueBucksClan",2024-10-04,2024,rock
2gmjFAF7EOxVOc714fNKnO,ROCKSTAR GIRL,2.96,Don Toliver,2024-06-25,2024,rock
79IgD1wf3xltQdDK3l5Why,In My Room,2.73,Julia Wolf,2024-03-22,2024,rock
5NKPbcHaLSl4K3lJCo4pJr,ROCKSTAR,3.24,HARDY,2024-07-12,2024,rock
3sEufjE0ITaW5qhtnW3avv,Vignette,3.37,Twenty One Pilots,2024-05-24,2024,rock
6Ck9THD8AaqwNW5RYQd0RY,PSYCHO,3.31,HARDY,2024-07-12,2024,rock
01prGWjCTxKBxJc400zwvQ,Rockstar - Extended,2.75,LISA,2024-06-27,2024,rock
5B5eTk7DF8KVp1zpQoY1XY,The Reason,3.88,Hoobastank,2024-01-12,2024,rock
0lvhEsN1zkMzfp2M1o17yy,Holiday,3.88,Green Day,2024-10-25,2024,rock
0U87auHx1iZTEFcq9KVdmO,Boulevard of Broken Dreams,4.35,Green Day,2024-10-25,2024,rock
1LKk576aw3RM47MNytUtrD,Rock Your Body,2.22,"kets4eki, Ayesha Erotica",2024-02-22,2024,rock
0rtDE9zfXbamTlRUSwY7zy,Belong Together,2.47,Mark Ambor,2024-08-16,2024,rock
4Q3ERWBrb4lhDvAPyANjY5,The Boys Of Summer - Remastered 2024,4.83,Don Henley,2024-10-04,2024,rock
5KfYxTK6oE9zBzI8YO7FkT,Rock a Bye Baby,1.43,Tommy Twinkle,2024-02-16,2024,rock
05c8r0XCGanGXhWkBwd6O7,ROCK ME KISS ME - feat. MOTSU,3.92,"Yu Serizawa, motsu",2024-10-30,2024,rock
5oaHeAd7iPdOPkFBJXiUkS,Holiness Cries,3.71,Bloodlines,2024-07-26,2024,rock
3z4WMMHu3nlV7PxrtYh17u,It Wasn't Me,3.0,Mac Glocky,2024-07-26,2024,rock
2sfH7KtjAnWv1algu94TR5,Medicate Me,2.79,"Rain City Drive, Dayseeker",2024-09-27,2024,rock
12ehSFI3uvGxJnZMIQqE6m,Blameless,3.22,If Not For Me,2024-03-29,2024,rock
6YVajR33kCWLhWpMVD8AGD,Calling After Me,3.13,Wallows,2024-05-24,2024,rock
78IZs0SZdiE6tpeUML4W1n,Rocky Sand,2.5,Ocean Therapy,2024-05-29,2024,rock
4PrdMP47k9Ht6ogf9MSc53,Rock Me Baby,2.93,t e s t p r e s s,2024-07-30,2024,rock
4n7nwDqrdx3qmJvEACOMrN,Take Me to the Beach (feat. Ado),2.78,"Imagine Dragons, Ado",2024-12-16,2024,rock
1BcOfOJABDIII1pviWcvPj,Memories,3.14,Sterling Elza,2024-08-01,2024,rock
3I44MkpXkJ5dUYOSsl8kmS,ZERO,3.97,Her Last Sight,2024-12-13,2024,rock
1EusMjYm7PZftlZn87vPWE,Medicate Me,2.79,"Rain City Drive, Dayseeker",2024-04-26,2024,rock
1jVXXu8W4iny6MRkxKxxPI,Voices In My Head,3.19,Falling In Reverse,2024-08-16,2024,rock
2HBBM75Xv3o2Mqdyh1NcM0,Heavy Is the Crown,2.78,Linkin Park,2024-11-15,2024,rock
7mczLeiFeYKRb7vtiPjuMb,DArkSide,2.76,Bring Me The Horizon,2024-05-24,2024,rock
1EDPVGbyPKJPeGqATwXZvN,The Emptiness Machine,3.17,Linkin Park,2024-11-15,2024,rock
5XgswtNHNM6MlG2cCs2HTr,Rock Pools,2.63,Ocean Therapy,2024-05-29,2024,rock
0Vi38S4jUg2eKo6EoY0qbv,Rock My World (Little Country Girl) (with Marcus King),4.86,"Brooks & Dunn, Marcus King",2024-11-15,2024,rock
5TrZU1ZzXmI7mEyUIcCE07,Rock My Soul,3.44,Josh Garrels,2024-05-24,2024,rock
3nPifd7hjanGVp02REhtlH,My Fun,2.7,Suki Waterhouse,2024-09-13,2024,rock
5BmmDKMuVvqENYA6g750OX,Last Of My Kind (feat. Paul Cauthen),3.36,"Shaboozey, Paul Cauthen",2024-05-31,2024,rock
5uL7DiuOvXsNOTCSycm0Kg,My Favorite Girl Loves Reading,4.7,Foxtide,2024-12-05,2024,rock
7G7vBr1JZB9lZBnFExXSCY,Rock My Body,2.1,"Westerlund, Reprobeater",2024-10-11,2024,rock
2FGvfn9vSQVGLf4zQPBxLI,missing,3.22,Ado,2024-07-09,2024,rock
6U9CTAof4KBnyzDt8OYY75,Hold my hand (HAN),2.99,Stray Kids,2024-12-13,2024,rock
4ntvFskYlOwBhTiWhp4JAv,my head was found up north.,3.96,monotypes.,2024-09-13,2024,rock
54A5uqOpoSfcwTu0p3Sp4i,My Game,3.93,Lysithea,2024-06-28,2024,rock
2WvsvWRHvcX3bZPiJwTwpy,Meticulous,3.02,Rainbow Kitten Surprise,2024-05-10,2024,rock
49ukvVBtVT9Y575F6VY33G,Metaverse,2.24,Cage The Elephant,2024-05-17,2024,rock
78DcrUOhBhVod09vFiXn7P,Relapse,2.64,Warren Zeiders,2024-08-23,2024,rock
1lNSP4ZdpVXJajfeIpUrfe,My Lady of Mercy,2.92,The Last Dinner Party,2024-02-02,2024,rock
1ZCv83cEqgSquYo7DL4Uwz,Rock Your Body (Talk To Me),2.93,Rare,2024-05-03,2024,rock
7ciVVd4JFgUb5D38mMCkIA,rock your hips,2.97,"310babii, OHGEESY, BlueBucksClan",2024-05-03,2024,rock
2VtXANhW6YpAzsMDQCFkAv,Your face,3.83,Wisp,2024-04-05,2024,rock
3NtnMywoj89HPXfhvDE6pi,rock your body - slowed + reverb,1.94,"Jersey Clubs, Jersey Lovers, Jersey Club",2024-02-26,2024,rock
0p3NyJnPYqjwi1TERsRBnn,Rock Yo Hips,2.21,"T99zy, Subtweet Shawn",2024-03-18,2024,rock
4bqA1tazvCKspZmLRvaSyo,rock your hips (with Saweetie),2.21,"310babii, Saweetie",2024-08-16,2024,rock
3iF9v3VZwkkpyz1JpW8klK,rock your hips (feat. Saweetie),2.21,"310babii, Saweetie",2024-10-04,2024,rock
3oI3dpLmT9qIrhCfxtfmvZ,rock your body,1.46,"Jersey Clubs, Jersey Lovers, Jersey Club",2024-02-26,2024,rock
48S8UVoMUJzFdD91NAGliU,rock u,2.54,blaze,2024-05-25,2024,rock
2BgJo41BnehT3LWIfll2hH,rock your body,2.45,lilster,2024-05-17,2024,rock
4kQlPl8if17BuMsorqbNdK,Rock Your Body,2.78,"Irokz, Bxiety, Exitus999",2024-04-26,2024,rock
55ikcenXPbQdzCnO1sOuYg,I Was Made For Lovin’ You - from The Fall Guy,4.36,YUNGBLUD,2024-04-26,2024,rock
5v3Dv4UlDOGaXlvphFpkIX,Hello Juliet,3.47,Clarion,2024-07-02,2024,rock
7132EFlbWFNX4mLDY23OR5,hell of a good time,2.69,Haiden Henderson,2024-03-15,2024,rock
2jAYV9Rqpa0p1HGVk5kXHT,Desvelado,3.94,Ladrones,2024-12-06,2024,rock
1JMKlrFJ28qptDhPhk2h3o,2005,3.39,South Arcade,2024-12-13,2024,rock
3dh0ehwGAONsJu64cFfYxq,Vicious,3.45,Bohnes,2024-09-06,2024,rock
4w5VGTCUxIXVTn16yyhYdk,Voodoo,2.62,VOILÀ,2024-06-21,2024,rock
7AO5HUAxAvPrSq7pgkdtkM,SLEEP WHEN IM DEAD,2.54,Kami Kehoe,2024-10-25,2024,rock
42nnSi8eIKcIIWHkGzTWTM,You’d Be Right,2.82,Chrissy Costanza,2024-10-09,2024,rock
6b1z0YOAobJHJNUXGml6i5,When The Darkness Comes,3.21,Jeris Johnson,2024-08-23,2024,rock
4mM8fsgGiS31KLkcOzV3NB,manic,1.95,Layto,2024-09-20,2024,rock
1zdJbn7IDAJEyCINj7zraX,WAR,2.73,"Phix, Call Me Karizma",2024-01-19,2024,rock
0h79X90kQ0nbKvrCx8A6F6,Fine Without Me,2.72,"TJ Minor, BLACKWELL, Noah Cunane",2024-02-23,2024,rock
5zhNAr6KbzWrDZoTL3jxfH,Echoes,2.67,Connor Kauffman,2024-09-13,2024,rock
4BeoN5v8iRmM1JW1Aln0H3,UNDERNEATH,3.22,"Phix, Ryan Oakes",2024-03-22,2024,rock
148swfiNCHmZqSYkUOtXrH,stain,2.81,Max Fry,2024-06-14,2024,rock
1eDMcpnxaWCIBVzv9ZSR8X,Good In Goodbye,3.64,Catch Your Breath,2024-09-27,2024,rock
4ExLy31ilDb3T7xBCK46hG,SLEEP WHEN I’M DEAD,3.61,Autumn Kings,2024-08-16,2024,rock
4Z922wFLut7HZO69yGYDAS,Go To Hell,3.03,Letdown.,2024-11-15,2024,rock
4GExAYNCE0yHNy0OoYwSdK,Without u (rock version demo),2.62,"Holywatr, juuku",2024-01-19,2024,rock
3CYfobpGxeGmbPy6Xa8wPT,Washington Square Park,3.69,Dogpark,2024-01-19,2024,rock
6G4Q8OUXnWmgeZBUUllFau,Waste Your Time,2.97,Cardinal Bloom,2024-09-26,2024,rock
2w4xwaa7dT8KtRbAHkVVyq,WASHED IN THE WATER,3.2,Daniel Spriggs,2024-10-25,2024,rock
39V9wj8ZOsLh2xQPREqf3d,Wash The Blood,3.42,CODE:WORDS,2024-05-24,2024,rock
0zwLRWbPxPHt0WLvYpV1Xc,Wasting Away,2.97,Dexter and The Moonrocks,2024-07-19,2024,rock
5ZdqVCiXrvMGpY8cux5g8t,Conceited,3.99,Lola Young,2024-06-21,2024,rock
1XbBwGAfP4x2prfbhkELUq,Wasting My Time,3.25,Culture Wars,2024-07-11,2024,rock
52imGPoer5XI3sBisXVd3X,WASTED!,3.26,Nerv,2024-10-25,2024,rock
091d5SFZ7xtM8QV6LLgnBr,I Was Made For Lovin’ You - from The Fall Guy [Orchestral Version],4.8,"YUNGBLUD, Dominic Lewis",2024-05-03,2024,rock
7qyvl6hjd209CrVV01YphP,No Angels,1.92,Stellar,2024-12-06,2024,rock
1fffWiFwKibt8lvSlGz9SG,HOMESICK,2.84,MICO,2024-10-25,2024,rock
0k9I9FbbyUnXf737C9WybS,WASTED,3.3,Eddie And The Getaway,2024-07-26,2024,rock
3Fcjqvfyxt4OMtpq4dYtHi,was it real (slowed),1.5,D4WN,2024-06-24,2024,rock
45tDdZUbml1I5Sb1WQxZlO,WASTELAND,1.96,JACKPAL,2024-01-26,2024,rock
2tYFkcGeuRosG3LXxWcsTx,Wasteland,3.97,Stray View,2024-10-18,2024,rock
2kKnGTvaxmi6OiOObpf6r3,Big Brown Eyes,3.64,Lola Young,2024-06-21,2024,rock
68bkUm1FRsDXnGZOkXNTyR,u turn me on (but u give me depression),2.46,LØLØ,2024-06-07,2024,rock
2PnlsTsOTLE5jnBnNe2K0A,The Emptiness Machine,3.17,Linkin Park,2024-09-05,2024,rock
0S7lkKStHgfgjgwSFOvRNA,The Craving - single version,2.9,Twenty One Pilots,2024-05-22,2024,rock
4bDIAWaOBGAAk95nyXI6zJ,Routines In The Night,3.38,Twenty One Pilots,2024-05-24,2024,rock
06qDEAG26TspT2yK2NLgEZ,The Kill,4.19,Maggie Rogers,2024-04-12,2024,rock
4hfqe20vqkuRv1RDsA1LbQ,The Craving (Jenna's version),2.9,Twenty One Pilots,2024-05-24,2024,rock
3M6DFZjmUoRdyouqsiDQE0,they’re all around us,3.41,Poppy,2024-11-15,2024,rock
1SlxMFZexm81T0tUK6mwni,Watch The World Burn,3.4,Falling In Reverse,2024-08-16,2024,rock
2RS6oinoreYfDc7YVVW4av,The Rock Coast,2.23,Stardust Vibes,2024-05-28,2024,rock
0MIJFuEJpmgSjNjkbq29TQ,Blowing Smoke,3.87,Gracie Abrams,2024-06-20,2024,rock
4QArQQJSfxIro8FHJN1UBH,"hermosa, the only one i love",3.81,seahorsechoke,2024-01-13,2024,rock
0b8MRnjacbgVQlvLcg8JGQ,Can't Tame Her,3.28,Zara Larsson,2024-02-08,2024,rock
57rY8sDBGaacSTmuVJJvca,Here Comes The Rain,4.22,Rehash,2024-07-05,2024,rock
4pGmNvtrZtLs8Ja4wluAU5,HER,2.91,French Police,2024-01-26,2024,rock
4AbYZMzeVqGE8Ys4wbI0PT,Leave Her,2.74,d4vd,2024-02-09,2024,rock
0QOEWQEowuJUz7LRIe3F6b,Heroes Are Calling,3.0,Smash Into Pieces,2024-03-02,2024,rock
4J4pysp2EFNhYibI8tIg0D,Here's The Thing,2.72,Fontaines D.C.,2024-08-23,2024,rock
3wUHuEg7LWUdaN5vCFG1Cq,Here's To The Years,2.53,Jeris Johnson,2024-08-23,2024,rock
4jIHy7IpGyxK38GG0YCShR,All Her Favorite Songs (with Little Stranger),3.58,"The Elovaters, Little Stranger",2024-10-18,2024,rock
3amTNTbWqbjSR9RNEZTdWP,Down Here,2.07,Jay Webb,2024-02-02,2024,rock
6JyGHxhdROXw99Gqla6f8c,Rock And Roll Is Here To Stay - Alternative Version,2.51,Danny & The Juniors,2024-11-26,2024,rock
4P95NVkHsLm95s8Pb9buPs,Heroes Are Calling,3.03,Smash Into Pieces,2024-04-12,2024,rock
5onnrsBaKWYs09Uek1YN2N,loose ends,3.56,Holywatr,2024-03-06,2024,rock
6i6zi5TgXuKUxooOMqhKfQ,It’s All In Your Mind,4.65,Hermanos Gutiérrez,2024-06-14,2024,rock
6UK4epTqVwWpeFfslXecth,Barrio Hustle,3.24,Hermanos Gutiérrez,2024-06-14,2024,rock
5HYqzliHxyAOaWB3UNDkQV,Been Here Before,4.46,The Plot In You,2024-11-08,2024,rock
79gHIflQQwd6o8hYd7J7aQ,The Heretic (Woe is Me),4.7,Vylet Pony,2024-11-15,2024,rock
4JU8kIrU6RAOVMuZ9Nxae4,Here We Go Again,2.73,The Wldlfe,2024-08-16,2024,rock
5D27wJnVQwYD7fAKaODHgs,get him back!,3.52,Olivia Rodrigo,2024-03-22,2024,rock
0so7zGKxgXahmxEdUA5YWQ,get him back!,3.52,Olivia Rodrigo,2024-03-22,2024,rock
1gvCf8DM5PpdRACOkr9gxB,himekattokitigaitsuuinzigokuayuechan,2.83,senketsuAkochan,2024-12-26,2024,rock
64IvzJngXJpyXHA1gYLpiz,He/Him,1.54,"marli, Zackavelli",2024-07-28,2024,rock
4QiWw5HNibKR1ikSU54p4q,i dont think we'll ever find him,1.08,wifiskeleton,2024-10-22,2024,rock
6Vv2jsPfFKyVuaJG2MZKW0,秘密の晩餐,2.64,トナリノサティ,2024-09-25,2024,rock
2bzb0kwe5ODYef56DzdMg9,The Hymn,3.14,FLOYA,2024-03-08,2024,rock
1Zq49Kh37VwebGNvLfMRNA,ひみつ基地 -恒星- Live ver.,3.88,結束バンド,2024-01-18,2024,rock
0Xe7ERgKlAHTuf4XZSjxaT,Ocean Swallows Him Whole,3.38,Lutalo,2024-09-20,2024,rock
5EVc7KlWDJEzwWyYo9iA7y,i feel sorry for him,2.0,MOGY,2024-05-20,2024,rock
6Cr21YoRVDzCumYg8SEgRK,Rettokan,3.55,HIMEGOTO,2024-11-22,2024,rock
55jetHtD6detEqw43nqnlv,Himno Nacional Argentino - En Vivo,4.49,Airbag,2024-10-08,2024,rock
22opuRPWeQkDSyEtdFlAmL,I'M HIM,2.19,"Ryan Oakes, Ethan Ross",2024-02-09,2024,rock
04dojDqbh6sPaGUjIREUnR,get him back!,3.52,Olivia Rodrigo,2024-11-08,2024,rock
4NDXISXlmXBF1bQIjULijY,What If...?,3.6,HIMALAYAS,2024-10-25,2024,rock
0FRAUkJtl4bn92ySux8EEg,Der Himmel muss warten,2.39,Saltatio Mortis,2024-05-10,2024,rock
3i1JcxBWoleieah61SgbZn,Bonita,2.93,Ramona,2024-04-12,2024,rock
4rhp0vc9pjyLlLdOXGkWbt,V.O.V,3.16,HIMALAYAS,2024-03-01,2024,rock
3kj5A33ffkurLnmoc2IYeY,Himawari,3.19,Nick Johnston,2024-03-08,2024,rock
6gwvcwlngyLMDe1JgQbNhY,Red Looks Good On Him,4.77,Crippling Alcoholism,2024-02-29,2024,rock
0UsKW3G42UX91FHgZGpGSb,Rock Baby Rock,3.21,"JNL, VST & Company",2024-03-08,2024,rock
0Wkfxv1fKEaDdepLlFGr7l,rockabye baby,4.0,Baby Sleep Music,2024-12-18,2024,rock
14WYmNQWvR2TTWoRp8t9Ml,RATATATA,3.61,"BABYMETAL, Electric Callboy",2024-05-23,2024,rock
4e8ZYKrpPrc2f0TnyXqwTu,Rockabye Baby,1.88,Oscar Stormborn,2024-09-19,2024,rock
5WoAh4WGSBY9SgJg6WQ851,Rock-a-Bye Baby,2.13,Little Melody,2024-11-13,2024,rock
5D6fCdrnP4vHnF1ypsO4LM,Choo Choo,2.19,Greg Stare,2024-05-01,2024,rock
4C4YqvRrjtkzy0NewEq4Zj,BABYDOLL,1.75,Chri$tian Gate$,2024-11-01,2024,rock
7cM6obAwlMkP6nDTwNPEl2,Eyes on my baby,2.21,BETWEEN FRIENDS,2024-02-16,2024,rock
3SH33WnC4ENt3iUoSXGruj,Rocky Waves,3.82,Nature Therapy,2024-05-16,2024,rock
0uKRRSGv2ZsKGr0bcipgb1,Rock Baby,2.34,#90s Update,2024-05-29,2024,rock
1Im3ZqVxHazCAFGROStX4b,Rock Baby - Radio Mix,1.67,#90s Update,2024-05-29,2024,rock
2Gos10nDY0wqH7rIs5q7EZ,feel good inc.,3.03,angelbaby,2024-05-24,2024,rock
6qv1wGGxidC6MrExQiwrtR,Nepo Baby,2.79,South Arcade,2024-01-12,2024,rock
2XW6rEbgNm1OHLzPV5O8Hp,Rock-a-bye Baby,0.91,Sleepy World,2024-09-27,2024,rock
34qaGPDvfWqp3F4iD5nGhf,You Need Me Now? (feat. Sabrina Carpenter),3.11,"girl in red, Sabrina Carpenter",2024-04-12,2024,rock
4lB2Nqj988usKJD9hsH3sQ,EARNED IT (feat. Babyface Ray),3.41,"DaeMoney, Babyface Ray",2024-03-01,2024,rock
1iPJW0NM17VBg52VRn5De8,The Rocking Horse,2.18,Pianoscapes by Nathan Seiler,2024-03-22,2024,rock
5HXdSUJNS8GvRTzE1cMKIq,Baby Do You?,1.92,Gooseberry,2024-09-06,2024,rock
5koUF5SVVByI47MKlXbavO,The Rock Sea,3.25,Stardust Vibes,2024-07-03,2024,rock
5wmkQbOUTLjnDsdLeNgtO3,New Divide,4.48,Linkin Park,2024-04-12,2024,rock
11nmHJICkQ9emiYJJINygH,New To Country,2.95,Bailey Zimmerman,2024-06-28,2024,rock
1YLq697JdiD5vIFQS1zuDg,Rockstar,2.05,Lil Cleno,2024-05-26,2024,rock
4Ke4urZganWrlZwuSNIrsg,New Day,2.92,"John Mark Pantana, Mark Barlow",2024-08-02,2024,rock
2F4vgXgGEZPCnBNBfqXhmH,icantbelieveiletyougetaway,2.26,aldn,2024-05-31,2024,rock
0MmgpgVlFztxfWjT5QrriR,Fighting Myself,3.36,Linkin Park,2024-05-28,2024,rock
36DSoHpATP3MEZ8lH7Ep0r,Rocket,3.29,"The Army, The Navy",2024-12-06,2024,rock
5mFZipkX1HZ4Idz5LOWpzq,Cut the Bridge,3.81,Linkin Park,2024-11-15,2024,rock
2gGHan1D8nlvv27lQU2GjL,The New Sound,4.79,Geordie Greep,2024-10-04,2024,rock
2mUl2MNzIO6BHCrI1QdEcj,Sickly Sweet,3.38,NewDad,2024-01-26,2024,rock
7stpbtJzoBx1D38egFeT29,BRAVE NEW WORLD,4.4,STARSET,2024-05-03,2024,rock
5dCPltkrnc9GOtqu8iAbEA,Brand New Man (with Warren Zeiders),3.35,"Brooks & Dunn, Warren Zeiders",2024-11-15,2024,rock
7M8eZBRTD9QNasEVReEM0H,IGYEIH,3.48,Linkin Park,2024-11-15,2024,rock
6MDElCZvNclUvnO8qWKUq5,Newspaper Boat,4.27,Gable Price and Friends,2024-10-04,2024,rock
6a2HBMpj2G2wXSrgBl9ZNT,New York,2.72,Junior Varsity,2024-10-11,2024,rock
7BkzAHnNW7WfrT4NcLaUDx,Casualty,2.35,Linkin Park,2024-11-15,2024,rock
1dzLWx9Otbd9CGEb2rq2cU,the new girl is a snake,3.98,Jax,2024-06-28,2024,rock
4AiTTqrljm1r8zKr68cxPk,"Holy, Holy",6.05,Geordie Greep,2024-10-04,2024,rock
7dI0mSvbdJTynUnEkWIom1,Oldies Station,3.8,Twenty One Pilots,2024-05-24,2024,rock
1WGdtSp69AsVNdBKMytICB,Old Souls,3.22,Charlie Farley,2024-02-02,2024,rock
3Sg0jiuv2ckmxTBX4tLJQq,Just Like Johnny,3.32,Redferrin,2024-02-16,2024,rock
3H4rYly1esKsBq3UGGMdhe,Twisted (Rock),3.77,"NXCRE, The Villains",2024-08-30,2024,rock
5Vi4wnQLLs4zZSpnngTbEE,Old Scratch Blues,3.53,Jack White,2024-08-02,2024,rock
1jAhvw24wQv2puNASTzFvM,Old Tape (feat. Adam Granduciel) - Single Edit,3.55,Lucius,2024-08-20,2024,rock
342QGFD36OfWqGhjCCA66V,Old Town,3.59,Lazy Haze,2024-05-24,2024,rock
1Ff69BA7VLLLOc4GG8bkeq,Old Man,2.88,Fai Laci,2024-04-20,2024,rock
12HiOYzQdBXTgfyJtlt2JV,Old Soul,4.51,Gnome,2024-09-13,2024,rock
7Hybzi2nMsBsg2Fs2aKUh7,Sun,3.04,Derik Fein,2024-06-03,2024,rock
1faLw5C5ige09ObTw1368f,Never Gets Old (Live),6.61,"Red Rocks Worship, Kory Miller",2024-10-04,2024,rock
0aCDbz2MWUiVTf2J6zQa2h,Falling Down,3.39,"Old Flame, Jonny Craig",2024-12-13,2024,rock
1tp5wevVu8psITUxEuBGtk,Nobody Knows,2.54,Shawn Mendes,2024-11-15,2024,rock
5t3X72EbaFti38zPMlqeTC,Fake Ass Friends,2.35,Set It Off,2024-03-01,2024,rock
2sUiA1TtZc1WJ3zU2VR4Th,Older Wiser,3.27,Hudson Taylor Ford,2024-03-22,2024,rock
5zwjF0yW0PRDlXBhtng0Rf,Old Friend,2.98,Good Terms,2024-12-13,2024,rock
6dM9YxIb7z49mH4RUvAPwy,"Old Friend, New Face",2.87,Dayglow,2024-09-13,2024,rock
2Q59eoRB5QTVI4cOclnMFP,Old Skin (Live…Again),5.2,The War On Drugs,2024-09-13,2024,rock
4qmMxh1zCrtgW71pxSZvIh,Old Transistor Radio,3.16,"GUM, Ambrose Kenny-Smith",2024-07-19,2024,rock
0Brlm0oPqzabpgIG1D1eU5,LosT,3.42,Bring Me The Horizon,2024-05-24,2024,rock
7huUvFxyKQDbSrnWjEgz7m,Lost,3.57,Acres,2024-10-25,2024,rock
16dALKZMgCknDLnGZI9emn,Lost,3.32,Linkin Park,2024-04-12,2024,rock
7oYCBKvdjrqp5vDbhDBuac,KICK BACK,3.24,Kenshi Yonezu,2024-08-21,2024,rock
3rPFU4sOlBJt8D1atzCe0y,Lost,1.84,Scarlet House,2024-11-22,2024,rock
3SpgVxU0XD36PbECvAl9z6,Lost All Control,4.55,Seether,2024-09-20,2024,rock
0QMbESUP8jtTyuBdwWwX4s,Lost My Nigga To The Streets,2.34,Rocko Red,2024-03-20,2024,rock
5uuPDgZe2xlN5UN4sUQyAc,Sleepyhead,3.21,Jutes,2024-08-01,2024,rock
1PZS1OOvqP68AzzAHictAD,Lost Cause,3.55,If Not For Me,2024-03-29,2024,rock
3GOX6mdWdqOUqEKtEJgDQy,Lost and Found,2.14,Jabis. Sheldah,2024-10-05,2024,rock
6KahCnYGOsz5kO41MLD4Yd,lost + found,1.92,Ezekiel,2024-09-20,2024,rock
7CZawTur0ZzAiJcqi6SPdW,Vertigo,3.54,Jutes,2024-08-23,2024,rock
494Mu6x7PKSjuuh975jcI3,Lost,3.34,Soccer Mommy,2024-10-25,2024,rock
3EIvig8BraPoKYhQ9lzDNI,Lost Light,3.87,Ashes Remain,2024-11-22,2024,rock
4jVjY3MSCe7KL13PoqLjle,Vertigo,3.2,Lost Stars,2024-05-03,2024,rock
7xpem9dS5oxDHXt9pegb1B,Lost in Translation,2.94,Vacations,2024-01-12,2024,rock
5WZPSMhtwBh6Fz1drpy8rB,Obsessed,2.71,Jutes,2024-08-01,2024,rock
5Z2AVQUoVPvnYVRAyEwsNc,Lost Time,3.84,Cinema Kid,2024-05-24,2024,rock
1eTqpWYQf5w5osZizi2I5b,Lost Ones,4.52,Dr. Dog,2024-07-19,2024,rock
14RHVhgK4QxsOCQcu4R1Q3,Lost Boys,2.68,"hey, nothing",2024-03-14,2024,rock
2e8df5TTxWWZGMTe2up1XV,FREE! - Live,3.76,"SEU Worship, David Ryan Cook",2024-06-07,2024,rock
6TK9UE4eODGbyimh0qEYoq,FREE! - Live,3.76,"SEU Worship, David Ryan Cook",2024-02-23,2024,rock
7fYs5KexehGyZyEP8CDNGQ,FREEFALL,3.78,NOTHING MORE,2024-06-28,2024,rock
5Axl2Rjg3wOC3JHju1Gess,Freestyler (Rock The Microphone),2.9,"Lost Frequencies, Bomfunk MC's",2024-09-20,2024,rock
5AvqSFspB6GY3m5uhYiZI4,Lovers Rock - Freestyle,2.15,void angel,2024-10-18,2024,rock
7eHFcvoo2K0XZPdgOZTM4D,Free,3.26,Jackson Dean,2024-09-06,2024,rock
2RvaxJca2NOukzlXxGj4o6,Free Myself,4.09,Harvey Street,2024-04-26,2024,rock
2sYH93P0izew6qpqZwgY4m,Free Now - Live From Vevo,4.01,Gracie Abrams,2024-10-16,2024,rock
7N2P44vy06J5yPPZSTb23s,freeze,2.34,Nextime,2024-04-05,2024,rock
5QlaYAjyS0zuoA9zGk4c3R,FREE TO DIE,3.69,"HEALTH, Filter",2024-10-17,2024,rock
6GVWxSqpcNt2pKs3f4ZTSV,lovers rock x freestyle - 8D Audio,1.53,"surround., (((())))",2024-11-20,2024,rock
49oKnEjgRSs3DMXScEU2G1,Gangsta,3.24,"Free Nationals, A$AP Rocky, Anderson .Paak",2024-02-23,2024,rock
3XNSjONdEIfCndvfVpH1Jd,FREEDOM,3.1,Ado,2024-02-06,2024,rock
6GNKY4Vzjd6RZqEjcOuqAs,Freedom's Not For Sale,4.8,"Tom MacDonald, Nova Rockafeller",2024-11-01,2024,rock
3WiluoQraznWXCccry1Ast,Freedom's Not For Sale,4.8,"Tom MacDonald, Nova Rockafeller",2024-11-15,2024,rock
2hCVD6qp1H7pCsZwiOXAIo,Control Freak,2.4,New Medicine,2024-01-19,2024,rock
47pgiXq2SSOncpEIead5G4,cowboy killers,2.72,Solo Kei,2024-10-25,2024,rock
0lLB36wM1xOFRkSauT0GVq,lightspeed,2.53,Max Fry,2024-06-14,2024,rock
35R4uqcw0MscGaw05HcUWp,Free Now,2.97,Arrested Youth,2024-09-06,2024,rock
4Uolc425uLJ6xmLTveQ4an,Freeway,3.07,Night Cap,2024-04-19,2024,rock
193RlTGibelHrNqyAMEbLl,Feel Like That (feat. Bradley Nowell),3.79,"Sublime, Stick Figure, Jakobs Castle, Bradley Nowell",2024-05-24,2024,rock
0UT58DMxUfSb8ECS85tgn3,Southern Rock,3.65,"Travis Denning, HARDY",2024-05-24,2024,rock
0Qc7UYagLJkUM8xZ3b7gKJ,Feel Me Now,3.85,If Not For Me,2024-03-29,2024,rock
5ufLmXanFrdoW4zr5ytn6q,Nowhere,2.52,Friday Pilots Club,2024-05-09,2024,rock
6RWNyBKaBMzySlOmecgGF1,Vampire Disco,3.12,Friday Pilots Club,2024-05-09,2024,rock
0W9jWMTASe0JmydIrXwSEz,Spectator,3.05,Friday Pilots Club,2024-05-09,2024,rock
7Gzs6HvJBEBSxsNkXwBqay,We Don't Wanna Talk,2.66,Friday Pilots Club,2024-05-09,2024,rock
0qq33nVMNHelvjRGhTKPVH,Happier By Now,3.79,"Kai Wachi, Lø Spirit",2024-02-23,2024,rock
0xA23rORcjZCUn6HMM0DMw,今、僕、アンダーグラウンドから,4.32,結束バンド,2024-06-09,2024,rock
1eKgl8teRf9rh9G3LEowlp,Who Will Fix Me Now?,3.66,Slow Degrade,2024-06-21,2024,rock
1CC52nW497cbc6KtKF7OXX,And Now We Sleep In Endless Ocean,3.43,Makari,2024-03-08,2024,rock
5mFhRTXDtwi7fjJBuKFU5y,Neverbloom,3.26,Rain City Drive,2024-09-27,2024,rock
28sXbkRg5dlyuD0pB8stVV,Frozen,3.6,Rain City Drive,2024-09-27,2024,rock
74Qhn8LxCLtzmt9qM9ANl9,NOW WE'RE GETTING THERE,2.95,Walter The Producer,2024-06-14,2024,rock
1MtgVw093BemZtwbDZyHqj,Wish You The Best,2.91,Rain City Drive,2024-09-27,2024,rock
2cqW8xyCbVwiVUsaY5sH0F,Now Or Never,3.13,Marianas Trench,2024-08-30,2024,rock
2gCtNZ6bHTVRTWBtCdAnUO,Gone,2.28,Tom Carm,2024-11-05,2024,rock
4WciTkFgKQ8YCCK9w3CgsG,Gone,2.33,The Script,2024-08-16,2024,rock
7bvE43XnhZncVwLRY3abGp,Gone,3.32,BANG&JUNG&YOO&MOON,2024-08-08,2024,rock
5bajgZvZb1x9OScsPAC1gB,Gone Girl,2.98,Basht.,2024-02-23,2024,rock
06yqb2uJcSdXTSeZJgoRbo,Tuesday's Gone (Live at Red Rocks),7.17,"Shane Smith & the Saints, Charles Wesley Godwin, Midnight River Choir",2024-05-01,2024,rock
1JqovbqNQa5deYzyNsy7nR,Long Gone,3.53,Superheaven,2024-11-12,2024,rock
7fexSo3YmYhDyTCj2UQG3k,Gone Without Goodbye,3.33,Lance and Lea,2024-12-27,2024,rock
7nyNTPn2XL38dguQsyy5Dg,Gone West,2.78,The Menzingers,2024-05-31,2024,rock
62WWyYpqEvbvR2frYEH2Kz,Feelin's Gone,3.48,Surf Hat,2024-03-25,2024,rock
4Bzn9ZrmvZfeT64f7mkFvu,Gone,3.02,Vantage Ruins,2024-06-28,2024,rock
6hYcT2ckTNAOe0FIxyI8IC,Gone,3.52,Deer Fang,2024-12-06,2024,rock
5pc5UiFUhvTWLVYeGNbaK8,Gone Forever,3.68,Flippy Boi,2024-10-28,2024,rock
44WnyuiQQjRaufSX10mBfw,Gone,2.25,"Hakushi Hasegawa, KID FRESINO",2024-07-24,2024,rock
33WmPj9xlJ1J0mVtw5Q4aT,Long Gone,2.1,Fried By Fluoride,2024-02-02,2024,rock
0GUfudz6C2FTXWXJTkSZMQ,Gone In A Heartbeat (feat. Buddy),2.43,"Eyedress, Buddy",2024-04-19,2024,rock
1Une48724RwIzf9gAvHzYD,Angel Of Death,2.81,Midi Memory,2024-01-11,2024,rock
2jAN90bCRP7J0XSkuhVRN9,Watch Me Gone,5.04,Mark Knopfler,2024-04-12,2024,rock
3NXT9lETZWovExuaUpRf0I,Gone West,2.78,The Menzingers,2024-05-28,2024,rock
1ozRriqpu79R7ctw7WG4fU,Gone Without Warning,4.04,The Commoners,2024-07-05,2024,rock
2uQfe8bd43MRHIjHwaAgC8,Rockstar (with Bailey Zimmerman) - Live From Nashville,4.69,"Nickelback, Bailey Zimmerman",2024-11-15,2024,rock
5QPGnFslbDUQ7mDteKn3By,Snap Back,3.5,Twenty One Pilots,2024-05-24,2024,rock
6fNaHkjAxP6rI2sZhT7QJn,Backslide,3.0,Twenty One Pilots,2024-05-24,2024,rock
2GpNjyQO67Ss38PmPaL6uA,Back To Strangers,4.51,Rehash,2024-07-05,2024,rock
1486GTNZyKS12K9NSP1QRj,Take It All Back,3.41,"Tauren Wells, Skillet, Davies.",2024-10-04,2024,rock
4zX90QsIdhSddmsOkuQqyq,Backwards,2.86,The Vanished People,2024-03-22,2024,rock
72YDnabX8lV2BIlTstrCwv,Back To Strangers,4.51,Rehash,2024-03-01,2024,rock
5xPzrQKFYUMw08gHMJLTgR,Backseat,3.23,thebandfriday,2024-08-30,2024,rock
4TfQGpJZUUSZeuaXzkP8xB,Rockaway - Remastered 2024,2.84,Summer Salt,2024-08-29,2024,rock
1KTemUlHzS0SvVtTjY1NTw,Turn the Lights Back On,3.98,Billy Joel,2024-02-01,2024,rock
7wOSHP8UKRas89SES0cTVS,fight back,3.28,cryoutloud,2024-10-04,2024,rock
5ANrVRiZHONtINOmOyUTuu,Backroad of My Mind,2.82,Ryan Jesse,2024-09-06,2024,rock
32SraxQlSyaz9ib4LX3Wzb,ferris wheel (back to you),2.6,whatsaheart,2024-09-30,2024,rock
1g8mVC62w0jEWl07tzc7GK,Back On You,2.2,Alex Vile,2024-04-12,2024,rock
5kQ41x8xh1MLE9apw8ZHps,BACKGROUND NOISE. (with Satsang),3.53,"aurorawave, Satsang, Nathan Aurora",2024-08-02,2024,rock
3yXpfmDmEluup8pOyi0g25,The Backwards Heart,4.11,Bleachers,2024-05-17,2024,rock
3ShZhJuAXL8nYQKf4rdlRY,Again,3.57,Jeremy Camp,2024-05-17,2024,rock
7JcGS8KvdGXHkol58AroZ2,Born Again,2.6,Jelly Roll,2024-10-10,2024,rock
1Umem5fRyfLpUY60salz2D,again,2.7,"Nextime, We Are Not Friends",2024-09-21,2024,rock
7BILqyAqtGUaznlzTBkPmU,again,2.7,Nextime,2024-07-25,2024,rock
5DHp9J3aMfiy26xgZKotUu,Against All Odds,3.17,"Micah Ariss, Garrett & the Gray",2024-11-25,2024,rock
1xiVg44EgfJlytB07xTzs5,Barely Breathing (feat. Against The Current),3.17,"From Ashes to New, Against The Current, Chrissy Costanza",2024-06-07,2024,rock
7Ds5R4lrpWAtVGAspvd5lE,Barely Breathing (feat. Against The Current),3.17,"From Ashes to New, Against The Current, Chrissy Costanza",2024-02-02,2024,rock
7CfuwFX7cBD8zpfEjuaczE,Caught It (with Chrissy Costanza & Against The Current),2.95,"VOILÀ, Chrissy Costanza, Against The Current",2024-06-21,2024,rock
2vFczpzVZPH2Aer5Qt6507,Born Again,2.6,Jelly Roll,2024-10-11,2024,rock
3P61wVXNlCuTa7zSnTN3Zv,Insomnia,6.41,Love Letter,2024-02-12,2024,rock
7mDpSCc7Q79Vajmly9mF8o,It's Me Again,2.89,Jutes,2024-08-01,2024,rock
3sgOjO09wOwrjBhA70OfDV,Happy Again,4.05,Phantogram,2024-10-18,2024,rock
6LK3rmeoEfVYtH8B6qbwZg,DOING IT AGAIN BABY,2.42,girl in red,2024-04-12,2024,rock
3swMNJZLpaypR919kuPCJ7,i'll die before i see u again,3.87,nixxiu,2024-12-30,2024,rock
2JbblMmCGbWUFYRWpbpsOq,If I Ever Fall In Love Again,3.75,Sweetnotes Music Official,2024-06-01,2024,rock
2LnVHYu6vJJBLQEZP4WY6r,I See Myself (Live),3.58,Geese,2024-06-28,2024,rock
5VzCDl9JO19yneV6aOuKo6,"On Again, Off Again",3.77,Krooked Kings,2024-03-08,2024,rock
0Jw0GvrJl8QIvY28wjAkdY,F*ck My Life Up Again,4.31,Marcus King,2024-04-05,2024,rock
6mc2rHTCtXcLSSG0b7W6wy,Forever & Ever (feat. Lindsey Stirling),3.58,"Lacey Sturm, Lindsey Stirling",2024-06-28,2024,rock
50KN9PJFjYqUSf2Cd1Vf2H,LIVE FOREVER,3.91,HARDY,2024-07-12,2024,rock
5CNopDW4B3IBlspdSmvjCh,Hollywood Forever,4.63,Hollywood Undead,2024-10-24,2024,rock
1arAGa39LQ2EsTCK64JuB4,Forever,3.53,Ok Cowgirl,2024-08-16,2024,rock
7uYaXEjA5tBQi4UMcqAO83,Forever,3.35,iNTeRNeT FReNDz,2024-04-05,2024,rock
08HiSxEg6TxWTczKotugs9,Forever,3.7,One Culture,2024-09-20,2024,rock
5KHCGY0VCKNagkK0zDphio,Forever and a Day,3.46,Jim Wirth,2024-05-17,2024,rock
3uhvjTmAuHRlpgEAfj6SGY,Forever Cold,4.73,All That Remains,2024-11-08,2024,rock
1A2qoClL5RvAVP8tpMoojq,foreversoon,3.73,Glixen,2024-02-09,2024,rock
030xU0ubjIloATsUDXbW15,Forever Sleep,3.84,Moon Fever,2024-03-15,2024,rock
0nDxAIGvjaNAvIokQaJE8G,Forevermore,2.95,"Roman Perepichka, SeLEGEND",2024-12-26,2024,rock
6q44ZkVOOw1zpbheMVAbTR,Forever Young - Slow Version,4.94,Bob Dylan,2024-11-29,2024,rock
3IbexIC2is7RAznKY6RIJN,Forever With Christ,3.84,"Haddon, Brice Davis",2024-07-19,2024,rock
5dKi9bdzTiDdpp8s8Wv9ST,Forever and a Day,3.29,Jason Randall,2024-02-08,2024,rock
6ivjwf40buQmTjSVcxmj52,FOREVER 22,2.77,Gun Boi Kaz,2024-01-26,2024,rock
1einfGz3BKRSXjZvqxHfb0,"Forever Young - Live at Seattle Center Coliseum, Seattle, WA - February 9, 1974 (Afternoon)",5.13,"Bob Dylan, The Band",2024-09-20,2024,rock
3FJNCPGHC1SuSZLASnJz6F,Nothing Or Forever,3.23,Friday Pilots Club,2024-05-09,2024,rock
3tI2EVlPJRMcWUBlpVLhyO,Remembering Sunday (feat. Lindsey Stirling & Lisa Gaskarth) (ATL's Version),4.28,"All Time Low, Lindsey Stirling, Lisa Gaskarth",2024-08-23,2024,rock
13VXK1nqx17VvtieDirwXi,Stockholm,2.63,KID BRUNSWICK,2024-09-06,2024,rock
1SIMeTItrUpZpPO1fx6EUM,Rock Tonight,2.42,Muck Sticky,2024-06-28,2024,rock
2bhGrMTnI2Rv1qiuJl4k2V,"Tonight, Tonight",4.35,Snail Mail,2024-07-31,2024,rock
3Ex3ecRCAFDnQl9q6aNQne,im the fucking loser this time.,2.11,overtonight,2024-12-19,2024,rock
4CfTAqwHes6MvSnUqjLr23,Tonight,3.24,CNBLUE,2024-10-14,2024,rock
6JYj8X9hQrYLPzLc1G4pNK,Tonight (Was A Long Time Ago),4.26,Jack White,2024-08-02,2024,rock
0FXi5Zb73QMvXlhd71vesi,Kiss Me,3.48,Sixpence None The Richer,2024-02-02,2024,rock
2v0wHWI8BZtQ1nMvZbh0hP,Tonight - Demo,3.24,Amira Elfeky,2024-06-01,2024,rock
4wJD0tH33B5DRgb6T0sF8W,Alright Tonight,6.45,Pigeons Playing Ping Pong,2024-04-26,2024,rock
2unREzkJeGIHOZhfxdslXa,Tonight,2.88,Atom Stone,2024-08-21,2024,rock
2APuQtX5VExF3pGI18BLvr,Alone Tonight,3.77,Francis of Delirium,2024-03-22,2024,rock
5pqaUFB7H7R3U6fG7k9gO8,Rock Tonight,4.21,Planet Jay Morris,2024-02-14,2024,rock
2GGyhAYijxO7COfhlTQJQb,Good Rockin' Tonight,2.25,Elvis Presley,2024-08-09,2024,rock
3JgtL3RWNAGLaJ7JnNonOp,San Junipero (Every Night Like Tonight),4.06,Yacht Rock Revue,2024-11-29,2024,rock
26JjS7cdRqMRuKudsFieXS,MAYBE TONIGHT,4.42,"Walras, IC3MANIA, hannah fortune",2024-04-18,2024,rock
5SguwJIkUfAsVwtwRhD73z,Tonight,2.87,"Then Kenny, RBLZ, Nightcore",2024-04-05,2024,rock
6h4YeVdOkNpwNKVDaG4QtD,Heartache Tonight - 2013 Remaster,4.43,Eagles,2024-04-12,2024,rock
6eV71eQ4r0qkBV2GlJG0jq,Can't Be Alone Tonight,3.95,Atlas Genius,2024-09-06,2024,rock
7cr2F4vG1uWDysm8Jvq1Ly,Tonight We Rock,3.89,Victory,2024-09-13,2024,rock
6kRFkMmjErFTpXHvXolbwF,Still Got Tonight,2.62,Kyle Smith,2024-11-15,2024,rock
7areyJPur83YJOJLhvSXvH,Philadelphia (with Searows),3.04,"Matt Maltese, Searows",2024-02-07,2024,rock
2FAZskT9yRjp2Oow9szJD8,The Days - NOTION Remix,3.89,"Chrystal, NOTION",2024-11-08,2024,remix
6AI3ezQ4o3HUoP6Dhudph3,Not Like Us,4.57,Kendrick Lamar,2024-05-04,2024,remix
4MAv7MqIlcaTBHGiUXIWiw,SI NO ES CONTIGO - REMIX,4.24,"Cris MJ, Kali Uchis, JHAYCO",2024-10-17,2024,remix
2mo4wJKJJR2lQCZYnTaI4Y,For Me (feat. Brent Faiyaz) - Remix,3.39,"Loe Shimmy, Brent Faiyaz",2024-11-08,2024,remix
1JlDJFcBJ3BSiyuokxOA1l,PRAISES (remix),2.84,"ELEVATION RHYTHM, Forrest Frank",2024-02-02,2024,remix
4YnmQG1fnJR9LnTZtix70T,WYA REMIX RED,5.36,"J Abdiel, De La Rose, Yan Block, iZaak, Jay Wheeler",2024-05-10,2024,remix
0AoNT5b3YYf28IIq6pGojV,Daisies,2.3,"Black Gryph0n, Baasik",2024-10-11,2024,remix
0JGTfiC4Z41GEEpMYLbWwO,Gata Only (Remix),3.84,"FloyyMenor, Ozuna, Anitta",2024-06-07,2024,remix
7rXke3ttpL2uXel9Nesf4u,Sweet Disposition - John Summit & Silver Panda Remix,4.2,"The Temper Trap, John Summit, Silver Panda",2024-01-26,2024,remix
3Fra5SMXXDTSRXVoDf8Xwd,GIRLS,2.55,The Kid LAROI,2024-08-09,2024,remix
3GD6eImRvT0zgr8cQnokUq,"BESAME (feat. Tiago PZK, Khea & Neo Pistea) - Remix",4.74,"Bhavi, Seven Kayne, Milo j, Tiago PZK, KHEA, Neo Pistea",2024-04-16,2024,remix
2S8bH7ABqJ02bWeH8bgQfU,MIRAME REMIX,3.98,"Blessd, Anuel AA, Ovy On The Drums",2024-12-11,2024,remix
32aeRhnsILUPSbPiH5x62t,The Sound of Silence - CYRIL Remix,3.09,"Disturbed, CYRIL",2024-02-02,2024,remix
3QS9ZCtoSCJhmaJ7QNXSAS,act ii: date @ 8 (feat. Drake) - remix,3.86,"4batz, Drake",2024-03-08,2024,remix
3BKSZRlYdfQejXa5VNsgtO,Disturbia,3.26,Blair Muir,2024-02-02,2024,remix
7sxMtmCfZv0olBUxDlmwFq,Sway - Remix,3.72,"DJ Noiz, Myshaan",2024-04-05,2024,remix
6GOOcBV0wLoHrH5D9AWA32,Say My Name - Remix,2.8,"Morgan Seatree, Florence + The Machine",2024-12-06,2024,remix
0LMNckdqhd2eQr5xV5NGRi,Wanna Be (with Megan Thee Stallion & Cardi B) - Remix,3.73,"GloRilla, Megan Thee Stallion, Cardi B",2024-05-29,2024,remix
5Nt2FMqnKI2mlp7lztURNo,KEHLANI (REMIX) [feat. Kehlani],3.0,"Jordan Adetunji, Kehlani",2024-06-20,2024,remix
6VD3T09spn64tjPcBih64P,The Door - CYRIL Remix,3.51,"Teddy Swims, CYRIL",2024-07-26,2024,remix
1xRRW5ZrL7I9EG8CGZrXHE,El Mejor - Remix,3.51,"Yeison Jimenez, Chayín Rubio",2024-11-07,2024,remix
5ZLL6wYXeqg0k35ZkDRfhZ,Pour Me A Drink (Feat. Blake Shelton),3.25,"Post Malone, Blake Shelton",2024-06-21,2024,remix
1jPd5Qku1J3kBN5nonrYDg,For Me - Remix,3.39,"Loe Shimmy, Brent Faiyaz",2024-11-07,2024,remix
0zgladfFnGygSBWe9o976n,Me And The Devil - Slowed + Eco - Remix,3.66,Luke Muzzic,2024-10-07,2024,remix
1PHkhLxTaMP0UOB75zA3CJ,Si Ai - Marshmello & Ukay Remix,3.07,"Tayna, Marshmello, UKAY",2024-08-02,2024,remix
2WaOQ9TCXEpoAMVzT9GUJt,Wanna Be (with Megan Thee Stallion & Cardi B) - Remix,3.73,"GloRilla, Megan Thee Stallion, Cardi B",2024-05-31,2024,remix
51PLF5XmYToy9m1ioIBBFp,Mehbooba Mehbooba - Remix,2.68,"Farooq Got Audio, R. D. Burman",2024-04-11,2024,remix
0DanydI1wKqKkKjn0qKoVR,Mamushi (Remix) [feat. TWICE],2.6,"Megan Thee Stallion, TWICE",2024-10-25,2024,remix
0djb4bjU9O0Try7yMUlVBW,Piss Me Off,2.42,BossMan Dlow,2024-03-15,2024,remix
3zLIKAkrLLwzNe4RsD5EBC,Me Before You,3.6,"Kygo, Plested",2024-06-21,2024,remix
743yOACnWcrrijTnWdT5YN,MAESTRO,3.32,SEVENTEEN,2024-05-03,2024,remix
1zY0NtFgKJuMmpLVJ57wxo,εїз ☆ MEMPHIS_SWAG_BOUNCE_REMIX.logicx ☆ εїз,1.98,"GODHANDUSA, εїз ☆ DJ BINEY ☆ εїз",2024-09-11,2024,remix
0VSWiqF5yj9E0o6ALcU3xp,MY SKELEETHE (REMIX),2.12,"T-Jxint, Vinny West",2024-05-18,2024,remix
2vxsdAnntt6eGZJJRaLBF6,palm of my hands - Odd Mob Remix,3.39,"John Summit, Odd Mob, venbee",2024-11-08,2024,remix
4XniGfiHt9fFFnhbxlImVu,Trending Remix (with Myke Towers),3.75,"Dei V, Myke Towers",2024-06-14,2024,remix
5NxxixRIBePmP5iNl9lPOt,Lose My Breath (Stray Kids Ver.),2.78,Stray Kids,2024-05-13,2024,remix
21LtZQQMQYwVIxc9O9Ygq8,Cherish (My Love),2.95,ILLIT,2024-10-28,2024,remix
7tHLE2wLCjN7oqIQOQMSqR,Miles On It - Joel Corry Remix,2.49,"Marshmello, Kane Brown, Joel Corry",2024-08-23,2024,remix
3N3QkpBCcVNdc3H4gH8ahD,My Year (The Re-Animated Remix),2.29,"Milo Manheim, Meg Donnelly, Kylee Russell, Trevor Tordjman, Chandler Kinney, ZOMBIES – Cast",2024-06-28,2024,remix
1eMXh9WqMtnmeyZnig2NUA,Maquillaje - Remix,4.77,"Renn, Myke Towers, Nio Garcia, Yexel",2024-05-30,2024,remix
54a8aoGhcbywpE1wyHABmc,Not My Problem Funk - Sayfalse Remix,1.23,"DJZRX, Sayfalse",2024-09-18,2024,remix
3GiORO0zRwRT3g9CCklzkQ,It's That Time - FISHER Remix,2.86,"Marlon Hoffstadt, FISHER",2024-06-21,2024,remix
4R3BIyY00WxYVZOmgrFp1Y,Your Love - Diplo Remix,2.59,"The Outfield, Diplo",2024-04-19,2024,remix
5V7BQt2MpxxjHapbEdSNMV,SLAVA FUNK! - Slowed,2.21,"MVSTERIOUS, Hxmr, yngastrobeatz.",2024-11-11,2024,remix
0zJWxs9N1pkwF1eKOepZFq,It's My Life - Techno Remix,2.91,"Nic Johnston, Jawny Sparklez",2024-06-21,2024,remix
6OYWH6FZgixV7e7VN14neq,On My Mind - Enzo is Burning Remix,2.71,"Alan Fitzpatrick, Ronnie Spiteri, Enzo is Burning",2024-04-26,2024,remix
6yKJ79xxOazt97C09GvxSK,SLAVA FUNK!,1.89,"MVSTERIOUS, Hxmr, yngastrobeatz.",2024-11-11,2024,remix
5LHB3uop2SSEOjsFf9wluC,Cocaine,1.59,MOONLGHT,2024-02-16,2024,remix
3qAmfehP12JfhEkkCzWJnL,You Proof - John Price Remix,2.63,John Price,2024-07-31,2024,remix
0lxAO6rrJwx7ovRW934D5H,you left me on suicide sunday (Slowed + Reverb),3.31,thenian,2024-05-31,2024,remix
55i5Hdv7VkcQtXCn1zyvKg,Let's Go - Remix,2.32,"Key Glock, Young Dolph",2024-04-12,2024,remix
4pbTeAluMQN0ieAJd9Rn6t,You Are In My System - Remix,3.32,TASO,2024-07-01,2024,remix
10fjbhUqc1fWBt5H42BZCQ,Young Rich & In Love - KAYTRANADA Remix,3.88,Kali Uchis,2024-08-09,2024,remix
4tFPsq6ZxrCH1pgz2XIYP2,Put Your Records On,2.1,CYRIL,2024-08-30,2024,remix
0lGTR0CPiCE31uzaOOD5ae,Yougetwhatyougive,2.95,CrossCross,2024-01-10,2024,remix
1Zg16X9sBXpfQbs6fgVJzH,I Adore You - ARTBAT Remix,4.52,"HUGEL, Topic, ARTBAT, Arash, Daecolm",2024-12-27,2024,remix
4KZMoDuxwSYP63bhbnMqe3,Stronger,2.36,Young Jonn,2024-04-12,2024,remix
0FmogS5pOhXWDxrQFgEYdf,I Adore You - A-Clark & VINNY Remix,4.03,"HUGEL, Topic, Arash, A-Clark, VINNY, Daecolm",2024-10-04,2024,remix
1GM0BBPG6CWenFpXx6FPc2,Before You Leave Me - TELYKAST Remix,2.79,"Alex Warren, TELYKAST",2024-03-27,2024,remix
5A619AfuoWdjHA2QFijXjv,did i tell u that i miss u - slowed,2.3,adore,2024-05-10,2024,remix
7skteOnDbwZ3ZvjSe99xv2,i like the way you kiss me - southstar remix,2.3,"Artemas, southstar",2024-04-05,2024,remix
6h7xedEI9BSPrFLdudzQ5b,OKAY (Remix) [feat. Jeezy],3.95,"JT, Jeezy",2024-07-19,2024,remix
2aqRWpP49Gux9UnTtMQBtu,X'CLUSIVO (REMIX),3.47,"Gonzy, SAIKO, Arcángel",2024-10-11,2024,remix
131K9WHjrZSqKIJh4kO1A7,Raise Your Glass (feat. DINER),2.01,"Country Night, MOONLGHT, DINER",2024-08-16,2024,remix
4ODbxG2eUII8zr1Z6TEdse,Young And Beautiful,3.49,"Make it Maks, Danna Max, PACANI",2024-11-27,2024,remix
1KkeD458LJuw0KkU9AIfqo,"Embrace It (feat. Sexyy Red, Flo Milli, RJ Pasin) - Remix",3.37,"Ndotz, RJ Pasin, Sexyy Red, Flo Milli",2024-12-06,2024,remix
6CqPGAoMqPoOGCfxSKuKtC,This Is My Life - Bontan Remix,3.38,"HoneyLuv, Roland Clark, Bontan",2024-02-23,2024,remix
2rHUyJioDOKDshDDxzbISl,Espresso - Mark Ronson x FNZ Working Late Remix,3.07,"Sabrina Carpenter, Mark Ronson, FNZ",2024-05-31,2024,remix
24ZQ4b4cGKVz2NVuWfEboV,Life Is Sweeter (Remix),0.98,"Descendants – Cast, Disney",2024-07-12,2024,remix
4fxGT2YIIyzz7ZvHGsilJB,Pay me back (IsabellDev's Remix),3.55,"rattlepate, IsabellDev",2024-09-02,2024,remix
4sh4ZcktQAECJ54qpWc0ob,is this real love - slowed,2.92,Ninezz,2024-11-01,2024,remix
55E0iwwaRXZ3cneyi9ECnp,Curse is Lifted - Club rmx,3.66,Bassvictim,2024-02-19,2024,remix
6dVdMOkOLMrKFwt4MXYDmX,Kiliye Kiliye - Afrobeat Mix,1.51,"S. Janaki, Ilaiyaraaja, Poovachal Khader, The Independeners",2024-04-26,2024,remix
1gejz5ROvJBUb6WJzkMAcc,Fortnight (feat. Post Malone) - BLOND:ISH Remix,3.62,"Taylor Swift, Post Malone, BLOND:ISH",2024-05-22,2024,remix
52anJ914oylWdT3CytSMYF,"the boy is mine (with Brandy, Monica) - Remix",3.56,"Ariana Grande, Brandy, Monica",2024-06-21,2024,remix
4TkvdQwcxXxusi8JG6mMj7,"the boy is mine (with Brandy, Monica) - Remix",3.56,"Ariana Grande, Brandy, Monica",2024-10-01,2024,remix
56YMapWl4HqXS3z6Y5viT0,Smoothie,3.13,NCT DREAM,2024-04-11,2024,remix
1Baulp3hlbgFx0R7Ot9qXk,Isle Eyes - RUMTUM Remix,3.92,"Monster Rally, RUMTUM",2024-01-17,2024,remix
0paKqp6k6BubOuj6mtaZyW,Is This Love - Ronan Remix,2.77,"Groove Da Praia, Ronan",2024-05-24,2024,remix
4hA0Xp4piltqepJamWex1N,Islands in the stream - DJ Silverhead Remix,3.49,"Sunny Heart, DJ Silverhead",2024-05-24,2024,remix
3OjVajr7vH54MR8YIh9zup,Is This A Dream,4.11,"Christopher Martin, Bulby York",2024-06-07,2024,remix
74zso48NhagU8LwpbSt3ly,"Wasted, Pt. 2",3.73,Drowzee Remixes,2024-11-11,2024,remix
1UgLxZ4tY5QCAsU9ZLxOz0,Wasacaca (Remix),2.68,"Chaki Bley, El Mello 06",2024-05-18,2024,remix
0AZxW9mCQKjDgSVeOZ1eQa,i was only temporary 2 u (Super Slowed),2.28,my head is empty,2024-02-01,2024,remix
2XkaQhLNsaWKJkosmUEk95,Umbrella X Was Made For Lovin You - Remix,2.72,"Nahuel Kinder, NVBR",2024-03-12,2024,remix
2Ro98mgshcnJztG6k4VcwW,Wasted - Bart Skils Remix,4.71,"Joyhauser, Bart Skils",2024-06-07,2024,remix
5OQQ69QfOQ1PXM9byo9ghs,Wassup,2.94,"Isong, Romzy, Tion Wayne",2024-08-22,2024,remix
0gqpdySE9DbkDZsAdtut8j,Washed Away - Ethereal Remix feat. Liv.e,3.97,"Kelela, Ethereal, Liv.e",2024-02-09,2024,remix
5oMAXCUsnjXwVVkTvOv9GF,Wasted Youth (feat. Cat Burns) - VIP mix,2.83,"goddard., Cat Burns",2024-01-26,2024,remix
0jt2OEiy9LA6dwsreDlkAc,Beautiful Things,2.05,midnight Berlin,2024-03-01,2024,remix
5xIG9HnwYFLk32q12L1Bca,Wasting Time - SATØS Remix,3.07,"Stang, KORA, SATØS",2024-05-17,2024,remix
7pQOuzfbqSqojW9BRzMrbl,Wasteland - Slowed,3.28,Irokz,2024-02-25,2024,remix
3zWc61gi8IpjDlEYhckYLu,Nights In 2011,2.28,"awesomecat2011, wa$te",2024-04-02,2024,remix
0ylJCgFqT5umvxgJ7KDNLy,i was only temporary 2 u (Slowed),1.88,my head is empty,2024-02-01,2024,remix
4aeJUqWP7Sa1PKd8E0ZpDV,Ebezina - Remix,4.9,"Preye Odede, PROMISE EFFIONG",2024-07-12,2024,remix
2fJgQ2gjt5boaD9sMqwMTw,Stuck In The Middle (Remix),3.33,BABYMONSTER,2024-04-01,2024,remix
7kFDcdfgMm7Jwr5j5jNHzB,Washed Away - AVELLO Remix,3.86,"Lizzy Jane, AVELLO",2024-10-24,2024,remix
1XOmcELjhL3ri6Qg1VDBmZ,Wasteland - Lady Faith Remix,2.99,"The Prophet, KELTEK, Lady Faith",2024-10-04,2024,remix
3WW5aPbiVEeRGOSQ8Ax1AA,i like the way you kiss me,2.38,midnight Berlin,2024-05-10,2024,remix
3hTP7mNOnoLqAFxmkKZ8AO,I Was Made For Lovin’ You (RVZZER Remix),2.34,"Jorm, RVZZER",2024-03-28,2024,remix
0bJV0wJnOCHNGetX12UX9t,Wasted Youth (feat. Cat Burns) - [IVY] Remix,3.16,"goddard., Cat Burns, [IVY]",2024-02-23,2024,remix
5FA6YY4VrlW5QAECVBAMOL,The Rhythm of the Night (Ricky Marano Remix),2.68,"Corona, Ricky Marano",2024-01-05,2024,remix
7uApejpbclBo1AbLDEvny2,Some Say the Ocean - Reggae Remix,3.92,The Hip Abduction,2024-06-14,2024,remix
0sjzUaSUldnZGsK3AyDouj,The Action (WonkyWilla Remix),2.87,"AHEE, WonkyWilla",2024-09-13,2024,remix
5wNDRMkoysXZGiW4ja5Tik,LET THE WORLD BURN (with G-Eazy & Ari Abdul) - Remix,2.76,"Chris Grey, G-Eazy, Ari Abdul",2024-11-08,2024,remix
6ZHMVT32TtD6IzvbxBo4eF,The Chase - Rebūke Remix,3.14,"Emmit Fenn, Rebūke",2024-09-13,2024,remix
2IHcQScgtH5ub5TdjmStHQ,The Hills x Say It Right - Remix,3.71,Luke Muzzic,2024-04-09,2024,remix
0tVt6EukkvPm3V0JRP5wzW,The Feeling,3.17,"Kygo, Sigrid",2024-06-21,2024,remix
3Y2se7Mg5g5nTS8LkuRBTe,Drag 'Em to the River (Totalitarian Remix),3.79,$uicideboy$,2024-06-14,2024,remix
6rq3raDazN9D0XUCudW1Nx,Coqueta - Remix,3.77,"Heredero, Jessi Uribe",2024-12-11,2024,remix
5jEJK6Xl4UuDuvcUD9YAPn,La Dueña del Swing - Remix,4.77,Los Hermanos Rosario,2024-01-05,2024,remix
0vpgzKwhACrk35TsQifgpu,I Want Her (feat. Kalan.FrFr) - Remix,3.26,"hoodtrophy bino, Kalan.FrFr",2024-03-08,2024,remix
4wVYV5vFZrcgi4egxE78S9,Hermoso Momento - Remix,3.01,"Tommy Royale, FLEIVA MUSIC, Débora Velazquez",2024-04-12,2024,remix
1ZDOSXroOASzNuoI3d4YGx,Let Her Go - Lost Coconut Remix,2.99,"Dual Sessions, Lost Coconut",2024-05-10,2024,remix
3ie6fPavn4ERaX0oTQCHbu,GooD KarMa (feat. G Herbo) (Remix),2.51,"1up Tee, G Herbo",2024-11-08,2024,remix
3D6bOO7n2ZRdKUcLF8BKYf,Empty Bottles (Hate To Miss Her),1.98,"Country Night, MOONLGHT",2024-07-04,2024,remix
0RSU7sNSKbiRg5JoQEhLR3,Feeling oN Her Legs - Remix,2.54,"Frostydasnowmann, YN Jay",2024-05-03,2024,remix
3c7StDL4UMm4JLdWLpPgSR,Dont Save Her - Remix,1.9,Lor tyy,2024-06-01,2024,remix
0tpsT48AIZt4553wLP9FIp,I'm Here Now - sanodg remix,1.95,"TEKKEN Project, Bandai Namco Game Music, sanodg",2024-01-26,2024,remix
3oW1pmesRSiEhH5Fx8BreM,Heroes Are Calling - Electro Remix,3.58,"Smash Into Pieces, APOC",2024-05-17,2024,remix
6PHbD1AEcL1eCsQz3om9CJ,Je Suis Music - Armand Van Helden Remix Edit,3.61,"Cerrone, Armand Van Helden",2024-04-24,2024,remix
5FXo0EeT0EsHw2wIWtyAPe,Rooftops REMIX,2.98,"Your Broken Hero, Reclaim The Fallen, August Burns Red",2024-06-17,2024,remix
7vRBl3pfodHKhYGK8YFajf,Tennessee Love Song (feat. Chase Matthew) - Remix,2.79,"Anella, Chase Matthew",2024-01-12,2024,remix
79VtNwEpKTQCJWQpRHKZlW,Finally (with Alicia Keys) - Eran Hersh & Shooma Remix,3.51,"Swedish House Mafia, Alicia Keys, Eran Hersh, Shooma",2024-11-01,2024,remix
3OCUTZ7WmJiJkLQRsw9HhH,Here I Am - Richard Durand Remix,3.22,"Harshil Kamdar, Nicholas Gunn, Alina Renae, Richard Durand",2024-02-16,2024,remix
2c0On7JvmaenhkPMttzqyX,Ultravox - Hernan Cattaneo & Kevin Di Serna Remix,7.29,"Nick Warren, Hernan Cattaneo, Kevin Di Serna",2024-06-14,2024,remix
4duKmkeishzWVb99Ug2F41,Himitsu da yo - Slowed Down,2.54,Tuzera,2024-09-06,2024,remix
4kjeszzMzVSQqgRpBe7WXn,I can fix him - Slowed,2.55,Ghostyboy,2024-08-27,2024,remix
2m7VThKY71WaNEhO8JtMpr,FIREWORK BRAZIL - Slowed,3.08,"HIMXN, FUNK DEMON, EVO",2024-11-13,2024,remix
2D1ppBqvs5jWBQ8JTTYHLp,Himitsu da yo - Sped Up,1.99,Tuzera,2024-09-06,2024,remix
33xnalg4KF4KxRboaesCan,OUTSIDE PR FUNK - Slowed,2.09,"HIMXN, EVO",2024-09-05,2024,remix
7HS6HfDFKL9QBZmCSqyNGZ,back to him,2.75,Amelia Moore,2024-12-20,2024,remix
1dm5ZgN3pR78qdHNepcp1g,Himitzu Dayo - Remix,4.83,"Tuzera, Shibadan",2024-09-29,2024,remix
578jTAac9olHD1siRe6oAZ,Himitsu da yo,2.29,Tuzera,2024-09-06,2024,remix
2rhy1QdjZAviqOfnkq3REi,Him - Europa Remix,4.54,A Flock Of Seagulls,2024-11-29,2024,remix
2m1jI4GECPuysk3udCZpeP,We Can't Forget Him - Remix,2.7,"Bobbi Storm, Fridayy, DreamDoll",2024-01-26,2024,remix
1qoY9HMn16ZFsjtjjsZ59i,I Want Him Dead,1.87,A5omic,2024-09-18,2024,remix
6XvmxjUlBOefIS4NXlcO62,I Love to Call Him (Remix) [Live],6.85,Vincent Bohanan & SOV,2024-07-12,2024,remix
7IogmxOHgzA0bTrJTL9Cmy,I can fix him - sped up,2.03,"Ghostyboy, ZeroMizKun Nightcore",2024-10-11,2024,remix
3I43NYbmcanvlKJMo9MmBJ,Shift Change - Remix,2.19,"1100 Himself, WESTSIDE BOOGIE",2024-06-17,2024,remix
7EgDNH3ECssAkIaSxGxT45,Let Him Cook,5.73,Japandee,2024-12-05,2024,remix
0DiBD1lQ43fJ4i9aytLwAn,Golou L'mama (Ibara X Dabittan Remix),4.2,"Cheb Rayan, Ibara, Dabittan, Jalal El Hamdaoui",2024-10-25,2024,remix
6DAUli8MV2hWX3iOuZQM7c,Him & I - Slowed,2.33,"slow demon, Hyper Slow, Mr Demon",2024-03-06,2024,remix
3WmCO6SSACkqKBwwwanage,Daikisimetaiyo (feat. HIMI) - DJ Mitsu The Beats Remix - Mixed,3.35,"LAGHEADS, HIMI, DJ Mitsu The Beats",2024-12-06,2024,remix
4gfnioXccKUy5cw6C7fYvt,Sikalafą - SOUND BASS Remix,4.26,"BRYLANT, SOUND BASS",2024-02-09,2024,remix
6sgwkHkUHWagRKJvZB1bPu,I Feel Good,2.19,"Teau, Lynde, himood",2024-03-08,2024,remix
0BOb5h1rlTEv3EgQY9byOo,Baby Shark - Techno Remix,2.15,"Kiddoyish, DJ Gotta",2024-05-04,2024,remix
5v8q7DlcoZRlirnKebimws,"Loser, Baby - NerViSon Remix",2.86,"KittenSneeze, NerViSon, Tunnelberg",2024-10-18,2024,remix
2vlUAb1FCGBt2hLKIOVjN7,BABY I'M BACK - Remix,3.84,"The Kid LAROI, Gunna",2024-09-27,2024,remix
76fnrX8i7TInwRgG2V3dzj,All Back (Mirmirtwo Lil Sirr & Baby20two - Remix,2.92,MIRMIRTWO,2024-11-25,2024,remix
29a9AZPAMPSifXvDnk4h3b,Blue Devils (feat. DaBaby) - Remix,2.47,"Trap Dickey, DaBaby",2024-08-27,2024,remix
62Vzyj4Nyy7DeBF2q21dYG,Mama (with Skilla Baby feat. GloRilla) (Remix),2.99,"Rob49, Skilla Baby, GloRilla",2024-08-16,2024,remix
6IIxEObjN2pZGddE0ChU1o,Homebody (with Skilla Baby feat. Moneybagg Yo & Bossman Dlow) (Remix),3.86,"Rob49, Moneybagg Yo, BossMan Dlow, Skilla Baby",2024-06-28,2024,remix
73jAMSKzlIKFhENthhVYlU,Baby Shark - The Wiggles Sound System Remix,1.2,"The Wiggles, Lenny Pearce",2024-04-19,2024,remix
4sSwAZC75Sifal9pD7EssS,Pucker Up - BABYNYMPH Remix,2.62,"Public Appeal, BABYNYMPH",2024-03-08,2024,remix
3tjM5KdfZbq1M24daZFF8f,BK Back - Remix,2.78,"Baby Kia, DJ Ess, Day1 Lil Willie",2024-02-01,2024,remix
7w8AohCG0dwgLJvcsyHYlA,Don Who Leo - Blanco & Reposado Remix,3.49,"Monaleo, Skilla Baby, Anycia",2024-08-30,2024,remix
2Oj253eK6rsEgT5xDvFGpg,Grip (feat. Charisse Sky) - Challenge Remix,3.34,"Baby Tate, Charisse Sky",2024-05-24,2024,remix
2tlDWgSgtpeqOeQeKXhO32,Baby ¿Dónde Estas? - Remix,3.25,"Alessandro Corea, Merek Supraboy, KBP EL ALIEN, Lildavid six",2024-12-19,2024,remix
0cbsrQokJdLSJSmIh2yIi7,BATTER UP (Remix) - Bonus Track,3.78,BABYMONSTER,2024-11-01,2024,remix
7gxxv1Sy3JGHCJZ7cR0nME,Motion (feat. Babyface Ray) - Remix,2.2,"Icewear Vezzo, Babyface Ray",2024-02-02,2024,remix
0HGiH5kx8UfJ2bmPsnFwiS,Baby I'm Faded,1.74,Shiko Nightcore,2024-05-31,2024,remix
1eu0xqqylNqm82Bb9BwyX5,MAGIC (feat. babyidontlikeyou) (YDG Remix),3.66,"Gryffin, babyidontlikeyou, YDG",2024-07-18,2024,remix
3c4eCEHwZpIWeMEMeoijJq,"Good Luck, Babe!",1.77,midnight Berlin,2024-08-05,2024,remix
2WNzGEfC9cFmf88MdE5isq,Baby Chérie,2.23,"Nora & Chris, Jorik Burema",2024-02-16,2024,remix
6hY9KAaUXfao60mFgmUNXW,New New New - Avicii Remix Edit,3.11,"Bob Sinclar, Vybrate, Queen Ifrica, Makedah, Avicii",2024-04-19,2024,remix
4c1i0QlR5dKe5QcbLKumC5,New Wave - DJ Ess Remix,1.7,"Wizz Havinn, DJ Ess",2024-01-23,2024,remix
3KvHPHF36si5tcIzJwxCH9,Go to Work (Jersey Club Remix),1.81,"Chris Mula, Ziahfyah",2024-05-10,2024,remix
59Smb3b2MVpH0gUqfzYS6S,I Don't Need You (Jersey Club),1.48,Fazobeats,2024-09-29,2024,remix
5QQa8anX0beItmJ5pGgZsD,I DON'T COMPETE - I LIKE TO PARTY REMIX,2.12,"Sdot Go, SweepersENT, Jay Hound",2024-02-15,2024,remix
0eBAg5wJBu2Acv6o72iY4c,Back On 74 - Full Crate Remix,2.9,"Jungle, Full Crate",2024-02-23,2024,remix
0NTkmAMoSNWQ8cFVZEFrKB,Kaim,3.06,NIJJAR,2024-12-10,2024,remix
2ouzmB4EELwzPersSkE72Z,New Beginnings,3.14,Sparkee,2024-05-10,2024,remix
38BzgmxUuYkQ5l1xbfTPMR,New Star in the Sky - Vegyn Version,4.08,"Vegyn, Air",2024-09-27,2024,remix
5kiF1aZO6i85LZvFo9nUHh,Choral Chorus NOLA BOUNCE - remix,1.6,prodbyraesam,2024-09-20,2024,remix
6InUK2WmlxzuNXOWEEFztM,Violent Crimes (NOLA BOUNCE) - remix,1.53,prodbyraesam,2024-09-21,2024,remix
2anz6oADcuVIS7cB220PTP,Underrated (feat. Moneysign Suede) - Remix,4.07,"Zoe Osama, Snoop Dogg, E-40, MoneySign Suede, ZekeBeats",2024-06-28,2024,remix
3yHgz3li6IkxSs9cSh0S0Q,New Wave - DJ Ess Remix,1.7,"Wizz Havinn, DJ Ess",2024-02-14,2024,remix
3m7ujrCjmhKgI6yEvmS2vT,Mumbattan,2.66,Shroom,2024-01-01,2024,remix
1oywhQ7dsywmBJNPG3MEtH,New Islands,2.22,DJmegan23,2024-12-20,2024,remix
39HMjnlb9tQrXDtEq7Jsxf,MUTT,3.22,Leon Thomas,2024-08-29,2024,remix
5R83UKYem3OpSmWCvE3Yax,New Generation - Space 92 Remix,3.92,"Layton Giordani, Space 92",2024-04-26,2024,remix
2f1RJilcMugU4k5PKECWSc,"New Friends Silver, Old Friends Gold (Matt Pop Remix)",3.64,RuPaul,2024-01-05,2024,remix
1olvJzOFYWbtbzSli2nSwD,SUNDOWN,2.06,Fordo,2024-03-01,2024,remix
7Eu9DsHBldOztErSo7erCq,ESA NENA REMIX,2.24,"NEMJ, Martinwhite",2024-01-17,2024,remix
59GU1pcv0WyBirbygf0pVY,Older - Drill Remix,2.11,Dekingbeatz,2024-03-11,2024,remix
6h17knlq0qejNZWYWaCO6H,Old Stories - Gajumaru (Revisioned),5.76,Yaima,2024-02-24,2024,remix
7xex9xZGtq5HNu3oQ2bE7v,Sueños Soleados - Melodiesinfonie Remix,4.08,"John Beltran, Melodiesinfonie",2024-08-16,2024,remix
07sJ1L41wKgDKSq596tUji,Get Lucky - Nikko Mad Remix,2.55,"Karen Souza, Nikko Mad",2024-07-05,2024,remix
2B0xND8Y5274NEEF5hZtPQ,Words - Blue System Remix,2.52,"Eve St. Jones, Blue System, Ronan",2024-06-07,2024,remix
4xBEK0sYzNXrZqc1li0YZ8,Numb - Remix,2.67,Ituana,2024-05-10,2024,remix
23CC1Irs7hkCBELLOMhIOe,Dance Hall Days - Ronan Remix,2.45,"Lizette, BossArt Ensemble, Ronan",2024-11-15,2024,remix
445OTPFP56YzzFxGgKOuGF,Mix Perreo Intenso 2024 - Old School,5.26,Cristhian Remix,2024-08-22,2024,remix
44aKwjQWjihqUAAV6ApCn3,Symphony - Remix,4.5,"KARBeats, Yan Block, Brray, Joyce Santana, Miky Woodz",2024-04-18,2024,remix
6N19eFizGDxZs9sCSalsaX,Kingdom - Bless You Remix,3.76,"PRISMA, Bless You",2024-03-08,2024,remix
0o8b3VK8fmBfPAMiQ2GgsM,Lights - Ronan Remix,2.43,"The Cooltrane Quartet, Ronan",2024-05-17,2024,remix
0Z5zL4dVh34tKL5Lo6elv3,People From Ibiza - Ronan Remix,2.54,"Stella Starlight Trio, Blue System, Ronan",2024-11-01,2024,remix
4Dc1ec62UbSwmotE62HMU3,Viva La Vida - Remix,2.7,"Michelle Simonal, Nikko Mad",2024-02-16,2024,remix
1UMJC5O3zDAiO9fhF1WTTb,Golden - Klub Rider Remix,2.66,"Jamie Lancaster, Klub Rider",2024-06-21,2024,remix
3eroa1h2U9wBaYstOqzOKV,Ain't No Sunshine - G-Spliff Remix,2.32,"Karen Souza, G-Spliff",2024-10-18,2024,remix
1LPwtnf0ErVnTcVGWwE2Iv,Polarity,3.01,Sum Wave,2024-03-05,2024,remix
4Ckh6SfUCsmsF3SsPghRh6,Lost - Remix,3.02,"jady, Meezy24k, YCN Tomie",2024-06-26,2024,remix
0VWayAeovmiY52OeltaRo9,Lost In Mumbai - IMANU Remix,3.38,"Apashe, IMANU",2024-12-20,2024,remix
3d1sRLMVrXnCBawEZo69bR,Lost at Sea - ANNA Remix,4.9,"Rob Grant, Lana Del Rey, ANNA",2024-02-09,2024,remix
1A354pywAz0qZmMvTXauyK,Lost in Life - Roosevelt Remix,3.98,"FIL BO RIVA, Roosevelt",2024-11-08,2024,remix
01mT79q8TxozkvsE9imE5i,Lost The Love (ChopNotSlop Remix),2.71,"BigXthaPlug, OG Ron C",2024-11-13,2024,remix
6QEiVfMBSnYRhDi0x4ieUe,Lost In Space (Mochakk Remix),3.78,"Foster The People, Mochakk",2024-11-01,2024,remix
11tG1suRaysFEZ01irbUTL,Lost In Space (PNAU Remix),3.6,"Foster The People, PNAU",2024-09-27,2024,remix
0AVHxaVk4idIDz7LOyLfSD,Lost in You (Remix),3.8,"Jade Novah, Kevin Ross",2024-06-14,2024,remix
6GcKSwOmfSoDJl5xXRGN83,Lost And Found - The Midnight Remix,3.76,"Chromeo, The Midnight",2024-10-04,2024,remix
3Vp3FEuzgjiyXZaQRDPaP7,I'll Be There - remix,2.66,"Lost!, Yuno Miles",2024-05-24,2024,remix
6PqYJEu1cxp2ATlk3GrXQg,Blockbuster - Lost Stories Remix,2.58,"Faris Shafi, Umair Butt, Gharvi Group, Lost Stories",2024-06-20,2024,remix
43Qp9tVsNc3JnENuzIFnGV,Lost - Remixed & Remastered,3.47,Haste The Day,2024-12-13,2024,remix
6WvcpaM86QRcZmuJN07Wvu,"Thunderclouds (feat. Sia, Diplo & Labrinth) - Lost Frequencies Remix",3.31,"Sia, Diplo, Labrinth, LSD, Lost Frequencies",2024-11-30,2024,remix
3KFtSOE6NRet8BKAb7yQGO,Lost In Mumbai - IMANU Remix,3.38,"Apashe, IMANU",2024-12-19,2024,remix
1ZMqnplIKhePId4BOSoJCm,Lost in Life - Roosevelt Remix,3.98,"FIL BO RIVA, Roosevelt",2024-04-26,2024,remix
16vVJX2ujN48gQ1CuvDhwo,Lost In Mumbai - Synergy Remix,4.14,"Apashe, Synergy",2024-12-11,2024,remix
5e0IwPSBHUWXVb6oNHCUFA,A Little More Lost - RUDY Remix,3.19,"Georgia Ku, RUDY",2024-02-02,2024,remix
3Ut5uWacdSu5aE4BaFhCFf,Lost In Space,4.32,Foster The People,2024-11-01,2024,remix
2kYAp4JSXQ6YrcfMJshenj,LOST SEASONS,4.16,"Miami Horror, RAC",2024-11-22,2024,remix
6VsSs9vUOiF2u0LxTf4V6c,Tragic Freestyle 2 - Slowed Down,1.61,"so so, DJ Ess",2024-03-04,2024,remix
6UmxwVPxvHkRacBjMXIqDN,Help Me - Remix,2.03,The Real Meladee,2024-09-03,2024,remix
20c8JyEhYuPFOH2qZ0CwDZ,Freedom - Body Ocean Remix,3.68,"Steve Angello, Body Ocean, Pusha T",2024-02-09,2024,remix
56fEAiNqpxoJt8vCfP3dqh,Free (Marley Carroll Remix),3.72,Koresma,2024-05-31,2024,remix
1Tw3HGStxP4jggOvYZXqS9,Hood Olympics (feat. Freeway) - Remix,5.02,"Albee Al, Jadakiss, Benny The Butcher, Freeway",2024-10-04,2024,remix
0LFxpb0owWPoN4lbRxYcXr,Free Your Mind - Luch Remix,4.34,"Boddhi Satva, OVEOUS, Luch",2024-03-22,2024,remix
15dMHECy9Lh9zg4cUoV8wC,Tragic Freestyle 2,1.43,"so so, DJ Ess",2024-03-04,2024,remix
7f8cawHXZb4CbnVOuYRYhi,Tragic Freestyle 2 - Sped Up,1.28,"so so, DJ Ess",2024-03-04,2024,remix
5teofOpFb6BllwQT8OmqIf,Free (with Ellie Goulding) - Nicky Romero Remix,3.74,"Calvin Harris, Ellie Goulding, Nicky Romero",2024-10-04,2024,remix
5BZdyRrJ1uBLGoXWtg2lFK,Free (with Ellie Goulding) - Joel Corry Remix,3.06,"Calvin Harris, Ellie Goulding, Joel Corry",2024-09-08,2024,remix
1UUgZa1nMXc5yQjscmjFYo,Free (with Ellie Goulding) - Arielle Free Remix,4.05,"Calvin Harris, Ellie Goulding, Arielle Free",2024-09-27,2024,remix
0CMeGTNrjdrqisLBiaNp7v,Mugshot Freestyle - The Northern Boys Remix,2.44,"Pete & Bas, The Northern Boys",2024-11-22,2024,remix
3QzQ9j6Gm1XW5xsjq3DHUI,Free Palestine,2.75,Abe Batshon,2024-10-07,2024,remix
4PI6EvqEvYHP8pAZLtMLVA,Freefall (Justin Hawkes Remix),4.05,"Metrik, Justin Hawkes, Reija Lee",2024-04-26,2024,remix
5CNPjP7cgEUUCDh6c7AOH3,Free (with Ellie Goulding),3.54,"Calvin Harris, Ellie Goulding",2024-09-27,2024,remix
2oi7x8SJpy9LLOHALxTEdS,October 1971 - Hoodtrap Jerk,0.84,fallen angel,2024-09-07,2024,remix
5CDb2nA2rr9tNIM8Tp8ftr,Freedom - Club Mix,5.97,"Revival House Project, Peyton, GeO Gospel Choir",2024-05-31,2024,remix
5GesmkAtzhuT1q6kKZ5im9,Freeing The Mind,2.45,The Journey of J.P. Lewis,2024-09-19,2024,remix
6qmXwd2sMnCzBJOwWTL7Qi,Free (with Ellie Goulding) - Joel Corry Remix,3.06,"Calvin Harris, Ellie Goulding, Joel Corry",2024-10-11,2024,remix
0wYI9ob0NLlUJTkSC3a4yV,Drifting (SISTEK Remix),3.97,"Tiësto, Poppy Baskcomb, Sistek",2024-08-23,2024,remix
52J5G1z4DN0EWeAVsW7Uob,NOW IT'S GONE - ELY OAKS REMIX,1.91,"IN PARALLEL, Ely Oaks",2024-11-22,2024,remix
553OQNYxwwSgVRMr1nW2J9,THE CHICKEN WING SONG - REMIX,1.93,"Keiron Raven, Trap Music Now, Kids Music Now",2024-03-04,2024,remix
1ssJjiolZ0VQuo81JQzIyQ,Wild (Alex Now (ES) Remix),3.58,"James Hype, Alex Now (ES)",2024-06-28,2024,remix
43RgOwrqDyZolcXzllafew,Now You're Gone - Sped Up,2.61,HARDSTYLE DEMON,2024-11-22,2024,remix
2lwBXGqZWYetTDg2iR8SAx,NOW WE ARE FREE - TECHNO,3.33,FUTURAMI,2024-06-12,2024,remix
78P8HV0Qt6JkLyelUPkqj2,Now Show Me Your Smile,2.78,Madoi The Maid,2024-08-09,2024,remix
5XCyI5ldTe0qFnrRZHYo7Y,Now and Always - Remix,3.38,"Kotrell, Bridget Blue",2024-10-10,2024,remix
6VgK7Zw0TCOM8ahg11Tm9s,Now And Then,1.7,"The Remix Station, golden era, lofi.remixes, The Rolling Beats",2024-01-12,2024,remix
7HNJqGAaF2AwTmA0lMLSIB,Hold Me Now - 2Black Remix,4.3,"Luca Peruzzi, Luca Facchini, 2Black",2024-02-23,2024,remix
7CPUqolzjRHXKqOVjg5ikP,Need You Now - Ronan Remix,2.58,"Style Project, Ronan",2024-05-03,2024,remix
3dNig9IWRMyJeyvWVkCr8L,Now We Are Free - Hardstyle,3.11,Kokwak,2024-03-01,2024,remix
6j4todvJ6Jx5LwivcM13Ao,Lollipop (Techno Remix),2.86,"Now O Later, TARS.",2024-01-08,2024,remix
3MiRp3R8vm9dwwxcZIWU06,Now Or Never - Craig Connelly Remix,3.81,"Daxson, Nation Of One, Craig Connelly",2024-02-23,2024,remix
0gMA1ODS1u8jqHuMspJbAz,Who Can It Be Now? - Ronan Remix,2.73,"Stereo Dub, Karen Souza, Ronan",2024-04-12,2024,remix
4kWhqYsefw1Eq99t8aQv8q,Drown Me,2.66,Dasha,2024-02-16,2024,remix
46eLkbOwdgEdu1BARwo77c,NOW IT'S GONE,2.39,IN PARALLEL,2024-11-22,2024,remix
7KgCed5KfWY0Z4gew5sknm,Stayed Gone - NerViSon Remix,3.0,"KittenSneeze, NerViSon, Bbyam",2024-02-16,2024,remix
5GFXl6uAUANwLkTeZmyr2R,"She’s Gone, Dance On (Carlita Remix)",3.57,"Disclosure, Carlita",2024-07-05,2024,remix
4mEaqcpjuVP8P2yunIAezh,AND I'M GONE - BUNGEX! REMIX,2.55,"BUNGEX!, femtanyl",2024-03-20,2024,remix
3pbSkMXwGHblxgNoR0oN5f,FREAKSHOW,2.99,gonedark,2024-05-10,2024,remix
1DkvS69OM61MowelqAfDSJ,"She’s Gone, Dance On (Todd Edwards Remix)",3.24,"Disclosure, Todd Edwards",2024-07-26,2024,remix
6rHen83Vy62TQbTgKayl9j,"She’s Gone, Dance On (Hamdi Remix)",3.0,"Disclosure, Hamdi",2024-08-09,2024,remix
0CrR0or3xzw0AGqPjxb0MH,"She’s Gone, Dance On",3.78,Disclosure,2024-07-05,2024,remix
05X7MSuKJ8CN2HI3Pd6Fst,Shapes in the Spray - Gone Remix,3.81,"Klangphonics, GONE",2024-01-12,2024,remix
2PBgpLXRhMrriBTaTvrELV,World Gone Wild (feat. Sam Martin) - Marten Hørger Remix,2.47,"Robin Schulz, CYRIL, Marten Hørger, Sam Martin",2024-12-13,2024,remix
33uMc1yndmLVFgnrAkGE2Q,Gone Deep - Mashup,2.41,"LookedatHerFore, Jamvana",2024-06-13,2024,remix
75nfK7NUF4bPbKwfR59s7e,Where Have They Gone - Remix,3.41,TABLEnine,2024-08-09,2024,remix
4NB6M7ZAOnE5MnMn5Y2rna,"She’s Gone, Dance On",3.78,Disclosure,2024-08-09,2024,remix
3uGy9HXGCmsQdqTM7dNcT0,"She’s Gone, Dance On",3.78,Disclosure,2024-07-26,2024,remix
1E3bD3DEr4wtSk7C9EqsFp,World Gone Wild (feat. Sam Martin) - Matt Sassari Remix,2.34,"Robin Schulz, CYRIL, Matt Sassari, Sam Martin",2024-12-27,2024,remix
3m1OuD8KJKDoDgbgYPKju4,World Gone Wild (feat. Sam Martin),2.44,"Robin Schulz, CYRIL, Sam Martin",2024-12-27,2024,remix
0x84Q3h9y1lFWZXJs7G3ma,World Gone Wild (feat. Sam Martin),2.44,"Robin Schulz, CYRIL, Sam Martin",2024-12-13,2024,remix
51R4pxSSHmIoiwuCYhdSBO,"Gone For The Night (feat. Liam Bailey, BackRoad Gee, Scrufizzer & Shakes) - Herbz Remix",3.71,"Disrupta, Rudimental, BackRoad Gee, Scrufizzer, Shakes, Herbz, Liam Bailey",2024-11-01,2024,remix
3wHbYADUo6Jj2YjPPXYZKr,BACK TO LIFE - MashBit Remix,3.81,"Angrybaby, MashBit",2024-10-25,2024,remix
4ASH49SxktKD1YzIbqUP0N,Go Back (feat. Julia Church) - YDG Remix,3.5,"John Summit, Sub Focus, YDG, Julia Church",2024-10-11,2024,remix
3ieMtH0CE9HmQyghqkdm8Z,BACK TO LIFE - Midnight Dance Party Remix,3.19,"Angrybaby, Midnight Dance Party",2024-12-06,2024,remix
2eoM4LHHpjFKHzkTiOSXqW,Wells Fargo / Backroom remix,1.86,BoofPaxkMooky,2024-06-25,2024,remix
0n0MTPuiHAxeTNtPsAWeVm,Hey Hey - Jack Back Remix,2.49,"Dennis Ferrer, Jack Back, David Guetta",2024-02-02,2024,remix
6MYEUJvfayr3aOyhlSL9Z0,BACK TO LIFE - MashBit VIP Remix,5.05,"Angrybaby, MashBit",2024-10-25,2024,remix
29wdCFvQTdiUPMPPlGxLss,Back On 74,3.49,Jungle,2024-02-23,2024,remix
7KuVD2ISV7RO8dGnugfEn4,Trola - Remix,2.42,"Yailin la Mas Viral, Mestizo Is Back",2024-01-11,2024,remix
0t2eRVTGVucYgn7WZksk23,KNOCKIN' BACK BALL CAPS (SCALE REMIX),2.88,"949PAYA$o, Lx Silent",2024-03-08,2024,remix
0kUpJVpVPowCDLYSswDqpB,Back On My BS (ChopNotSlop Remix),1.92,"BigXthaPlug, OG Ron C",2024-11-13,2024,remix
3zHO5ZDRZAYgbV2qZC8sKb,Turn Your Love Around - Back2Back Remix,2.99,"George Benson, Back2Back",2024-03-22,2024,remix
3F2wdWhOUH3hPvHkyoa7Hi,BING BONG (Remix) [feat. Sexyy Red],2.78,"BlakeIANA, Sexyy Red",2024-11-15,2024,remix
01bm2bOFAqev8ISXyZPcTo,Backwards - Dirty Danger Remix,2.36,"Jorja Smith, Dirty Danger",2024-05-24,2024,remix
6rWikuvPggAlXkqhlYwG3Y,Back On 74 - Full Crate Remix,2.9,"Jungle, Full Crate",2024-04-05,2024,remix
6XOP4J7HW2Dvpcg6uanWlV,Wild (R3WIRE 'Back To 95' Remix),3.1,"James Hype, R3WIRE",2024-06-28,2024,remix
54jmAnww3IrPYnOCZYa3ds,Backwards - Dirty Danger Remix,2.36,"Jorja Smith, Dirty Danger",2024-10-11,2024,remix
2juhKcjDTSrvaIGfxNR7h5,Love me Again - Remix,3.63,"Lil Gotit, Lil Keed, Mariah the Scientist",2024-06-28,2024,remix
6Z5pIKRiv7Gdtjx33pEhLL,Single Again - West Coast Remix,2.93,Josh Ross,2024-10-25,2024,remix
0nNbfveeYhii8m0bGIOnpW,Kiss Me Again - Hardstyle - Sped Up,1.27,FXLSE,2024-02-24,2024,remix
3TRYt6PKk9ksrJzKxtObvY,Kiss Me Again - Hardstyle,1.46,FXLSE,2024-02-24,2024,remix
5piqVRpwbBnnHJGOGdEq4n,Whole Again (Remix),3.4,Dj Michel,2024-05-24,2024,remix
1tZMhhllqKYTMku8O2FTgS,Turning Stones - Mind Against Remix,4.2,"CamelPhat, SOHN, Mind Against",2024-05-10,2024,remix
1D9O0EWLy7o7izlRO8xsXz,Again,2.98,Trophy Wife,2024-10-04,2024,remix
5fOWkVIO2NF5VuFw2kLmMt,Single Again - Down South Remix,2.98,Josh Ross,2024-10-25,2024,remix
1YFm2PJO91VpqxX6ZqZ1FR,Again - JRMX Club Mix,6.74,"Jessica Sutta, Kemal Golden",2024-09-24,2024,remix
37ebkeBtuT4Am3qb98HHOL,Marmite - Fcukers Remix,4.01,"Porij, Fcukers",2024-12-02,2024,remix
3X8KychAfO61RwogOVU4lg,places to be - MESSIE remix,3.66,"Fred again.., Anderson .Paak, CHIKA, MESSIE",2024-07-19,2024,remix
4sUNETrVRQx5pNNMIiLBzA,Try Again - David Penn Remix,3.09,"James Mac, Vall, David Penn",2024-03-29,2024,remix
2gdU0der20fluEgsDx4uT0,Try Again - Holseek Remix,4.4,"James Mac, Vall, Holseek",2024-04-19,2024,remix
1IzwXVy0gWdzAJENFf7OdK,Kiss Me Again - Hardstyle - Slowed Down,1.82,FXLSE,2024-02-24,2024,remix
6agANN1HifnqU7nmR87pR4,Born Again - Remix,2.87,"Mentol, Dia",2024-08-19,2024,remix
75TAnVjc1RIxfhDs5MZSXM,Tuvan (ASOT 1191) - Mëlbëc & Against All Ødds Remix,2.82,"GAIA, Mëlbëc, Against All Ødds",2024-09-19,2024,remix
4yI5uawYYsKdvkOLulOnav,"Penny Pincher (Remix) (feat. G Herbo, Luh Tyler & BLP KOSHER)",3.73,"Dumar 1k, G Herbo, Luh Tyler, BLP KOSHER",2024-11-08,2024,remix
0FrhRZFctEfmdSBVCKrsvA,Espresso,1.81,"midnight Berlin, Meric Again",2024-05-17,2024,remix
6ela7oGjcs7g9C7RmzgJu9,Unconditional feat. Rationale - Girls of the Internet Remix,3.83,"Quantic, Rationale, Girls of the Internet",2024-06-26,2024,remix
2DYKg7ENQaO96GgyHL3nDP,Proof (Remix) (feat. Limoblaze),3.58,"Aaron Cole, Terrian, Limoblaze",2024-08-23,2024,remix
5KChksVHlMKZEtSjDBop4G,Forever Young,3.14,LABACK,2024-10-28,2024,remix
2FI0dWAzVHaZtaZv8pWS8s,Forever Young (feat. Ava Max) - Hypaton Remix,2.62,"David Guetta, Alphaville, Hypaton, Ava Max",2024-10-30,2024,remix
7MivXlOJSElWcNPSRWMpkc,Forever Young (feat. Ava Max) - CYRIL Remix,2.22,"David Guetta, Alphaville, CYRIL, Ava Max",2024-12-06,2024,remix
3PDmzCtFUJST8PprT7lzKQ,Forever Young - Remix,2.13,"Jazzystics, BOGU",2024-01-19,2024,remix
18WUI4pdq57zE6xYHoNiV3,FOREVER - Amapiano Remix,3.27,"Vince & The Valholla Empire, ADN Lewis",2024-04-10,2024,remix
7bXlm6kIcGEvHtCl4DhkBO,Holy Forever - Remix,2.42,"Gui Brazil, Antonela Castillo",2024-03-15,2024,remix
1lWiQ34sGK1i862zAFiRNW,Forever 2 (Crush Mix) - Malugi Remix,2.96,"Confidence Man, DJ BORING, MALUGI",2024-03-29,2024,remix
29fQGTIrpgS4T1RwAmS8GJ,Forever Young (feat. Ava Max) - Don Diablo Remix,3.46,"David Guetta, Alphaville, Don Diablo, Ava Max",2024-12-20,2024,remix
7pXb4KUm6gz65TAH6BsX5e,Forever Young (feat. Ava Max) - CYRIL Remix Extended,3.08,"David Guetta, Alphaville, CYRIL, Ava Max",2024-12-06,2024,remix
5AXcKKJHHo00g6W0AQUzgs,Forever Young - Remix,4.79,Forest Vibes,2024-10-04,2024,remix
6zt1DQs6ukTGL9wQB328m6,Forever - Remix,2.38,"Lil' Mo, FlowBoyDuce, Dsparkz",2024-06-20,2024,remix
1vkrr7SqVAM9S31CzQfa1P,Forever Young,2.62,"David Guetta, Alphaville, Ava Max",2024-10-30,2024,remix
2phKqgjOsvMyfDYRJ2K3ld,Forever Young - Techno,1.99,"HYPER VISOR, rks.",2024-10-07,2024,remix
1jqtlf0WmMQgm5Xr8B8fIL,Forever Young (feat. Ava Max) - Hypaton Remix,4.31,"David Guetta, Alphaville, Hypaton, Ava Max",2024-10-30,2024,remix
1ljREtKeds2VCKdLcJ9cmg,Young Forever - Remix,2.97,"Roy Tosh, PEABOD",2024-03-08,2024,remix
3yDmTMT7yzowVr2CfPqoUN,Like Forever - Hernan Cattaneo and Kevin Di Serna Remix,4.74,"El Mundo, Zazou, Hernan Cattaneo, Kevin Di Serna",2024-04-12,2024,remix
0mWSb5AmYeP6GGdOBMEq4Y,forever. (Remix),2.28,"Tanger, ISSBROKIE",2024-05-18,2024,remix
1FcKQsH3C73Bwxx68M0tyQ,B's Up (feat. Jay Rock) - Remix,2.83,"Rucci, Jay Rock",2024-06-07,2024,remix
3lEzt8kae6iWq3LWfDJbR9,Think of You - Ninajirachi Remix,3.41,"Becca Hatch, Ninajirachi",2024-06-06,2024,remix
08ib9ereialnBemKtDrPNQ,Tonight - Remix,2.64,"Nikita Kering', Lilmaina",2024-08-22,2024,remix
5tLCZ73pEFUzxEd1W4DeCs,Tonight (D.I.Y.A) - Pitbull Remix,2.53,"Jax Jones, Jason Derulo, Pitbull, Joel Corry",2024-08-16,2024,remix
4rcNXMqeqbSqXfZv5BCSn0,Tonight Louie Vega Remix,8.38,"musclecars, kamaal, Louie Vega",2024-07-19,2024,remix
2CZILVCjJI3eKbrfp266yk,Never Going Home Tonight (feat. Madison Love) - HEADER Remix,3.06,"David Guetta, Alesso, HEADER, Madison Love",2024-09-20,2024,remix
1VXdQNv1zOD5V30u0NKzti,The District Sleeps Alone Tonight (Sylvan Esso Remix),4.76,"The Postal Service, Sylvan Esso",2024-08-22,2024,remix
7AdpmWuExQzm6Cwcb6VzQG,Save Tonight,2.99,I.O.YOU,2024-11-29,2024,remix
1GEectX7PT75W3nRUCBkpb,Tonight (D.I.Y.A),3.02,"Jax Jones, Joel Corry, Jason Derulo",2024-08-16,2024,remix
2QuuH4LACh4BZbVjOjSuwp,Tonight (Ryan Case Remix),2.2,"Shallou, Ryan Case",2024-03-08,2024,remix
27rCxWbLpgZ5ou1gPgTc6h,Living For Tonight,2.56,Phil Walker,2024-01-19,2024,remix
50x4eal0OI1SH2QCsNkbNN,Tonight Tonight - Foínix & Rolipso Remix,3.13,"Hot Chelle Rae, Foínix, Rolipso",2024-07-05,2024,remix
0Htc2I6hJbnaP2AVqRbxIk,I JUST WANNA BE WITH YOU TONIGHT,2.09,APOST,2024-06-07,2024,remix
5mfxm3CjWimTcvOLucJz9w,In The Air Tonight - Amal Nemer Remix,1.82,"Kevin McKay, Amal Nemer",2024-11-22,2024,remix
3UN6F7yFPPN5Y8Yjoq78Lj,I Want You All Tonight - Original M+M Mix,6.18,Curtis Hairston,2024-01-05,2024,remix
3hnezqzLLVNNVLKVgZL9q7,I Feel You Tonight - Clubmix,4.91,Nari,2024-01-19,2024,remix
5koSdj87Bl6D7IzEDKLCNA,Waiting for Tonight - Pessto Remix,2.95,"Jennifer Lopez, Pessto",2024-05-31,2024,remix
3OsDbMZzMrlwB40gcpxgTE,"Never Going Home Tonight (feat. Madison Love) - HEADER Remix, Extended",4.0,"David Guetta, Alesso, HEADER, Madison Love",2024-09-20,2024,remix
0znQfZSluraTNVo8Fg6mHs,Never Going Home Tonight (feat. Madison Love) - KAAZE Remix,2.71,"David Guetta, Alesso, KAAZE, Madison Love",2024-09-27,2024,remix
03ae0IK0sneAcQuqJ3V4Uy,Tonight I'm Moving - ElmyX Remix,2.91,"ALRT, ElmyX",2024-02-08,2024,remix
7zkYND3Pu655l7zjnjBo0W,In The Air Tonight,2.97,"Blvck Cobrv, Gigi Nally, PACANI",2024-11-15,2024,remix
3U1m5QboYQRCNgySwPHTyy,Hey Daddy - Daddy's Home TikTok Remix,2.17,dreamsoda,2024-01-06,2024,remix
1L41XaqfCwNzIf7zpDGfAn,Dreaming of You - Remix,3.07,"DXRYL, The World Is Yours, Noir",2024-02-01,2024,remix
1tA2wZ3fhp6C4Xj8oR9IHs,Dreams,5.63,Block & Crown,2024-03-08,2024,remix
6OspHlGWEYUf9BB2EMw1Vr,fish - Slowed Down,1.64,d2s1,2024-05-30,2024,remix
5yGLh7aNxsNsKlZ1DJuNxY,Girl of My Dreams - Slowed Down,4.13,Guti,2024-02-16,2024,remix
4IWxWBqHzjiPSFWQC7EhfH,Recurring Dreams - Lowcation Remix,2.48,"Josh Teed, Lowcation",2024-02-02,2024,remix
3nAJkV88NsDy9CdXlfGuc5,Teenage Dream - Hardstyle,2.91,Wild Angel,2024-09-28,2024,remix
5L8tEQyav0nkMsYpi94HHA,Interstellar - Summer Version,3.17,LABACK,2024-07-06,2024,remix
4u34AwcGyX2nfZu4t5QPbb,Dreams,4.26,Milla Knight,2024-11-29,2024,remix
6w1YKcOPRp9fvrO3F56GB8,Oblivion - Slowed,2.18,dreamsoda,2024-09-11,2024,remix
2x4NYYBenBo4A5Qx7VAS8i,Dream - Remix,5.64,"Pizza Hotline, Jagex Audio Team",2024-09-03,2024,remix
1rr530tdB9QnqcUpnL5dWj,Girl of My Dreams,3.72,Guti,2024-02-16,2024,remix
6qxSvnSvwA6slCFoIVKgZY,Núcleo Funk Dream,1.9,Anar,2024-04-15,2024,remix
4hGlkXVz8qRzvnRDI7NKIV,It's A Dream (T78 & Don Paolo 2024 Rmx),3.38,"DJ Panda, T78, Don Paolo",2024-09-27,2024,remix
463zTwEyXMNRqAq3ji5qEA,dreamstate - Slowed & Reverb,1.62,suffershade,2024-08-07,2024,remix
0JwGnnL56XImqvqfNuRvJV,Dream (Adrenalize Remix),3.39,"Showtek, Adrenalize",2024-04-26,2024,remix
1BjMI4cfKabjijKZkZEz9d,When I Dream Of You - Slowed,3.62,"Reed Wonder, Aurora Olivas",2024-01-31,2024,remix
0psYkvZKoVG73ulGFdQ6aa,Dreaming - Bill Zimmerman Remix,2.81,"Blue October, Bill Zimmerman",2024-12-14,2024,remix
7c3YkPGBLWhqhLwbUHSInq,NIGHT OFF,2.89,"Isaiah Falls, Sasha Keable",2024-12-13,2024,night
57G4kEAuP7muC8UzZXtcVi,NIGHTS LIKE THIS PT 2,2.77,The Kid LAROI,2024-08-09,2024,night
6htgZjqY0b6J45TatdgBhQ,The Night Is Quiet,2.3,Calmly,2024-10-25,2024,night
2uSBAozPctnLHkkK0XpRc3,Night Flow,2.17,Calmly,2024-09-06,2024,night
7AUq5dHk5An12JSU8IIqsT,Night Waves,2.27,Calmly,2024-06-07,2024,night
4xlkIVboOY2plOALp9bqD8,Night,3.0,keshi,2024-09-13,2024,night
6c0rii1TOf2fvq3hhqqExW,Nights Like This,3.87,"Future, Metro Boomin",2024-04-12,2024,night
6OrvXlYgTwdywGn0MNOltG,Night Glow,2.2,Soothing Oasis,2024-10-22,2024,night
00ju8gshHD67on6Aqh83Pb,American Nights,3.65,Zach Bryan,2024-07-04,2024,night
74fnS63JH0L2vIan7siS9X,Night Drive,3.67,RUBII,2024-04-10,2024,night
4hmdPYCMXwvuM9dyrlKWRn,Night Club,1.85,Tenda,2024-05-18,2024,night
7yyh7A5HbDneP4pLZlV62h,Nightcrawler,1.56,Lil Scoom89,2024-05-07,2024,night
2KejCKgm7l3uefW9cFt8cH,Nightcall,2.99,"Kavinsky, Angèle, Phoenix",2024-09-20,2024,night
7ckNnMlGNSyjQKcEBihZrp,Nightcrawler - Instrumental,1.01,fam0uz,2024-01-24,2024,night
2hPJoDkYIFIBMpQWh3cLAo,Nightvisions,3.94,Liana Flores,2024-06-28,2024,night
0f9qVCAeIFah1m0R7IgmQg,Winter Nights,2.37,Calmly,2024-12-20,2024,night
57flcTcVRtzuJjVZn18dGu,"Cold Nights, Warm Dreams",2.33,Calmly,2024-12-20,2024,night
7yz8ndDu1r0EgaeLsKU5Ho,Night Breeze,2.49,Laurent Emmmerling,2024-09-13,2024,night
31H5VErNAcL0GWnH20fDoi,nightmares - Super Slowed,3.45,skyfall beats,2024-10-12,2024,night
6EUcP55GlbmsmCzfL2vxtZ,on one tonight,1.51,Gunna,2024-05-10,2024,night
5Efkd5bBqOZsGKzS34nsqh,NIGHTMARES,2.31,GODHANDUSA,2024-08-31,2024,night
3E61syg5r1kd0ZYeYGMTQx,Whispering Night Melodies,3.33,Musiscape,2024-11-23,2024,night
2HWogzHGTVaCYoj3ZRVwRa,Goodnight Menina 3,3.48,"Mc IG, DJ Glenner",2024-03-21,2024,night
1WZ43lepi3dDtruxqeaZpg,Nightmare,2.62,"RJ Pasin, Ichika Nito",2024-10-11,2024,night
02TCadjsTeBTLqnFYd0UIv,the night we met - acoustic instrumental,2.13,"Edward Ong, Guus Dielissen",2024-04-08,2024,night
2xtWIzCHChlDoHuTuzMVEk,Night Time,2.7,Shordie Shordie,2024-05-10,2024,night
107zDLC7hpKe2ux2oUHEFM,Nightmare (The Devil),3.34,Fame on Fire,2024-09-06,2024,night
7gFmfEzPglXsbSIIIhiKPj,A Night Melody,2.38,Slumber Cloud,2024-05-30,2024,night
53GsBWJ6JdqBAHXGSq2C44,Nights End,1.62,Rola Young,2024-11-29,2024,night
555fO8L0rhL8DXo8La6nK7,Night Soakings,2.23,Rain and Chill,2024-06-10,2024,night
5HxbfL1ptznjeYQJFLLNSg,Middle Of The Night,3.69,Jacquees,2024-11-01,2024,night
4pjFNyjGaoKgLTnndISP6V,Color Your Night,3.79,"Lotus Juice, Azumi Takahashi, アトラスサウンドチーム, ATLUS GAME MUSIC",2024-04-24,2024,night
4t6fNE7JadOLuJiehoWS1o,my dear i've been waiting all night,1.7,crayon,2024-10-25,2024,night
1LwYxucxNaw2MazAs2okBw,My Greatest Fear,3.55,Benson Boone,2024-04-05,2024,night
7vNediB8fWqCQfSZ2hOrIJ,One Night Dance,3.51,Randall King,2024-01-26,2024,night
4TVmM3vQLGEavTY1DJapYT,Comment Faire,2.36,"Mack H.D, Night Myl",2024-02-14,2024,night
7gDvDMEIlY8ocNh0OpptRB,Midnight Groove,2.32,Nova Night,2024-06-30,2024,night
40JTdS1Hj2XmHMwZwCuOFT,Midnight Garden,2.02,Avery's Ambient,2024-10-22,2024,night
2IQLoqeia1fWmzhcmAlIf6,My Bonnie Lies Over the Ocean,1.94,Tommy Twinkle,2024-02-16,2024,night
13KYrRMltOt7LPsaVJXie7,心が星になった夜 -acoustic ver.-,3.63,ざらめ,2024-09-04,2024,night
0oJhcYnFy6wx36jSFaDGuM,Friday Night Heartbreaker,3.42,Jon Pardi,2024-09-06,2024,night
6ihcFF84SHXRsWfPQ3dvod,Night Walker (Linne Theme) - UNI2 Mix,3.78,来兎,2024-04-10,2024,night
4Zk5JSZklL3yIT6J5n9j9t,Night Moves,5.66,"Dolly Parton, Chris Stapleton",2024-01-19,2024,night
3RhneE5YQcy3TphBlJfFuz,Nights Like These,3.0,"Jake Shore, CLUB INDGO",2024-06-14,2024,night
3Oq6tAANQSOlMhNFQWmLBp,Night To Remember,2.66,Tyler Nance,2024-12-18,2024,night
4pijpt6UFx4ed8Q0Hah2Vu,My Greatest Fear,3.55,Benson Boone,2024-04-05,2024,night
71FWo0vwiAntk6xAkh4WHE,Nightfall's Gentle Echo,3.27,Musiscape,2024-01-19,2024,night
2eKy9CfYP9UvmekhtBo1Da,Midnight,3.19,Elias Stone,2024-02-09,2024,night
6PvnUFN9puyLaLe372rcG3,My Mind,3.61,Elias Stone,2024-02-09,2024,night
2Q6XPsBiyLaMtdm2ZQFCCk,The Night You Killed Yourself,6.67,Sukkubys,2024-10-27,2024,night
0G3fI2EvhLAtBKZ66Tow9V,Young Love & Saturday Nights,3.27,Chris Young,2024-03-22,2024,night
2jBt7c8o1dDuyIIgepcNsz,you were there for me,3.26,Henry Moodie,2024-01-26,2024,night
3q5l0vbdnFlwQsK7Nks4mK,You Are My Sunshine,1.56,Tommy Twinkle,2024-02-16,2024,night
1JXktVXXWGLQOBgrDxou2h,Close Your Eyes,2.4,Calmly,2024-10-25,2024,night
7sDb2MqZdvulzRavioCCQe,Color Your Night,2.66,"Chewie Melodies, Pealeaf",2024-02-15,2024,night
7G9qPsXjFaUzV4ORwuwzvj,If You Were Here Tonight,6.18,Alexander O'Neal,2024-05-31,2024,night
43vhl97xRkKfBlYftoKB26,How Do You Sleep At Night?,3.23,Cody Johnson,2024-11-01,2024,night
4HBdHsVVPuZS9RioLAgaAN,Wine Night,3.82,Bo Staloch,2024-05-10,2024,night
5sd39CLgz750rFnOFgxFmV,NIGHT'S STILL YOUNG,2.77,Niko Moon,2024-11-22,2024,night
5Pg4sYnFfcELdxjIxDXDPE,Your Heart,2.75,"Lynnic, ItsArius",2024-10-11,2024,night
0oVQDjbgHx74V8IC64Euv6,You Thought (feat. Janelle Monáe),3.02,"Teezo Touchdown, Janelle Monáe",2024-01-10,2024,night
00pWGyCEWCQfvaW5775xMP,Your Little Life,2.47,Tommy Twinkle,2024-02-16,2024,night
0fbAK3hi3SDoXuzUA019VP,Night Is Mine,5.03,ULTRA SUNN,2024-09-06,2024,night
3ZftcverdhsR0HSlsEKRq8,Under The Night Sky,2.5,Calmly,2024-10-25,2024,night
3pXeeaDnbuiJlB5u4aSArk,Gentle Journey,2.2,Calmly,2024-10-25,2024,night
4mprvJxkzCdNH67KyPmGC4,The Night Is Still Young,3.79,Nicki Minaj,2024-11-22,2024,night
1lNKQWuqysF5mviYn43lUY,The Night Is Still Young - Epic Remix,3.53,djepic,2024-05-01,2024,night
42Akd8z71Riaf7oYCpvEUf,Our Night is more beautiful than your Day,3.21,NewJeans,2024-01-20,2024,night
2oL3ltFjVDa4nGap2vpzwf,Night Escape,2.85,"Nothingtosay, Suuna",2024-10-14,2024,night
1uZtagJz1ZjMWtzRM0b4Vk,The Night Is Still Young,3.79,Nicki Minaj,2024-11-21,2024,night
4aJlY9Zlb7QpPL3uFFhpxP,Over When The Night Is Gone,2.95,BowAsWell,2024-05-02,2024,night
3U7hItdxazrwnesUBPFruR,Night,2.1,Soothing Oasis,2024-10-22,2024,night
0kDFOAAigGT7wTvgCeTNRW,Night,2.06,Soothing Oasis,2024-10-22,2024,night
36brujMXvK6VR869nQwKZB,Wasted - Nightcore,3.27,"Murkish, Huken, harmony haven",2024-12-29,2024,night
3OTprFbNuj9OmxpzqJ71Nc,Nights,3.77,"awesomecat2011, wa$te",2024-05-06,2024,night
3JbRLZrdpkvP7jf8jbkeE6,Last Night Was A Movie,2.9,"Nic D, Fulton Lee",2024-09-27,2024,night
4UYMPoAzPFMkWUYa5t5Fpb,pink dress,2.89,Humble the Great,2024-03-22,2024,night
5snFgC1DedpQ5yhJINZ70A,circles,2.47,Humble the Great,2024-03-22,2024,night
2KxxHMFuYywGgU0VskNQHO,Washington Square,2.35,Jazzy Nightfall,2024-07-29,2024,night
37z3OpmY4mhcyOLNxlPJe4,Washed by the Water (CMT Campfire Sessions),3.27,NEEDTOBREATHE,2024-02-08,2024,night
0bUxuo0xhr9WfUcjJBhw3Z,dreams,3.37,Humble the Great,2024-03-22,2024,night
1Lsb9SBOH6Wgf0WuWkajX8,Wasted,4.25,"Murkish, Huken, harmony haven",2024-12-29,2024,night
1mLLnoBdruVsVsnadVXpFv,Wasted Again (Nightcore),1.62,"Murkish, Huken, Kaleidokitty",2024-11-15,2024,night
2aRAe3h0EXsTDtWgkLndL4,Last Night Was The Last Time,2.5,Beats By AI,2024-08-16,2024,night
6CdfsFpeR4vEUdDZtHK2oT,Wasted Again (Nightcore)[Bass Boosted],1.85,"Murkish, Huken, Kaleidokitty",2024-11-15,2024,night
0prarPTFil0Q1Uz5Wueumn,Words Unspoken,4.78,Night in Athens,2024-07-01,2024,night
74K46hkLehOTZXcYIWmjTr,what was i made for - instrumental lofi,1.69,Lowfie,2024-03-09,2024,night
1II7Rpz0ILbz3YfeWi8Nov,u.,2.66,"Humble the Great, Kamal.",2024-03-22,2024,night
5A7aINCrHYQ0JKDqZhfoch,ordinary love,3.21,Humble the Great,2024-03-22,2024,night
76XwOJbl9dBXSCYk2xjnlW,i don't like u,3.07,Humble the Great,2024-03-22,2024,night
43maMlN4Rlbpc9PO4cb6xc,Yesterday was a Rainy Day,2.6,Crescent City Collective,2024-07-29,2024,night
4jWCFYhDAqOLClw5dFvk8O,There She Goes,3.4,Benson Boone,2024-04-05,2024,night
39TvS8OLjrdKAQEkFAn2pc,Night before the end,3.43,Xdinary Heroes,2024-10-14,2024,night
0krhv81TlJ5qRGDJFoM76U,Night Vision,3.48,Jason Hersco,2024-08-27,2024,night
12t6mmYpY8VWdZHl8rwECh,Night of Fireworks,3.26,Xdinary Heroes,2024-04-30,2024,night
6q3jBCJ7g0ueOn2MVkB9tN,Hercules,1.93,Lelo,2024-03-01,2024,night
2T1fBnZtCo5Ael8D3WLW9a,Starry Night,2.13,Soothing Oasis,2024-10-22,2024,night
64ssnSXXTLqSNn7ioao1Gn,Venusian,2.13,Soothing Oasis,2024-10-22,2024,night
7EjA8NsWdvmYidR3SQgDv4,Goodnight,2.09,Soothing Oasis,2024-03-09,2024,night
3kaxZJIdQGEvvLabPWdiAD,Moment,2.37,Calmly,2024-01-06,2024,night
3JnSONNCcWipui0XoJu2jl,639 Hz - Dreaming,1.39,Shiroishi,2024-06-27,2024,night
4pvKSnenHAIrs1KFZoEVdO,i want her.,1.51,overtonight,2024-10-21,2024,night
4U8YoT8Vkt2kXmYj1fq6vE,i know it hurts,2.37,i wanna be a jack-o-lantern,2024-10-29,2024,night
6eEYejebuJbI9mKhNBdZAn,South of Here,3.12,Nathaniel Rateliff & The Night Sweats,2024-06-28,2024,night
30behtYNhMLWnMwXLNaHkz,Here We Go Round The Mulberry Bush,1.01,Harmony Night,2024-10-17,2024,night
6EjBhTg6lxHKiX1ZnDFDpW,528 Hz Dreaming,1.71,Shiroishi,2024-06-27,2024,night
22LBmF7ihxXo1bY8QlJgw8,852 Hz - Dreaming,2.11,Shiroishi,2024-06-27,2024,night
1Cip5HDoNzvDCd9SWrijjA,Boost Your Intuition - 396 Hz,2.55,Shiroishi,2024-06-27,2024,night
58sNPwG5jbenC6RElZePxD,Dreams,2.12,Avery's Ambient,2024-10-22,2024,night
5C1MENCtxAoZndxMkaVRJu,Him & I - Nightcore,3.9,TommyMuzzic,2024-04-07,2024,night
4Xun1u1G0gEK29V0Y2IlVM,Night Glory,2.69,Himika Akaneya,2024-07-17,2024,night
3jOdJJu8JlYec6BMiMHOyQ,Good Night Marie,3.16,"Yoga Lin, Terence Lam",2024-03-19,2024,night
6qOlmztNBhPn6FnF5QrbJq,Night of Weeping,4.08,Yoga Lin,2024-03-19,2024,night
21ZCmTUg6XevoZzBIuYwk5,Summer Night Wind,3.23,JUD 陳泳希,2024-11-08,2024,night
3hMDlCfJTZfCTF5zIce2Gf,ERASE HIM,1.5,CMTG MAK,2024-11-02,2024,night
0gHPKZCOC0He4CY4sCeovi,Reaper Always Calling,2.79,Lil Revive,2024-10-28,2024,night
6bCcXcPcOpkXzDKrFQVzK1,TAKE HIM DOWN,2.63,"CMTG MAK, BINO FALLOUT, 356 VILL",2024-11-02,2024,night
69zueJB84GTxj2aHkgjoHR,The Night Before Christmas,2.79,"Snow White, Grumpy, Bashful, Doc",2024-11-18,2024,night
3a2imFpaWjHAeZix5Mdsa2,him & i - nightcore,0.88,nightcore girl,2024-05-10,2024,night
6N03gMKiBkirzlQGAJIqfj,Night Sky Patrol of Tomorrow - Remix Live2022『Divine Flowers』,2.54,HIMEHINA,2024-04-26,2024,night
2JkKpIyuaioukwnGegZh5W,Fill The Void x Him & I x Blue Jeans - Nightcore,3.02,TommyMuzzic,2024-06-18,2024,night
6uaJwAPt31LKlZhOOUoftu,フェイクナイト・シンデレラ,4.6,"心世紀, 少女革命計画, 矢野達也, 御莉姫, 佳鏡院, 硝子宮",2024-08-09,2024,night
6SoCeIigbChADEvsAbu2Uf,Kill Him Again,2.05,TrapboyDre10k,2024-11-19,2024,night
71xqH5raYrFWkQXNpHUB4S,Waiting for Him,1.33,Tearless Night,2024-12-27,2024,night
3yWwFTD91e6oZTds6edkxz,Long Nights,3.66,"Brutha Rick, UTK",2024-11-08,2024,night
17dECYAXrscT4jLbPZKbRk,Dua for Protection from Evil Days and Nights,1.52,Quran,2024-12-16,2024,night
1anTYYqoKu5WSQrhNtTOMp,Night Continuum,2.6,Moon Whisperer,2024-11-01,2024,night
1k7vD3V5JdcYYodfmkBANS,Night Sky,3.32,Aleksy Nowak,2024-07-11,2024,night
1NBoFhYZy1gugrVWBpvV0B,"Nightscape, Pt. 1",2.44,Oceanic Voices,2024-05-31,2024,night
7IJdb4o6784dzSb0WL0Shm,Moonlit Nighttime Serenade,1.02,Milo Mouse,2024-12-06,2024,night
2DGSytzXs9oqYUy5tqxfSB,Twinkle Twinkle Little Star,1.72,Tommy Twinkle,2024-02-16,2024,night
6HsJ9DasaQBybvf7kgX4qj,Baby,2.28,Prez Harris,2024-11-15,2024,night
5xHuWDv5gCXO6icvwKuTLL,Arctic Nights,2.78,Stardust Vibes,2024-05-19,2024,night
4dT4908Bwf8rWBC964qKzv,Night Breeze Melody,3.42,Musiscape,2024-02-16,2024,night
5OgbD20uwTDHtpTYfoJ4us,Baby's First Dream Tune,3.4,Musiscape,2024-01-05,2024,night
50oaZpUyYisD2b9EGgjfEq,Nightshade,2.81,Amalou,2024-03-21,2024,night
4NyzalkdVRsQeXGQbxuH3A,Starry Night,1.9,Snugglesnooze,2024-11-22,2024,night
0zdhDS1mIBjxOh2p7DB9Tb,Dreams Of The Night,2.06,Isaac Tira,2024-05-30,2024,night
5lXwBCCrT7Hm0LFcx3iK0i,Hush Little Baby,1.53,Tommy Twinkle,2024-02-16,2024,night
4ntDp0FMEDnTxGF6GlLYiO,Nights Shining,3.31,Dyfi Francis,2024-03-29,2024,night
1XpGxh3gnpYsfeGVxouzfl,New Detroit,3.2,Lelo,2024-03-01,2024,night
5WpQkpPpv3gyOMPVcR5zTy,Nightmares,3.74,NewDad,2024-01-26,2024,night
11bJ1ws3dathgY9uzADUhL,In The Night (feat. Jorja Smith & Amaarae),3.83,"Childish Gambino, Jorja Smith, Amaarae",2024-07-19,2024,night
2bj7cQErTY9z01tv1cC7Ei,I Could Talk to You All Night,3.29,"Emma Pittman, Brody Grant, Original Broadway Cast of The Outsiders - A New Musical",2024-05-22,2024,night
36gULsVYfQd12esTvEZC7X,Touch on Me,3.17,October London,2024-10-11,2024,night
4RTAhGgIbKz9AQXVV7K29v,New York Nights,2.31,Jazzscape Symphony,2024-07-29,2024,night
4fZ07aBMo69QTEKo4OC4Dz,Up All Night (with The Lumineers & Noah Kahan),3.39,"James Bay, The Lumineers, Noah Kahan",2024-07-19,2024,night
0sbPuKB9QzUTdD5gGw0IsQ,Some Nights Ago,2.44,Lydian Dominant,2024-06-07,2024,night
2tjpTCwLpV8OdmeXNZ0D30,NEW DROP,3.65,PHNK,2024-11-27,2024,night
7x6QKVKW3tlyfVWDe5zQh2,ALL NIGHT,2.29,VickeeLo,2024-01-06,2024,night
7bqFPnRy4zA4xfNQAHxTWZ,Nights Bounce Mix,1.52,DJ Pyrx,2024-04-23,2024,night
0IUjjwdjJE0nmyEhdgpofd,NEWEST VILLAIN,1.67,Lil Tim,2024-02-02,2024,night
2w5vu4eTB8MgtRsFUMM8AI,Day and Night Freestyle,2.39,Sheff G,2024-11-22,2024,night
0UfGhTDPVL3S5a8gTWVF54,Nightly News,0.82,Crumb,2024-05-17,2024,night
5ONNr1vIMAsmwvo1kBJwsL,Nightmare - Sullivan King Remix,2.91,"From Ashes to New, Sullivan King",2024-06-07,2024,night
3ev0qUnjFueQPkYJazp1u4,Nightmare,3.13,From Ashes to New,2024-06-07,2024,night
6V3WcFvY8kmHg34fwOZ71g,A Night in New York,2.72,Lydian Dominant,2024-06-07,2024,night
2HeUWVKZmU9BH1nyw9Ltry,A Night in New Orleans,2.61,Midnight Groove Ensemble,2024-08-05,2024,night
32HtG9YhfWjoEEAaFKsnuD,The Night We Met,2.76,Michael Gerow,2024-12-11,2024,night
083BjRNIKyr22FgJdptLSe,Night Bus,3.03,moe sizzle,2024-12-29,2024,night
2GKOTd5aHBcC3J5U6lM471,Nights with You,3.08,Lumin,2024-11-08,2024,night
7Jdphhk4oDO2TfZ8YCg6Rh,Night Moves,2.84,"Olivia Wayne, Javier Penna",2024-01-26,2024,night
5yod397p7CachKvxcY8Xxg,Night Sky,2.41,Noiseway,2024-05-20,2024,night
3m06sTqfHnp34lV7tZqICC,Nightfire Ritual,3.12,Ian Fontova,2024-02-08,2024,night
1uucAXIa5yZkbrsoRA97ym,Old MacDonald,1.51,Tommy Twinkle,2024-02-16,2024,night
33Pfk0l7hNE0CzukdGFba4,Old Book Smell,2.52,Chilled Cat,2024-01-19,2024,night
5VE1nxNywtycqJpicZrtLe,Nights of Zuri,2.11,The Afronaut,2024-10-18,2024,night
52p081ZjNPXEtM37wbPkSQ,Some Nights,3.48,Twelve,2024-03-01,2024,night
563DRE35ni2ptksbwhmu62,Old Devil Moon - Live At The Village Vanguard/1957,8.01,Sonny Rollins,2024-04-26,2024,night
7t2DPEQwyfTk71mKqqW4zS,The Night They Drove Old Dixie Down,3.78,Goose,2024-08-21,2024,night
0xQnJAKVSrhUYSPV7wEWHc,Night Drive,2.56,Thom Merlin,2024-02-09,2024,night
4SRAtu2nN6GtP3gjUltYKB,All Night Long,2.8,"outset island, Brandon Chase",2024-01-05,2024,night
6BTJEauio7VgCelhJPRuGA,All Night Long,2.3,Lane Boy,2024-11-14,2024,night
5auTHNyb3LX0v069JvdZKT,Malibu Nights,1.66,Tidevibes,2024-03-15,2024,night
22YbxxoLOzanQNdAereRfl,The Midnight Mall,3.33,Major Tweaks,2024-06-25,2024,night
28JpFF9EOxa5sPlD5Q8fHp,Carefree Nights,2.01,Rick Groove,2024-09-15,2024,night
74Zfyh1mqDaKVxRe4YcIeM,Last Night,3.57,Maison Prad,2024-04-05,2024,night
5ztq1zM2wUPgFqr2PbwXj6,Lost In The Night,2.83,"Thierry Von Der Warth, Jack David",2024-05-31,2024,night
5tuhOP6bY3NlwTHghY5MbN,Night Owl - 2014,4.44,Galimatias,2024-10-25,2024,night
6PUULzV2AGGfM0PPhi89LN,NIGHT CALLS,1.47,Chase Atlantic,2024-11-01,2024,night
5woftxkGP3kT4rtM6xuCbc,The Nightriders Demo,3.1,Joshua Rinne,2024-06-05,2024,night
0Hcsd4fM81WnP9VJ3FeVWZ,already lost you,1.74,i wanna be a jack-o-lantern,2024-10-29,2024,night
1Cub15Xd4voUipcxcFj87N,Lost In The Melody,3.04,"ItsArius, Lynnic, Dinia",2024-01-12,2024,night
6ZxPp1QmY9lfnIkKNGINwz,lost in the dark,2.09,"pxlse., Nova Night",2024-05-29,2024,night
5atjpib5JpaUApCLkYLjz2,Night Corral,2.56,Aster Rosa,2024-01-24,2024,night
3pzgzj1Qn9BveUn2gzowfW,Lost in Space,1.82,Joe Ananda,2024-04-29,2024,night
5nZb1SnetKa7DkYMPAPLJd,Lost In Space,1.82,Nova Dust,2024-02-26,2024,night
2ckvlczZIO8PwnTO7Itsmf,Lost Memories,2.41,RYDEQY,2024-11-30,2024,night
5XvlnYojpqkinyPiHHX00R,Night Sky,1.85,Darcey Beau,2024-04-10,2024,night
0KGDCpi5ZDAYvbMjLgs8hc,Night Night Magic,2.11,Aster Rosa,2024-07-31,2024,night
28MWaozwc4mjLAr9AAwhsm,The Lost Oasis,3.27,Seven Melody,2024-01-09,2024,night
1JAKiooOoPWlmXm7VmolDJ,Lost In The Melody - Extended Mix,4.19,"ItsArius, Lynnic, Dinia",2024-01-12,2024,night
0AKGhzvY1boo2GPE3V3NLZ,lost in the silence,1.55,drifly,2024-12-13,2024,night
2GJpqnhZKKDMIJ2SpWmFiB,DISTANT,2.9,Arya,2024-07-19,2024,night
2i9LaRJYba53Hp80trLU5M,Lost in Your Eyes,4.42,Tom Media,2024-10-18,2024,night
5nkNTjT9Omqr6X2xsP4Lyp,Full Moon Night,5.08,The Lostines,2024-04-26,2024,night
7kwOyLEUX6aMBJvbBGLTXB,Lost In The Night,2.83,"Thierry Von Der Warth, Jack David",2024-09-06,2024,night
7jQK4KwVLLAAMzZn2juJUA,Late Night Freestyle,1.64,Central Eli,2024-12-02,2024,night
0ktnzPn3SJuUMDyXQr6Rw0,Mischief Night (Freeverse),3.56,Chris Webby,2024-10-30,2024,night
2f526wBHCGx6u6HsbF0uAE,to be free,3.84,Night Tapes,2024-11-01,2024,night
2DLfKum2CEG75msJFBbBcd,Day and Night Freestyle,2.39,Sheff G,2024-11-21,2024,night
5w5D3Z8rmFcpmVr2V9yCZu,Freedom Of The Night,3.21,Sophie Ellis-Bextor,2024-10-18,2024,night
3EBUlFutjScFN0StVr3BmN,Date Night,1.99,Free Fusions,2024-06-28,2024,night
2mBlGMyjoK3lSE4a8X7wlN,"Nightz♧♣︎Freestyle: ep.1: ""The tulips are rooting for you, darling.""",2.04,7Nightz #cc,2024-11-03,2024,night
53Muy7mBS8ZgVzWNAtuh9D,FreeStyle,2.41,"BGFace, NightMare, FSGsHiesty",2024-12-03,2024,night
6u0YBO5avsRZqCcnnTVI6U,NIGHT-TIME,2.28,trabbey,2024-09-13,2024,night
1oaWUWSQYnX0Fl4yxIXPBk,Freedom,3.51,NightCove_thefox,2024-07-06,2024,night
7ocVjxnVTeWOmg8a7UqlyC,Nighttime Chillout,2.18,Sleep Fruits Music,2024-02-26,2024,night
5TRhxjlcnxFKX6peh4uhRA,Night Vision: Open Our Eyes (Movement III),8.49,"Geoffrey Golden, Rolanda Carter, Isaiah Freeman",2024-04-26,2024,night
7yoANl9PfY7c8hlGc6Ngwd,Free Fd,2.29,Ducko,2024-11-09,2024,night
1QtnG5cri4ZeYQd20bDlCg,So What If I'm A Freak,2.45,Snow Strippers,2024-05-08,2024,night
79lnq17i7L4AeFNfJO9Jaq,Rent Free - Acoustic,2.78,6LACK,2024-03-22,2024,night
0XzFVTK6fmW1UWU1r7pHTg,american night out,2.28,Solo Kei,2024-10-25,2024,night
391QZxAbFR7qxRz1XYZ2FJ,Nightmare On Colden,1.38,"8K, GmoneyDt",2024-01-22,2024,night
2xSvyR0ITLiQj7Y3wwTXCk,Nightmare On Colden,1.38,"8K, GmoneyDt",2024-02-12,2024,night
5OMPWvV89hWoWqSC4KxC97,Now the night is over and the dawn is about to break,5.24,The Caretaker,2024-02-16,2024,night
3wzTuJfpDed5cWCT9NDC5h,Nowhere To Run,2.27,"FuhNaff, ApAngryPiggy",2024-12-15,2024,night
4Xl2xUFmj2xbszjYjEXxkx,Late Night Drinking,2.92,"nowifi, Hanno, ANY",2024-06-28,2024,night
1PkxoBsXTDEx2cn8AyhsEr,365 but now i'm feeling like a nasty partygirl day n nite <3,4.33,dj g2g,2024-07-08,2024,night
3zsqFwV4V0FQbqEE0YQHjp,now thats what i call jazz,1.81,kidstrange,2024-11-12,2024,night
7xyY4O5b5BzidmEhzhJyfC,"Rest Now, My Dear",2.09,Tommy Twinkle,2024-02-16,2024,night
2gdSY4yYOeNH5HXVbqXZ2M,Now Rest Beneath Night's Shadow SHZ 506,5.17,"Laestadian Lutheran Church, Krista Hillstrom",2024-11-12,2024,night
0OyvCRYAlRAoGfgZaDmjFQ,Right Now,3.07,Chris Young,2024-03-22,2024,night
1cay1GtD948pAqMMUVcQID,Right Now I'm Shameless Screamin' My Lungs out for Ya (Shameless) - Sped,2.8,life illustrated,2024-02-16,2024,night
72gpWsMLWGOc4NAClq9VVW,Night Turns To Day,2.36,Blank Illusion,2024-12-20,2024,night
49cqdZsKLAnGgARLVYldpe,Do I Wanna Know? (But it hits different),2.12,"Eiden XII, Anniê",2024-07-26,2024,night
7uVAOX07xkleNQmtl63GfQ,Letting The Cables Sleep - Nightmares On Wax Remix,5.41,"Bush, Nightmares On Wax",2024-09-13,2024,night
4NWAWW7z9Df5ZZjJGtjBrF,Now Let the Night Take You in Its Peaceful Embrace,2.09,Campfire Rhapsody,2024-11-07,2024,night
0kVrWVowiI216EEi9Zv75j,Where Are You Now,4.91,"Lynnic, ItsArius, Joe Farwick",2024-10-11,2024,night
2op2Hktb48lqfJMZ469CBS,next to nowhere - sleep version,1.92,twilight mind,2024-12-20,2024,night
3fKDVlnPzeGb6DiW500yWE,Now Here’s The Weather,4.22,Whitelands,2024-02-23,2024,night
5A87N9qjTFrcDhXAMEcBY8,Gone (feat. MJ Keenan),3.8,"Night Club, MJ Keenan",2024-03-15,2024,night
0qgdSsuggcpvhvugFj1G31,"Gone For The Night (feat. Liam Bailey, BackRoad Gee, Scrufizzer & Shakes)",2.3,"Disrupta, Rudimental, Liam Bailey, BackRoad Gee, Scrufizzer, Shakes",2024-07-26,2024,night
7ArzMYkBqOR6qGCHuqzQRg,Saturday Night Gone Wrong,3.91,Crooked Creek,2024-09-27,2024,night
5aiuBoxgcQHF9lSOXdpHgm,I Almost Forgot,3.0,NIGHTBREAKERS,2024-10-24,2024,night
1xfIrO4XmTbaudiZK4yfev,half gone,1.6,leapyear,2024-02-26,2024,night
5dtvFGBnUB07MdVBUWVMRK,Gone By Sunset,2.04,Immerson,2024-09-13,2024,night
4ohKkpbQOGNr4f37yAslqO,"Gone, Dissolved Into The Night",5.83,"Röyksopp, Alison Goldfrapp",2024-12-13,2024,night
2BbFwMWuqjyFIATCbThLs8,Gone By Now,3.36,Only The Poets,2024-05-31,2024,night
65uYC9SvfUrwYkVLDWNoQp,Gone Too Far,3.21,The Vintage Explosion,2024-11-09,2024,night
0HYMZGfahCbEb7Ym32Kdff,Until the Night Is Gone,3.26,Isabel Lincoln,2024-08-08,2024,night
3BassiRx8z4hXlIAYFzZJy,till the end,3.0,Nightcall,2024-01-17,2024,night
46IQzY45mRizxixrYFomCd,Gone for the Night,2.46,The Loud Collective,2024-09-18,2024,night
6OA0xndTcxTkkD5EIsbSyv,running out of time,3.29,Nightcall,2024-01-17,2024,night
18lKcRz9iIBjV37JkPVnmu,October Night,3.12,Jamie Michel,2024-02-13,2024,night
3mXuDcZtjHPvDFaNqUxp02,"Going, Going, Gone - Nightcore Ver.",3.2,Will Stetson,2024-06-20,2024,night
1Do8Nyoki4yJ0or0E6rclU,TOO FAR With Lyrics | Undertale: Papyrus Has Gone Too Far,3.82,"Bub8les, The Aspen Collective",2024-04-18,2024,night
0Vn8lCeNweGhuDOtSYCRk0,Apartment,2.99,NIGHTBREAKERS,2024-10-24,2024,night
1IP3NhEVCMT8KGnWmGIAZ6,Gone,2.85,KJELL,2024-06-25,2024,night
6kbhDJJnAOcfGxTzmeInOx,Nightlight,2.17,Jia*,2024-07-16,2024,night
3I23NiySJ2e5j7T1s3Q6XL,back it up,2.28,"310babii, BIA",2024-02-23,2024,night
3hlbMZoeYUllnXVnE9OnLh,Throw It Back Away,2.93,Snow Strippers,2024-05-08,2024,night
0L4dXJnz7HHnnqtfOoDUbE,Back N Forth,2.27,Snow Strippers,2024-05-08,2024,night
3bo58eoRcKKiRYp7tqKCeq,Backroom (nightcore),3.74,Rex Laurent,2024-03-22,2024,night
7Llx6Q2Rdyk3zOI3vq36qW,NIGHTS LIKE THIS,2.13,Planet Giza,2024-11-13,2024,night
0Lc0SeMSM2Ao7hcCcr6kmB,Nightblooom,2.3,The Lay-Backs,2024-02-16,2024,night
1VxoGS2I7xVGVxbvc9OQFC,We Back,1.63,Hard Car Kids,2024-01-12,2024,night
1ifUsqFkVbiyIPGJhq04fd,Backwards,2.64,Picturesque,2024-12-06,2024,night
5utsDq5k4TCJ30lv6tAQWh,Background Sleeping Piano Music,1.83,"Fall Asleep Fast Music, Music for Sleeping, Deep Sleep Music Collective",2024-06-22,2024,night
5inzUyDdTTvn27vlDTK1Ft,Go Tonight,2.54,"The Paper Chasing Family, Pcf Man Man, Pcf phew",2024-11-16,2024,night
4jqy8htjZMBEoyUmaYE6NZ,Back For More - Darby Remix,2.21,"NGHTMRE, Big Gigantic, Darby",2024-06-27,2024,night
1QJopdrRCLXIhj5QU3Ea3v,Rainy nights at the Old Tavern,1.55,Dnd Back,2024-05-17,2024,night
60NFa0CbvdDUS7MK0fJBsX,Nighttime Arrival,0.85,Heitor Pereira,2024-06-28,2024,night
2eOGf7cZab4V83EBzKIP4u,Nightmare,4.06,"Vastive, AlienPark",2024-02-09,2024,night
2EELuoRfFFwbrruIC3RgfZ,NIGHTCRAWLER,4.67,Scarlxrd,2024-06-26,2024,night
6sLulYg49YAxZqD8Ok1yJY,Background Falling Asleep Music,2.11,"Fall Asleep Fast Music, Music for Sleeping, Deep Sleep Music Collective",2024-06-22,2024,night
1gNspO71q9SspGjlIu4qgu,backfire,2.0,thrown,2024-04-12,2024,night
4YutAUIwTyRpeiTGvfORWf,Background Sleep Music,1.79,"Fall Asleep Fast Music, Music for Sleeping, Deep Sleep Music Collective",2024-06-22,2024,night
21Smv3MKSRavZhEpLh3brC,Don’t Look Back - Flipturn Version,3.32,"The Revivalists, flipturn",2024-12-06,2024,night
6j5h3IbH4GtKN1XAACwy9G,Blood Drain -Again- (Eltnum Theme) - UNI2 Mix,3.42,来兎,2024-04-10,2024,night
6zeRYYjZ6OyUfReQG5dgfR,BITE ME - Nightcore’d AGAIN,2.72,"AJ Dispirito, Zephyrianna",2024-08-31,2024,night
76OZSGElkZ5LNsy29WaZj3,Again and Again,1.26,TWRP,2024-03-22,2024,night
0FZv7zASMbqSz3XNL6sAxi,Come Again,2.71,Maeta,2024-06-21,2024,night
2kDOhhKHJfACIeWDNeRj1P,Against the Fall of Night,3.99,Sungazer,2024-09-27,2024,night
0OAye4UT21h2iC72vGVuqC,A Night To Remember,2.84,girl in red,2024-04-12,2024,night
5BqJx4AkrWZ7YSIn1gSVJu,see you again - instrumental lofi,1.46,Lowfie,2024-03-09,2024,night
5H7EMoiGpJf6atP8APiNHK,Let You Break My Heart Again - Live at the Hollywood Bowl,5.07,"Laufey, Los Angeles Philharmonic",2024-12-06,2024,night
1AfasM7azwP4sInW6ybOrc,Night & Day,4.09,jeebanoff,2024-08-06,2024,night
667Ps7DFl3sqnJrw2cuFOi,Distant Bluetits and Small Birds Call out Against the Wind,2.33,Luvial Dreams,2024-07-30,2024,night
2JbBowmPLcTceIyeexAMte,i will never cry at night again (weird girl lullaby),2.19,the queen of carrot flowers,2024-12-18,2024,night
0CU7nstkasmic4iLkIEAZ5,Another Night Again,2.33,David Burster,2024-10-25,2024,night
13VmA9QsAETlZ9H2Z0xsKo,Against the Fall of Night,3.99,Sungazer,2024-08-16,2024,night
0I74wCoXPQhCisLoCl5WDq,Knights of Christ,1.28,Great Helm,2024-10-22,2024,night
2l5CZT16pVGCTqwGZeMxFq,Feel Again,1.88,Joe Ananda,2024-04-29,2024,night
1v1Tef6cTwHYXuIWrtgNp3,Cool 7,4.53,"Sungazer, Joshua de la Victoria, Jared Yee",2024-09-27,2024,night
4HsvEUsz0lryd73myuDrU0,Hot Saturn,3.42,"Sungazer, Button Masher",2024-09-27,2024,night
2mD2qLbEmcMG6wux05vVHT,Whalefall,5.77,"Sungazer, Plini",2024-09-27,2024,night
7bNp6oBnTYuOted0WcquDG,Forever,1.2,Dreams & Nightmares,2024-01-05,2024,night
7BXyTc2ycXzXjAaGRTqnad,Forever and a Day,3.75,Benson Boone,2024-04-05,2024,night
49HIwnGgaZ6TPrVkGlV9zp,Forever and a Day,3.75,Benson Boone,2024-04-05,2024,night
1IpVlvxoEfho5kRz74bszm,Night Forever ~Dream Version~,3.78,Chaidura,2024-04-05,2024,night
4lPHjntS2nOoDT49yD2UES,Forever Can Wait,2.93,"CARSTN, Jake Banfield",2024-03-08,2024,night
0X8jaJhSRtMJPFzVdGwksF,Forever Hope,1.01,Harmony Night,2024-02-07,2024,night
3qUj5I2AXyCencJ9ec3F78,Forever,3.25,Elias Stone,2024-02-09,2024,night
7E1AjjGzrfizNN61PDmTIx,Night Air,2.18,Stardust Vibes,2024-06-09,2024,night
1GKKYGLNJlUZ2X0GxhWf0s,The Night Sky,1.93,Stardust Vibes,2024-06-09,2024,night
2ZE4Edr882kVJ7S4xgKEay,Forever Days And Nights,3.91,Mysterious,2024-09-15,2024,night
2eYfmD43kTSpxfKO2k5dWe,Nightmare in the bricks,1.68,Jaydakay,2024-11-23,2024,night
6wlK0EOMHkayGmRRauZRTY,forever ends tonight,3.47,Two Another,2024-11-15,2024,night
6kXqJtEas1aeuwYm1tEoqQ,Under the Night Sky,2.47,"forever dreaming, Zycix",2024-07-31,2024,night
0d1VonO0isZ1PS8juewYUB,Silent Echoes,2.43,"forever dreaming, Zycix",2024-07-31,2024,night
1FYst2hvgohhNIZ7a8HccX,Starlight Path,2.31,"forever dreaming, Zycix",2024-07-31,2024,night
3J0ew0XKhbQOGWL4Yisglr,Above the Stars,2.55,"forever dreaming, Zycix",2024-07-31,2024,night
4iatJWEUD9tk2384zvkNDT,Quiet Moment,2.55,"forever dreaming, Zycix",2024-07-31,2024,night
5skAC6MVjHl1dqhAJSLL20,Thoughts of You,2.27,"forever dreaming, Zycix",2024-07-31,2024,night
3MPjAnpNeBB5kmOQRc4mJw,tonight's the night i die to a frank ocean song,2.95,hannah bahng,2024-05-31,2024,night
46iucLRCdk0TYap0PMTOnv,Tonight,3.17,"Used, Bou",2024-11-15,2024,night
5GHVp2CCufZ8MJzYE82W7R,Waiting for Tonight - Radio Edit,3.3,"Jennifer Lopez, FISHER",2024-05-31,2024,night
7K1BLb6MpvKuGEPpHw35mO,Never Going Home Tonight (feat. Madison Love),2.74,"David Guetta, Alesso, Madison Love",2024-09-06,2024,night
32YJ6u4UVYx1SrZi5DfZNJ,Hold You Tonight,2.9,Fia,2024-08-23,2024,night
6eKxQoGNNxvHy8R2W0Pmlg,Waiting For Tonight,2.55,TWOPILOTS,2024-09-26,2024,night
6Sm4GoeoBqy6qwPhJF4TWX,Save Tonight,2.98,Caio Ghisi,2024-09-06,2024,night
6z3PKWW62KesmHFDNZ2VuK,fine night tonight,1.97,yukimeow0,2024-04-22,2024,night
4z1XKFrVxvgfUZyS8O9wYa,Tonight's Da Night,1.51,Drelli,2024-12-12,2024,night
5uz3XmT2mbY8eCl1IXDzMF,Waiting For Tonight,3.3,"FISHER, Jennifer Lopez",2024-05-03,2024,night
1u7Z47bCx2id2bh8rKEcZg,can i see you tonight?,1.96,Natalie Jane,2024-03-29,2024,night
4Rv3yedV0t1fgP8JbFE7zB,Save Tonight,2.9,Edwardo Atlas,2024-11-22,2024,night
623jWCHHgkHJ09bAPqvx8Y,The Way You Look Tonight,3.9,Deer Groves,2024-11-15,2024,night
5ojeSWA1a3AnAAONscBdK4,The Way You Look Tonight,3.49,Chien Do,2024-01-30,2024,night
0no3XJLExOo3ecwjbKoFYl,No Luck Tonight,3.0,Swing Stroller,2024-08-02,2024,night
6UItRFIBpu337fNZ77GCwQ,Nightlife Rain,2.73,Rain and Chill,2024-06-05,2024,night
1Kg45qn4BW04dM5AappNib,Night Dreams,3.46,Zane Wilder,2024-07-24,2024,night
62FWjb0jNHQsHWIKPRDsxD,Blue Nights,1.67,"dunsky, DKSH",2024-04-11,2024,night
1T8GsTMrjvNzfC80n6ac4r,"A Midsummer Night's Dream, Op. 61: Nocturne (Transcr. Moszkowski for Piano)",4.15,"Felix Mendelssohn, Isata Kanneh-Mason",2024-08-09,2024,night
6sbY7TfLITjTKoKlPXVPyd,Dreamland,2.2,Calmly,2024-01-06,2024,night
5uzFZXDJu6JUOZ1OG1AmRy,Night Dreamer & Rain Sounds,3.23,Christopher May,2024-04-05,2024,night
04CcRWwMDaKleaH6pwDiT1,Dream State,2.52,NIGHTSKY,2024-12-27,2024,night
4RiudH8RehvLLrk8uNgIdR,Nightwalker,3.41,TEN,2024-02-13,2024,night
37usCRxq8SFuc17VOgeNHB,Night Dreams,2.42,HipurJuz,2024-07-05,2024,night
5ZGSu5YDi1S2Ylg1bECsXm,Night Dreams - Radio Edit,2.05,HipurJuz,2024-07-05,2024,night
2d8PTn9Lk8Tvtlg3DpaYNX,night ride,2.48,dreamholder,2024-01-29,2024,night
1nyq415CD3956bDtNVgmRt,Dreamer - Live at the Hollywood Bowl,3.59,"Laufey, Los Angeles Philharmonic",2024-12-06,2024,night
4dTX84JZlOg4hRBAHx3ptT,Dream About You All Through The Night.,3.82,Sunni Colón,2024-06-11,2024,night
4Fd749wRIf9uGecBSgdeSJ,Dreaming of Ice Cream,2.53,Tommy Twinkle,2024-02-16,2024,night
7yfyGot5UGyhzGBAhWqayM,Nighttime,3.33,Elias Stone,2024-02-09,2024,night
2KB423EAQ5C9d2OMVEh3j6,Night Heartbeat,2.04,UNIVERSAL DJ'S,2024-07-25,2024,night
78DRoZxyRBFaqbkTHz32rs,night river,2.57,"Øneheart, Antent, Dean Korso",2024-08-02,2024,night
6ZM9dKXH5iWJ08KEa0FDh8,Heartless,3.31,Nathaniel Rateliff & The Night Sweats,2024-06-28,2024,night
6QXhBSDthWBH7e6uQjfWFn,Heartless,3.31,Nathaniel Rateliff & The Night Sweats,2024-04-19,2024,night
78gdoEw0f0uIaOsS2F51lP,NIGHTHAWK,3.11,"CloZee, LSDREAM",2024-09-27,2024,night
2hwnCV3TRa2gHYFu98dIWy,Heartbeat Symphony,2.36,Sheléa,2024-04-29,2024,night
4bBsXiy4KuHhmdD65bN6tY,Hearts Entwined,3.89,Tom Media,2024-10-18,2024,night
2yOHQwJ6uTrLbebTVsAqny,"Night of Fate (From ""Kingdome Hearts"") - Piano",1.44,Lira Moreau,2024-10-11,2024,night
2VhPhkhPRQjzu7dflDOjdk,Nights in Vegas,3.23,Heartless,2024-01-12,2024,night
459A2e5V8VjLF2LgCkYXyI,"Good Night, Dear Heart",3.71,"Dan Forrest, VOCES8",2024-09-27,2024,night
6AKZaSVoYaojyn12jjM38S,STOLE MY HEART,2.29,Goodnight Daylight,2024-12-06,2024,night
33nWE4FuBlyXT9EXgLxbFZ,Night moments,2.48,Guy Hunt xx,2024-07-09,2024,night
29UxgTnlOWCT4q3UzUKpoq,winter nights (everything reminds me of you),1.75,Øneheart,2024-02-23,2024,night
5MNEOIrcs9lrVKCLJK400S,One Heartbeat,3.44,Michelle Zarlenga,2024-04-29,2024,night
52k1yKl2F0RD48jcenwPKn,Draw A Heart,2.35,Snow Strippers,2024-05-08,2024,night
73msWVvx47Y5YXvrKcJuem,my heart is made of glass so please dont break it,1.52,baine!,2024-10-25,2024,night
6NxXPdlZ2bn8uhmLDwekAE,My Poor Heart (Hushed),4.14,Andrew Belle,2024-03-01,2024,night
