Track_ID,Track_Name,Duration_Min,Artists,Release_Date,Year,Query
3j49aLXWWkbjQyUyvngokI,"LOVE, LOVE, LOVE",4.04,Stephen Sanchez,2026-03-06,2026,love
4QcFLrc1uns09taWo7yFsa,Love Letter,2.95,Mulaa Joans,2026-02-27,2026,love
2mLGIonT8tfn0ZYPHm0sBK,Lovely,2.56,"The voice of Holland, Soufiane Soussan, Piene",2026-03-20,2026,love
5ObyGDxNWH0Uuuk3NvC5r8,Save My Love,3.51,"Kygo, Khalid, Gryffin",2026-02-20,2026,love
2SjnvpedDUU0Ga69bxnoCa,ALL THE LOVE (feat. Andre Troutman),3.82,"Kanye West, Ye, Andre Troutman",2026-03-28,2026,love
0CadKsqEwZCi9njH7c8gw4,SAD,1.89,Ken,2026-02-06,2026,sad
4cFW7Ynqo9vSNbFDLNfJbM,Sadistic,3.6,Anya Nami,2026-02-06,2026,sad
5pMMyQyob7rjYO9y8lD7Ey,"The Sad God (feat. Black Thought, Ajay Prasanna and Anoushka Shankar)",4.82,"Gorillaz, Black Thought, Ajay Prasanna, Anoushka Shankar",2026-02-27,2026,sad
25SuZJEG2IFggY8IdeI54r,Saddam,1.62,"Mensa, ILLIE",2026-01-09,2026,sad
5hvuFF7dbY7QYLC9sUmEIV,Praetorius: Quem pastores laudavere,1.98,"Michael Praetorius, Choir of King's College, Cambridge, Sir David Willcocks",2026-04-05,2026,sad
7D4U91guqMZJ8QIvR1Wl2m,NO DAYS OFF,3.11,"KM, Kevin",2026-01-08,2026,rock
6PsT117KkNh469t374gnx5,Ghetto,3.29,"Lil Kleine, Qlas",2026-04-02,2026,rock
11LZiy0cuiS3uvKSLSEY7Z,Vliegtuig pt2,2.54,Lil Kleine,2026-04-02,2026,rock
5kEBk7hYfS0B5YGt6lnond,Cipriani,2.7,Lil Kleine,2026-04-02,2026,rock
2x3JP9fZwFFaIDOjjaXN2e,Body2Body,2.64,"Lil Kleine, Jerr, Mensa",2026-04-02,2026,rock
5yvVYFDUpbnjcnRBgjwTzM,Dracula - JENNIE Remix,3.5,"Tame Impala, JENNIE",2026-02-06,2026,remix
4m4sk6NdP92HCvioRCo9BM,wgft (Remix) [feat. Chris Brown],3.12,"Gunna, Chris Brown",2026-01-16,2026,remix
4MzBvMN0XC1RrhHitjeuXh,Nobody Body Remix,3.96,"Bryan Mg, Giniio, Quina01, FJ, Bringhim",2026-02-27,2026,remix
4AgxONQTltUnOfMJuiLQDk,AWGAZI (Sunset Remix),2.51,"Lucas Estrada, Palm Monkey, RUSSI, DALEXO",2026-01-09,2026,remix
51mXKPBJ57J0b8uTwIuOeu,Night Of Fire,3.0,"Da Tweekaz, Komb",2026-03-26,2026,night
7j7J2M3ZsKOsrhBueDjhqF,Nightingale Lane.,5.04,RAYE,2026-02-27,2026,night
5TCpeSXHkTEUJmCXlxhESv,Nightingale Lane.,5.04,RAYE,2026-03-27,2026,night
5SVfiHZp9gQ9buPXzqXqco,nighttime,2.7,"sor, Bartofso, Ray Fuego",2026-01-08,2026,night
3FKeUwMQAfuoPN2GK1OBmY,Night Air,3.4,Calmly,2026-03-06,2026,night
6RBWAgKA9mukk3nOs0doEk,Love Me Twice,2.4,Kerr Mercer,2026-03-13,2026,love
7uL0VRG67JdPMw9uDg3FWE,Love Bites Back,3.19,Lusaint,2026-03-13,2026,love
4eupIj45yiQy6W7g65Qhzx,Love Who You Love - KI/KI Remix - Radio Edit,3.57,"Romy, KI/KI",2026-03-13,2026,love
0xjmTJrupL1MA0kDLgqUkR,I Love It,2.97,"Kybba, J Balvin, Rytikal",2026-02-13,2026,love
3SfgUB5bltOecirPxcevPM,Love In Exile (feat. Michael McDonald & Kenny Loggins),3.28,"Charlie Puth, Michael McDonald, Kenny Loggins",2026-03-27,2026,love
6O8wHBUg6L1YmVYS4vIbVc,Just Another Love Song,2.9,Beave,2026-02-26,2026,love
0qBw4RrX1AajcdVauDv2ED,a love song for u,1.68,Eem Triplin,2026-02-13,2026,love
2aCYiygsXzkdNIDqdN9xV3,Love Song (Hesitations),4.32,"Shiloh Dynasty, U-ZAI, DJ MLG",2026-03-28,2026,love
38zKrIZSqQ4scJ800bSfrC,Love Me Again (Again),2.88,John Newman,2026-01-30,2026,love
0Az2NLbpGUqE2kJ8LEFdfZ,Love Me Again (Again) (DubVision & Third Party remix),3.35,"John Newman, DubVision, Third Party",2026-02-20,2026,love
1dMR7qUvPBOxGsavY3Fh0r,Love Me Not,2.85,EleVen,2026-02-06,2026,love
6ReIBoDe3qpy2OEkWhiGpp,Love Me Less,3.2,Bellah Mae,2026-03-06,2026,love
0o4e5P36cEbQNsUayYI01T,Love Me When It’s Hard,3.63,IngaRose,2026-04-01,2026,love
5uJaS8bZL8pSaTiVOM62cj,DON'T LOVE ME,3.03,OMAH LAY,2026-02-06,2026,love
2Yf8tenyMmKtgejoK7uDEY,Love Medley 2025 - Live,7.97,De Toppers,2026-04-02,2026,love
3zVLZymJ4pVe3bOQ2CJ5aY,love me less,2.92,Jessica Baio,2026-01-09,2026,love
2wv5aFlyBk0lAEk9bgmoZ2,Love Me Better,1.88,Joji,2026-02-06,2026,love
4tvTsDVsItmG8ZrPVHvvD1,Love Myself,2.18,"The voice of Holland, Nouk Vermeer",2026-03-06,2026,love
1H8MEM6o0lx3UUTHR67coB,LOVE MY BIKE,2.17,cosanueva,2026-03-09,2026,love
0ozMZc5FelVezKIhjjVth1,My Love,2.74,"RAZZ, AgusAlvarez, KAYGE",2026-03-06,2026,love
1A26aCYHEEtnbkM5KCDnom,Love My Job,2.14,Pieter Baan,2026-01-16,2026,love
2Krpf6oNZ6ZMdHp0fDvZXZ,Your Love My Compass,2.97,Jordao Lacerda,2026-03-10,2026,love
3a6K11UqkqCEXOUsY7k2Q3,Love Myself - Acoustic,5.04,Risen Sons,2026-02-14,2026,love
1eog9TZ7UNY1gtP7UC6h0l,Love Myself,2.89,No Soul Society,2026-02-07,2026,love
49SoJW35gKzVapeiqRtBrW,My Love,2.17,Loud Lex,2026-01-09,2026,love
2sAHWIAS3QJuJDy97P4o4W,My Heart Goes Boom (La Di Da Da),2.07,Art Directors,2026-01-23,2026,love
3FOXC0s8lGSkP2KvutWoxq,Love You,2.4,GOBAITH,2026-01-16,2026,love
2J9y1Oub0bozZGztQVrfpa,Love You Right,2.76,"Montell Fish, Clara La San",2026-03-20,2026,love
5bhTUxSNkAZ4H3uFjSJRTY,LOVE YOU LESS,3.35,Joji,2026-01-02,2026,love
4eFV1LfWlYCVJnPTuSo3db,LOVE YOU LESS,3.35,Joji,2026-02-06,2026,love
3wh8veNdkEqylnDNghSmYr,I Love You Baby,3.71,K3,2026-04-02,2026,love
2E2CBvciFiA0PTCanKJksX,Love Yourself,2.14,"The voice of Holland, Tristan Luijting",2026-02-20,2026,love
0YxMtIehWJUHLZ11c9kyTu,Love You Now,3.56,Luke Grimes,2026-02-13,2026,love
7KScBRHPcQsuVS2333towN,love yourself,2.47,"first sun, lone pulse",2026-03-13,2026,love
4fJ7ABPWNkI2sz3IDyN9sH,Love You Right,2.63,Tanner Grigoli,2026-01-13,2026,love
6ViqtkM867K3qpSUfIpTN5,LOVE YOU LESS,3.35,Joji,2026-02-11,2026,love
4Nxr3rIFjHe5Ftqmn0rvrL,Love is in the air,4.3,Ziggy in tha House,2026-04-10,2026,love
1T9Ba7q9aC1LjGzvpVURMl,Love Is The Dance,4.21,"Âme, RY X",2026-03-13,2026,love
75kGiT9k4Gor7JOBbl4QWi,love isn't everything,3.45,Orange Oak,2026-03-13,2026,love
5iDappH58t75OYZGXSyyxj,Love Is A Drug (ASOT 1266),1.54,"Armin van Buuren, Anne Gudrun",2026-03-04,2026,love
3SSknGbDp5qHMc4BtBYg23,Love Is A State,3.87,Bladee,2026-03-23,2026,love
4k7yheeeRgEdSTU6mhA2zl,love is gonna make it rain,2.69,Addict.,2026-01-09,2026,love
6aeN8CKeNyvHXnMSaI7sGV,Love Is Not a Line,3.84,Lua da Vida,2026-03-05,2026,love
7EXpAXf55B1hQXZhpWut0Z,Love is Forever,2.71,Austin Farwell,2026-04-03,2026,love
6n5v74agDES17FhlqZnvWg,Love Is Not Enough,2.37,Converge,2026-02-13,2026,love
4sgtiHPwErwGLrUu4atg9u,Love is True,2.93,"Phlocalyst, Sátyr, The Sims, Lofi Girl",2026-03-23,2026,love
1KgZv142ZeVMcIrb250wT8,My Love Was Never Enough for You,3.38,ELIAN FROST,2026-01-08,2026,love
2FPSB6k1ava0cF5zFk0eWq,My Love Was Real,2.84,"Youngmin, Polux, Coconut Kid",2026-03-27,2026,love
7nVhyVqs9T4g13mXls53yP,Was It Love,4.18,Tors,2026-03-27,2026,love
09YAz8zwEc3e53EnNGsSGZ,Love Or Envy,0.9,Kris Bowers,2026-02-25,2026,love
4avAhF6hI8GUB6PAUlgHJc,If Love Were True,5.0,The Indigo Trio,2026-01-16,2026,love
3gGoHxmXcURNBkudlR2wKC,LOVE WAS REAL,2.33,5ivee,2026-03-24,2026,love
5q0mliPm8exdsVJ2dZ9IVG,Love Was Not Enough,3.23,ROMAY TAMAYO REIDYS EQW,2026-02-22,2026,love
2liEVFe67ODvenbPWi10p7,Love Was Never Mine,2.91,MORGAN SEAMON A SAD,2026-03-03,2026,love
42r8yXjCwYPduXFmoO0WVd,"If Love Was a Sound, It'd Be You",5.63,"Chizuka, Juno Skye",2026-01-20,2026,love
1rY5iXnpDijcNYJ4GP1CAx,Love Was My Guillotine,5.58,Nox Resonantia,2026-02-17,2026,love
5BxlXJjO4lIY31NgrISeHo,Love Was Never the Enemy,4.21,INKNOMAD,2026-02-07,2026,love
4XHtyj62uFk4Tlk16WrQ30,Was I Loved? - Dub Mix,2.79,Joss Dean,2026-02-27,2026,love
4bm0u48rIv7Ezj25lEkevq,Waste Your Love,2.88,Sanna Nielsen,2026-02-27,2026,love
1k8RV4hATV5u6PKNRllfRz,Your love was fake,2.17,"Umar Keyn, DNDM",2026-04-10,2026,love
5mulDSe34nq2zzQ5MMfLG7,If Love Was Money,3.46,Jesper Lindell,2026-03-06,2026,love
7smUxVHWQH5NS8vYnobvGF,Love The Player - Radio Edit,2.78,"Flip Da Scrip, The iNFo",2026-01-29,2026,love
1etefLnswBscFSH0G20zPt,The Love The Light,6.24,Archive,2026-02-27,2026,love
1zc9KwrQeX9fUTpXoUupZu,love the sun,2.96,"Buster Blanco, ChillTide",2026-04-03,2026,love
4hFDFmMnSYZ32ssqNUOCjt,Magnetic,3.02,The Bausa,2026-02-27,2026,love
33mbXsfFS4WBBHSESd7Y6z,Love The Beat,3.61,"GINIA, The Russian, JustHard",2026-01-30,2026,love
5xMOzh6uX0hJ0eDSUQy7O5,Love The Way You Lie - Uptempo,1.61,UPCAT,2026-03-23,2026,love
5duMHOUYlFwVuInwQXUxXK,I Love the Dance,4.71,Kelly Boesch,2026-04-10,2026,love
60V50fekMrp2lTges6f28D,Beware.. The South London Lover Boy.,3.44,RAYE,2026-03-27,2026,love
5pjf75G1zn9EEFa8iaCV5h,I Love Her Again,5.54,J. Cole,2026-02-06,2026,love
4bNfmjA8n5k31ZZGf5n1vR,Love Her Anyway,3.88,Aiden Ross,2026-01-02,2026,love
0taitulsqplmFbqzO8GEqa,Do You Really Love Her,3.8,Spacey Jane,2026-03-13,2026,love
5Qgqb97FkKHwj3cLTarkTN,I Love Her - Englische Version - Ich glaube,3.5,Udo Jürgens,2026-04-10,2026,love
2lC1UmvuEy06VSQai163yU,Love Her Madly,3.31,The Doors,2026-02-02,2026,love
0kqRxCCjk2zu6Dkh9R8yBE,if you love her,2.7,Lil Zino,2026-02-13,2026,love
3EWrfRLUBRwe9ED4pRYETZ,Love Her Like I Do (Ava's Song),4.04,Russell Allen,2026-04-02,2026,love
77xRYEohFuHy2hdjPl4tM5,Love Her Like Jesus,3.74,Catto,2026-01-30,2026,love
7LiAqROI5RWK5cIFaZW5yd,Love Her Madly,3.14,Jimmy Kirra,2026-03-27,2026,love
5LhFh6O1zYnYGIhC4MoTYW,Hallelujah I Love Her So,2.55,Marc Broussard,2026-02-06,2026,love
0qUDpzrsP5AFj6Vr5ehxDb,u dnt love him,2.45,rl,2026-02-20,2026,love
6i6uHu9mFnJGiutjoSUPAA,DO I LOVE HIM,3.03,Le'Tryce,2026-03-19,2026,love
0jF0Uyi6HiEi36TKSL7Guy,Love Himself,2.63,MYAH,2026-03-25,2026,love
7ozjdE531dnazYTQaI6DNd,Please Love Her(Please Love Him),4.0,Zia,2026-03-15,2026,love
64gbGwh92FIgopPTK0UFnh,To Know Him Is To Love Him,3.46,Jane McDonald,2026-03-20,2026,love
6BFIrzYQxjo255blg6NCz2,Because I Love Him — Psalm 91,3.94,New Worship Blues,2026-01-07,2026,love
6TD38swi3nBNOxrgForcjV,Love him more,2.68,SAINT VYRE,2026-02-05,2026,love
4kyES6RLwTbhiUI0x0NHTt,Psalm 91 - I Trust Him,5.42,Project of Love,2026-04-03,2026,love
5UqTJJSS4MidWM6tToEOLu,Love Birds,2.2,"ekboj, Sella Vie",2026-02-13,2026,love
5BIqDs9uzKYofsPPEl7n2e,love him,3.19,Hisnayaj,2026-03-16,2026,love
4uJ7SsmxPoYs8dSrqUbXL7,Love Like Him,3.72,"God's Warrior, God's Nation",2026-03-06,2026,love
4OusHecqhG9DFlg9fyb2zA,she loves him,2.85,"rosevile sucks, Masumi",2026-02-27,2026,love
69R9yEICr46x14epYBFVk3,To know Him Is to Love Him,4.91,Andrea Motis,2026-02-27,2026,love
3iYWnNtobxMFyDgSn7qkq0,I Don't Know How To Love Him,4.3,Chimpan A,2026-04-03,2026,love
7rgQBalL0iditnxYW5BSEk,LOVE -him-,4.24,Renka,2026-04-07,2026,love
2ukDVX6smfiRj3LjDS6fCk,Don't Let Him Go,2.95,Marlin,2026-03-06,2026,love
41LWC8jiD6xRV3taFPWrtH,And I Love Him - Remix,5.78,LTJ Xperience,2026-02-13,2026,love
69DEELg6MtZWOO2kAy5X0j,love is the answer,3.15,Joey Tuckshop,2026-01-23,2026,love
4w6OuwwYLyjxKPvK2xXqTp,And I Love Him,3.4,Jheena Lodwick,2026-02-27,2026,love
5alY8cYPTzeAWuJKYDnMHk,Slow Love Baby,4.67,BlessedBrutal,2026-02-04,2026,love
2xIUa2Tk896ElTkqhlCpCc,Baby I Love You,3.05,Angela Ross,2026-02-04,2026,love
6i0RHkMK54u1hLq8w0xhwF,Love to Love You Baby - Tom Novy Remix Extended,11.72,"Tom Tom Club, Tom Novy",2026-04-10,2026,love
4urh0vWvriNVwbZN67KmYj,Love - Live,5.14,Let Babylon Burn,2026-04-03,2026,love
2nNl7Dtj8Ush125tVQ9Vcj,This Is Love Baby,3.08,DJ TYNA,2026-02-25,2026,love
3Sc6b2pglP4kWaucngEdT3,BABY LOVELY,2.51,Kakajan TEDDY,2026-02-15,2026,love
7INqdsFAqAY32hsqDyjWY1,Lover You Should've Come Over - Baby Boo Remix,1.23,Mixtious,2026-03-11,2026,love
1BveFWlhkiOQ6ot1nnNXAy,Baby I love how you make me feel,4.36,BlessedBrutal,2026-02-02,2026,love
0OrhQBDrGRYXKnWNhyZ3jT,Love Struck,2.96,babygeo,2026-01-07,2026,love
0ZVLCBZsQF9FW5UIstiu66,Love Baby - Radio Mix,2.55,Papa Tin,2026-02-02,2026,love
0UMNkiywJNuOW1bVysO1mq,Baby I Love You,2.88,"Dim Angelo, Nikko Sunset, Amaya",2026-01-09,2026,love
0sawcU36cD3z0Sj2BaNw8V,Simple Love,5.88,Let Babylon Burn,2026-02-14,2026,love
35qT48ETNfSvlpitrPahAl,Revolutionary LOVE,2.73,Burning Babylon,2026-03-07,2026,love
0e5jA7kCTzHSiEHtjfz0GN,Baby Girl,3.77,"Angela Ross, Shift to Abundance",2026-03-19,2026,love
668J9OafcpkmJAlgERHwzS,Love Drought,3.77,Rockabye Baby!,2026-04-10,2026,love
4GEXjId44BNK8rUutQUzLn,the new year's ball,3.39,checkpoint,2026-03-11,2026,love
0QgYfvoW9B2k3OMM3K29Fq,Love Me Again (Again) (Arcando Remix),2.71,"John Newman, Arcando",2026-02-13,2026,love
3FAgUjS7OqRoXl4WjowcKS,Love Story,3.77,My New Band Believe,2026-03-17,2026,love
7M4kgkQwGSS5h3VlU1SZcy,New Love,4.49,Kloyd,2026-02-12,2026,love
19XRqdCzIDEWsJ6HQfmcEY,Lovesick,3.58,"Khantrast, POODEE",2026-04-08,2026,love
1dPbPYPQ5q73jJxR2iE5va,Love Me Again (Again) (Lucas Estrada remix),3.77,"John Newman, Lucas Estrada",2026-03-20,2026,love
2ylywbkPFxkix5g6gjZCRm,New Love - Live at the Royal Albert Hall,3.22,Ziggy Alberts,2026-02-26,2026,love
0SpjrLaSwXXtiMNzllQzV3,Love Falling,2.49,MONAMMI,2026-01-06,2026,love
1eOVtnZ4HRfw7ZknWtHQRF,Love's Start Point,6.6,Soul Blues Icon,2026-04-05,2026,love
0Y9dj2bHlzKU2D5nUhsyvJ,Oldschool Lovers,3.31,"Adaro, Dr Rude",2026-03-19,2026,love
23lThvEdnueABRAkfy3Ebm,Love Brought Weight - Winter Version,2.63,Old Sea Brigade,2026-01-02,2026,love
1d34entSOiu5ICLuMtYUud,The Book of Love,4.14,"Olivia Rodrigo, War Child Records",2026-03-06,2026,love
65ySg7wNl6fi14v7RXqUZs,Burning Love - EPiC Version,3.38,"Elvis Presley, Royal Philharmonic Orchestra",2026-02-20,2026,love
55THV2KSeK3SGLxMEPo5cl,LOVE'S NOT TO BEG,4.02,MARO,2026-01-27,2026,love
5upTmFcG7SR5MiNZIWlriI,"For You, My Love",3.2,James Smith,2026-01-16,2026,love
3q64KcjBV4nIujwUJ6laHn,What's Love Without a Broken Heart,3.77,Nina June,2026-03-27,2026,love
22XxTWCOfKxQj3BtJu7GnK,Got To Give It Up - Pt. 1,4.14,Marvin Gaye,2026-02-13,2026,love
2dn8vXBExw6lvtg5duBS75,Old School Love,3.81,Nimmakid,2026-01-28,2026,love
0O6D6KvTTYznaRGQmX5bge,Old Love Never Rusts,5.69,Mason Crow,2026-02-25,2026,love
7LTVGT4gKR12F6M75bJB9G,Love Song,3.1,David Tolk,2026-03-13,2026,love
3fS3g09T4kw2dFO8urUjg4,Never Loved,3.69,Phillable,2026-03-13,2026,love
39SHvrK4uXnLLdkg5HDuTx,Love Will Find You,3.45,I Am Roze,2026-02-27,2026,love
6xeSocn0rr0DpsXxATXwfP,A Big Hunk O' Love - EPiC Version,2.11,Elvis Presley,2026-02-20,2026,love
3eIl3fI0Vhyvwati8SYu0K,Oldschool Party,2.38,Massive Disorder,2026-03-06,2026,love
0xfxVt42BFD7YTbf7lEnJN,What's Love Without a Broken Heart,3.77,Nina June,2026-01-09,2026,love
73CxQF3z0iLhrBYV8CAd5x,Love Like Summer,3.92,Rock'n'Twist Euphoria,2026-02-06,2026,love
1xcy5X2wy7NlblbwH3eq9H,Love You Didn’t Do Right by Me,2.44,Tommy Dorsey,2026-04-07,2026,love
5neZlm7VNT9XVOuehtPZrZ,No Love Lost,1.92,"Tenoo, FourNine",2026-04-03,2026,love
6PQA6MBU3xAsZKmahjF9Bg,No Love Lost,2.51,Guilt Trip,2026-03-30,2026,love
103SEhKaPVTSVU7FA8G1VX,Love Lost Its Way,2.69,FUENTES YERA NELSON RE,2026-03-03,2026,love
7sRKJ8WKS3Wak8T95va2r9,Lost My Love,2.78,Tom Harlix,2026-02-18,2026,love
4p3SjzPhcImuzWcsgL43xw,Cowboy Without a Clue,3.97,Yumi Zouma,2026-01-30,2026,love
67lMC8K7XTdXaDWs3p6Eaq,Drag,2.83,Yumi Zouma,2026-01-30,2026,love
79sUtS4tn8kI7yooQALw8r,Dirt,2.66,Guilt Trip,2026-03-30,2026,love
5MYPGTQ4amURz7rYtiELft,Angel Eyes,2.24,Guilt Trip,2026-03-30,2026,love
77gkppKmLHTMiLR2GxAvIt,Love Lost Its Meaning,2.46,YORO FELIPE ALVARO XAD,2026-03-03,2026,love
32ZtXP67cDbHsrdRehOR9Z,Ode To Love Lost,3.24,Fec,2026-03-06,2026,love
3WWjZra39I7JWaytZneBKp,Love Lost,3.01,Jpaulished,2026-03-27,2026,love
67ftDyX4VOREAmFmq6F3Tp,Burn,3.08,Guilt Trip,2026-03-30,2026,love
2RMjR2tc9agwH1fxy0EnwR,Judgement Day,4.02,Yumi Zouma,2026-01-30,2026,love
0oAXgv2hFPDK9QTCXZIo6v,Blister,3.0,Yumi Zouma,2026-01-30,2026,love
6ccNRQsaT5ggHNAkWpND9k,95,3.39,Yumi Zouma,2026-01-30,2026,love
2HxLVcqzjzeNE95VqclODb,Chicago 2am,4.4,Yumi Zouma,2026-01-30,2026,love
47Z85dJqBSa7BBryMlYyF9,Phoebe's Song,4.0,Yumi Zouma,2026-01-30,2026,love
7blTIi1ljRoxpjxfD1a7l7,Cross My Heart and Hope to Die,3.24,Yumi Zouma,2026-01-30,2026,love
3tzRMtdyVxmfPCmOS6vD9q,Love Freely,3.87,Kristian Kristensen,2026-03-06,2026,love
6ptNxJ0JiOlOfVH9F1B6cH,"love freely, fix rarely",1.8,Subtle Signal,2026-02-27,2026,love
7lsE4OD07kQLCNT6USu0Fg,Love freestyle,3.44,Asiaboy 禁藥王,2026-03-17,2026,love
2kzE6y2uUZDuyCwFuGYyiV,Can't Love Freestyle,1.32,Zelgin Jackson,2026-02-13,2026,love
7zmKYS62wA89NswCXbpaMj,Little Miss Lovely,3.21,Suzi Quatro,2026-03-27,2026,love
0eGfx9svoJT2bMyEED47y9,Love & Freedom,3.79,Nite Stinger,2026-01-23,2026,love
3FSBrJt1GBEPp3P7WJt7ve,"Love Each Other, When I'm Gone",3.98,Girls Who Cry,2026-01-08,2026,love
6K7na4KyciHyQCJIebIwt8,Free Love - Radio Mix,2.89,It's Just Paz,2026-04-01,2026,love
4muNheVxDeJhkP1V3WqqM4,SCARS OF LOVE FREESTYLE,2.21,NANE,2026-03-25,2026,love
7qeuszHQ2WLKmj0D7bXaWj,FREE (LOVECORE),3.46,"Albin Myers, ILY",2026-03-06,2026,love
3fJ6GJjYz2UqEoSqmTgLQB,Free Love,4.71,Cast,2026-01-30,2026,love
6HgiO0MWeTMqWCqlwJI0Sq,Love Don't Come Free,2.7,SynthLink,2026-03-01,2026,love
3h1XVX02eknZqTfGFIiMxd,Free,2.77,Otis Kane,2026-02-27,2026,love
3ZGB0holaSYcdsrIWYLIiw,free fall (sky is the limit),4.0,Uppermost,2026-02-20,2026,love
5ydstE0zBlJyZYLGmjRg75,Free From Chain Dem,4.64,Echoes Of Babylon,2026-04-10,2026,love
7fPDgACreD5QDGNVPAv3vh,Freedom For You and Me (Freedom For The World),3.71,Paul Anka,2026-02-13,2026,love
4Cswphj2KboobN7lm5wXuC,Love Now,5.57,"Janis Zielinski, ALWAYS 8:15",2026-03-13,2026,love
0xH1cFUdWaD9bAz8DxVtog,Love Now,3.23,SYNTRIX,2026-02-17,2026,love
0UMuCtlEVAuyIQ0S07Dhge,Love Now - Radio Edit,3.25,"Janis Zielinski, ALWAYS 8:15",2026-03-13,2026,love
1GGIctdSZVQ8fPSMZRFSGr,Now The Love Is Gone,3.33,220 KID,2026-02-20,2026,love
3vwIpOdj3d9iJp8iTcNkUu,Love You Now,3.56,Luke Grimes,2026-04-03,2026,love
1r9wR0pIQs3lQuJ40n4GtY,Now Love Will Begin (Mixed),5.17,"Armin van Buuren, HI-LO",2026-04-03,2026,love
6XzhkW2oYGKfodUkAyFVMb,Love Me Now - Radio Mix,3.62,B-Stork,2026-01-02,2026,love
3lzzadPPHHY64ahrIsVKLp,Love Now - Radio Edit,3.25,"Janis Zielinski, ALWAYS 8:15",2026-03-13,2026,love
3kOXygi4jqMOcawAaMNBmc,Love Me Right Now,3.14,Libidosal,2026-01-06,2026,love
57CgCrMtLixOs8bzBFrrXH,Love Me Now - Live at the Royal Albert Hall,4.04,Ziggy Alberts,2026-02-26,2026,love
589rcX1Y7bDhflUbl5LCsC,Love The Dubs,1.85,5ive,2026-04-01,2026,love
26eJTF7EjPLqYvFr2afCSj,Now Or Never,3.17,Nerin,2026-03-20,2026,love
7eXAPq6LI5T1ka0wprEQpI,now that we found love,3.18,soulfire,2026-01-30,2026,love
60SZIwRXdr8nnPA2OmDUlB,You Don't Love Me Now,3.23,MT Jones,2026-03-20,2026,love
246WXPwx36E7D7xIDZLVeP,Love Gone,1.95,XANAKIN SKYWOK,2026-02-13,2026,love
3wkHhyUVzbhG4cQOkIzqRt,Love Gone Bad - Unplugged,3.15,Scouting For Girls,2026-03-27,2026,love
0L27HOUOWLCevjuJumQrjV,Love Gone Bad,3.15,Scouting For Girls,2026-03-27,2026,love
0gcdOKh5Iu4fb3MsBEwjc7,Love Gone Bad,3.15,Scouting For Girls,2026-03-27,2026,love
2KOiQA9ZPuAqwToqRWLNqA,Last Love Gone,3.43,NiExshadow,2026-03-31,2026,love
6dVoCNrVDqWHLpFTcLOVKZ,Love Gone,3.86,t$unami,2026-03-18,2026,love
120KHIixj2n6OAQh0lO62X,Love Gone Bad,3.15,Scouting For Girls,2026-03-27,2026,love
5N3jMfyNaWMSnXVUxTAV7o,Love Gone Wrong,3.16,The Wilson Springs Hotel,2026-03-20,2026,love
4XmHuXyHasbiM5hrRF9uhm,After Love Is Gone,3.64,Satini,2026-01-30,2026,love
5Eg1Nj01pWojHTl13De5Nd,"Love is now, not when it’s gone",3.37,JF Bassam,2026-01-08,2026,love
5rhwch6cHnDPygZjDZOdsY,Love Is Gone,4.2,"Bradley McFly, Cover Up",2026-01-21,2026,love
5iRv1aH4eNai45KfhjtJ6n,When the Love is Gone,3.33,Des Rocs,2026-02-25,2026,love
4KlureB1ij569cXfn9si64,Love Is Gone,4.2,"Bradley McFly, Cover Up",2026-01-28,2026,love
5MEib8jC19133IMeAp99KL,Street Love Gone,6.18,"KILLIONAIRE, Baccendcap",2026-03-20,2026,love
6N3WMmKmuBcwYU0p8jtO76,Gone Silently,3.31,NiExshadow,2026-04-10,2026,love
6ZzyGOCItoiEcMYEPEGvHy,Where has the love gone?,4.05,Bitblood,2026-04-10,2026,love
7f6PB6Lp5d6n8Df5sGVE4V,love gone wrong,1.72,vahybz,2026-03-06,2026,love
1sacKEATcqb171w86fag4k,Love Back Then,3.05,Tom Farr,2026-03-13,2026,love
3eFBPuf0y3Vguk6GUCNpwP,Back in Love,3.24,Suki Waterhouse,2026-03-27,2026,love
3Q4zqE1WtNhge64jBRW6bU,Back To You,3.06,Loverground,2026-03-19,2026,love
4VIiqPvyqwcOq4lOOhbp7K,Love Back,3.05,"Stt Laurentt, Louoh",2026-02-13,2026,love
64G5XiAyVYxbkAEbzfCUYi,LOVE SONG,2.49,tijger,2026-02-13,2026,love
1RHzAubTKa2XvIWZNbnikU,Everybody (Backstreet's Back),2.03,"MICAH, Perfect Pitch, Rocco, Toni Arcelinni",2026-03-06,2026,love
37itSLLzoDPijtShGCcDey,"Lover, You Had To Throw It Away",2.64,Muylike,2026-03-06,2026,love
3WczaR3s4ExB6FkLY1ht8v,Love Me Back,4.08,"Drew Jacobs, David Garcia",2026-03-27,2026,love
207iDVkXxeYWGxtjcI7G3y,You come back,3.26,"dujanen, TYK",2026-03-01,2026,love
4WB5tPh4nJhf85qFTxpqjQ,Dubai Loves You Back,3.17,Kris Fade,2026-03-14,2026,love
7CXWGO9POHxZMXdXcXuqCg,Back To The Roots - Newman (I Love) Remix,3.88,"Avenue One, Saya, Newman (I Love)",2026-03-20,2026,love
2mBFTDPbKkOXaVv2EsrliU,Back to You,4.64,Cord Martin,2026-02-14,2026,love
5jQg0eNUWvcRoCaXp6Yg51,Back As Friends,3.24,"Angela Ross, Shift to Abundance",2026-03-19,2026,love
5eISFKZXelPjYW4qZTDBo9,Your Love,3.05,Girlfriend,2026-01-16,2026,love
2vGYMJPo9YianMqmMTLZdo,Love Like Never Before,6.63,"Winta, Liora Twani",2026-03-27,2026,love
53Jop1RuhNibhtRpxDgW5B,Love Theme Sad,2.36,John Debney,2026-04-10,2026,love
1iIXB01AHT5ulo896r09JW,Love is Electric,3.32,The Nude Party,2026-02-13,2026,love
1gxXQjAHodmTPG0zDjVPmY,Love Again,2.67,Jayanna Linsey,2026-03-06,2026,love
0S01qHTRU2beCOmmKkGI9o,Love Again,2.95,Franglish,2026-03-06,2026,love
2zGn6hwGCnANDoSsAxlnRx,Love Again,3.83,TWOFACED,2026-02-11,2026,love
13zquj0AOeLC7RWTc7pIMs,Love Again - Extended Mix,5.54,TWOFACED,2026-03-04,2026,love
3JUk8t0pSg2BlwC4nfKxAJ,Love Again,4.06,Meltt,2026-03-27,2026,love
5HPK51U3rMVC18qwAFSPHZ,Love Again,2.44,"Lexnour, Bmike",2026-02-24,2026,love
7FYZICYnuobmzkPGDsa9Y2,In Love Again,2.3,Vybz Kartel,2026-03-12,2026,love
1u5HaiNVlUTcwM8ufM59ID,fall in love again,2.76,"W&W, Blair",2026-02-06,2026,love
70AKIeUNeBDkgtHW22282z,Love Again - HardTekk,2.13,"Schwanzstyles, Fingeraufer, TuT TuT Tran",2026-03-11,2026,love
2J2rrdWIoQSLsTYK5UoML4,I'll Try Love Again With You - Live In Amsterdam,6.73,Jocelyn Brown,2026-03-27,2026,love
271RjQxM5Ux674iJPjWWXU,Jah Love Forever,3.5,CHRISTINA MAETELLE RADDEN,2026-03-22,2026,love
5ATxdujs3nxOX9Slrvjzb9,Love Forever,3.14,"Turbulence, Countree Hype",2026-02-06,2026,love
3Ka6PHGyF7TS1cBd9L385m,Forever not Never,3.91,Vailedmoon music,2026-01-31,2026,love
3g6zYPPqLm9byPNij0WRrZ,Forever love,1.36,Fleex xo,2026-03-03,2026,love
2PebakTKghqajBUgCeF9o4,I Could Sing Of Your Love Forever,5.55,"House of Worship, Martin Smith, Josh Baldwin",2026-01-23,2026,love
1gWGEr8llXko8iQoIMiEKi,Jah Love Forever,3.11,SILENCIEUX HANS SADDS,2026-03-08,2026,love
4cChrv5uDjCt35byRC1NWe,Forever Forbidden Love,4.63,"Sherlockhmbwoy, Sinead.S",2026-03-27,2026,love
22aFAWOrhsZYLsXIPBDkFC,Forever in Love,2.58,SITHEA,2026-02-13,2026,love
0TJSN3LnfutbesB8vhlOw2,One Love Forever,3.41,Rootsman Rebel,2026-03-15,2026,love
2U541n3mhXpyZI4AzlhOR7,A Love Forever,3.12,"Manuel Olivera Almada, Atlantic Five Jazz Band",2026-03-31,2026,love
4XSpgDu8qLMstBRTfWIFLM,Forever,6.21,Sol.,2026-04-04,2026,love
5vcMGOjgKPbMlNK1tjRKIF,Love is A Life That Lasts Forever,4.52,"Andrew Wasylyk, Molly Linen",2026-02-06,2026,love
52G4jELAf6bYKN6ljphGr8,Love Does Not Equal Pain,4.89,SAULT,2026-01-09,2026,love
16DEAeC70XuyW8ctAddFCC,Love Is A Life That Lasts Forever,4.96,"Andrew Wasylyk, Molly Linen",2026-03-06,2026,love
7bM7ek6ohFyo1ZtZT6SmCK,Because I Love You,4.37,Stevie B,2026-02-21,2026,love
6KVPMKafJ2Eke2Z1ewnMIP,Love tonight,3.08,Reflectie,2026-03-27,2026,love
17QHRgVKzl4xwdEDR2mRC8,Love Tonight,3.13,"Goodman, Louisa Baker",2026-02-06,2026,love
7gObicZIXNEyMC2TvAYI4d,Feel the Love Tonight,4.5,Justefunk Funk,2026-03-28,2026,love
1ebXA265XcMOxHIqjeAyfr,Can You Feel the Love Tonight (feat. The Gay Men's Chorus of Los Angeles),4.78,"Josh Groban, The Gay Men's Chorus of Los Angeles",2026-03-13,2026,love
1uiXWUIcHOlBnLGqdqqwdF,Love Me For Tonight,3.39,ryman leon,2026-01-09,2026,love
2omRhAfJ08wUMls6ubPy38,Show Me Love Tonight,3.12,Same Soul,2026-01-09,2026,love
7I27au55MJnTRcPHYjMpcK,Can You Feel The Love Tonight,1.4,Little Songbird,2026-03-20,2026,love
6cwgAC2jtAHsgOPAoKTYcQ,Can You Feel The Love Tonight,1.4,Little Songbird,2026-04-10,2026,love
4GhMiU6ck0S6ARH5k1buNm,Who will make love tonight,2.51,Francisca Angelica,2026-02-22,2026,love
4ZkkdxNBwpDMw5igoxDyfX,Love Tonight,3.13,"Goodman, Louisa Baker",2026-01-16,2026,love
6NnHN60rd1RrFg68OyYaxQ,Love Tonight,2.6,Rami 411,2026-01-23,2026,love
173l96bh69xNUISRhpNDTd,Funky Love Tonight,3.37,Cut Davis,2026-03-11,2026,love
0lJgzGsEROqDq3crENyp4j,Sweet Love Tonight,4.88,"DIAZZA, KorgStyle Life",2026-02-04,2026,love
6InUXT18iyq0vZi3Kab897,Feel Your Love Tonight,3.6,Dj djacky mix,2026-04-06,2026,love
5BXpxabpoirFeuEq9p2IDC,Your Love (Tonight),2.55,FDVM,2026-01-16,2026,love
56JGPERbhYqwdSyzlQFpQQ,Love Went Quiet Tonight,3.14,Blackeyes,2026-02-19,2026,love
1TJtDTl54OpQYyPKxztO3v,“LOVE TONIGHT FUNK,4.62,George Casiopea,2026-03-27,2026,love
2wMmg3ETuPmmoM5vt3IG9o,Can You Feel The Love Tonight,1.87,Milton Abbey,2026-01-15,2026,love
1RMRYixylgmA4Z67iIhBBI,"Love, Dream & Dance",3.83,DSTRTD SGNL,2026-04-10,2026,love
5aeAUIpUwI9RAsFn3s70k9,Dreams (Will Come Alive),2.56,"Roman Messer, Rocco",2026-02-20,2026,love
551FCMHtd49QBgkdIvuqwB,It's A Dream,2.27,"Aquagen, Chris Nitro",2026-01-09,2026,love
0zQvfxfOlR3EBXLKldhpgj,Love Is Like A Violin,2.15,Violin Sky,2026-03-13,2026,love
2uMXi2vW9TrDiM0GATJndn,"Duarte: Appalachian Dreams, Op. 121: II. Black Is the Color of My True Love's Hair",2.76,"John W. Duarte, Sharon Isbin",2026-04-08,2026,love
6DKtih5rF4Q6r9UZMJnTmf,Tender Love,3.55,Steve Dawson,2026-01-06,2026,love
1FwU35hiyeXzSYxRXS8heV,Dream Love,5.57,Alex Bon Space,2026-02-13,2026,love
6rjGCaTsoYURFJkNdA38DW,Love Is a Dream,4.81,Justefunk Funk,2026-03-02,2026,love
1GGvFYBbOatqLsGJKAuSvg,Dreaming About Love,2.29,Gabriele Rossi,2026-03-13,2026,love
5EzhW71tVR5Rad6TdvdYKq,Daydream,4.57,WENDY,2026-01-16,2026,love
3Jth8JLyhb4iVhMUbQ1sxX,Take Our Time,3.07,Loverground,2026-01-22,2026,love
3zfJpmsMkZqw4VuncLp8Fu,Love,2.54,Velvet Daydream,2026-01-01,2026,love
1nkpHq21ZgPuDdCgPefh4Q,Dream Of King,6.06,LOVEBITES,2026-02-18,2026,love
1uz2NgyOzF3j3Z8sx5BBVo,Chasing Dreams,4.14,"KELLAR, TITVS",2026-02-06,2026,love
5GsqhETfGBkNxZtqszqkjP,Dream Lover,2.53,Marc Broussard,2026-02-06,2026,love
6zv946kKMHcI4zeEbQ44LF,Only Love Is Real,5.37,Tour-Maubourg,2026-03-27,2026,love
6vJpHOvUI6txkR3nSNXICY,Lover Without A Heart,2.4,CG5,2026-03-21,2026,love
0lYJ2FwQcMJqHcm2MoKimy,Love In My Heart,2.45,"LVNDSCAPE, Future Fam UNIVERSE",2026-03-27,2026,love
1RbcGUiBkZEqjC7XbZjBDM,Heartbeat,2.72,Ciara Blue,2026-03-23,2026,love
0QehErAApm3L26wOQ8duRo,Reactivate My Heart,2.09,"Rocco, Perfect Pitch, L'EXAIS",2026-01-16,2026,love
7n7y5iNFxZX9dwqdc2xCfM,Love & Heartbreak in High School,3.28,Plastic Family,2026-02-13,2026,love
4iKOogGuVM4mdMarKMkmWb,Knife In The Heart,2.96,Lykke Li,2026-04-08,2026,love
5UhTEsinqsHIR5nGmJQa9A,Heartbeat of Happiness,4.02,OlkoKoko,2026-01-10,2026,love
2kROjrB5HAq39fjf4MwuqV,love heartbeat,3.93,Gràcia Veronica,2026-01-09,2026,love
0GnLG2fL3lhKVWAlKPaB3d,Hearts Turn To Stone,3.34,Halocene,2026-04-10,2026,love
3UndDLgqFJQjSjX2lk7gNc,There Goes My Heart,3.56,Ella Mai,2026-02-06,2026,love
1vR1Atj0e82Um3R9Sw03Fb,Love Song,3.39,"Simon C., Amani Children Choir",2026-03-27,2026,love
2L3P8LmBzJadSddqkUU5xI,Love is stronger then fear,3.95,Simon C.,2026-03-27,2026,love
39V3O5w0vbhHPj9FdUbI5h,Love You Better,3.08,Ora Cogan,2026-03-13,2026,love
1kLrDGqDT6JZ0DOIOpUN9F,Love We Mean,4.63,Drayton Farley,2026-03-27,2026,love
7gUvcPd4yHvXB8zw1KoPlo,A Fathers Love Do Not Let Go,4.42,Mikhail Bennett,2026-02-15,2026,love
6ekvNl8a2WgC9StIdAztNG,Love Does Not Die With Breath,3.57,Mikhail Bennett,2026-02-15,2026,love
7r55QahTSKQPppIQg0BXHQ,Would You Love Me,6.27,Mikhail Bennett,2026-02-15,2026,love
00XRL8YKioCRcSb088xivh,To Love Somebody,3.75,Al Green,2026-01-16,2026,love
0CJHyugq95CyGnDcau66cU,Doctrine of Love,3.34,Jalen Ngonda,2026-03-03,2026,love
2qod3v3MbuBamYUZebS88U,Easy To Love,3.32,"Jordan Rakei, Tom McFarland",2026-02-18,2026,love
0owbHldQEENBOUXpl0QEIj,Love Sick Crazy,2.58,"Joeboy, Wizard Chan, Qing Madi",2026-03-18,2026,love
5LFYuCN0Z3Z4SYwgrhksGU,Love Is My Drug Funk,1.42,"TMXNINJA, LXST DRAGON, EDXJ, just valery",2026-02-27,2026,love
6m7A8YobBtOEliHsp61Z4g,Love.Soul,3.73,"Sti-Lex Rv., WestendSoundz, Rodriguez Vel",2026-03-26,2026,love
4xxV4Ufc55SjQbx9wcHgUM,Love Down the Line,3.64,Ruby Turner,2026-01-09,2026,love
5QL2SBT0tC5LCFa8dll8Pb,Love Feels Dangerous to Me,6.82,You & Me Harmony,2026-01-28,2026,love
3lTIQsde6aWd46WoKO2pry,Love Like This,3.5,Jacob Banks,2026-01-20,2026,love
4X2wd4grYiRaGjS75UncRA,Let Me Love You,3.22,Otis Kane,2026-02-27,2026,love
05efO5nHSELGg0MlD4n4Hc,Loved Me,3.85,almost never,2026-01-07,2026,love
6OTqkfQy9yM9z2bFN2iQMt,Love Has Found Its Way - Live In Amsterdam,5.84,Jocelyn Brown,2026-03-27,2026,love
6EL846jzD5ch79Azws2XZB,Love Fire,3.47,Jonas Sqd,2026-02-11,2026,love
165dn3ollPQSuW0V8g6l7Z,Mi Nai Bibi,2.89,Jonas Sqd,2026-02-11,2026,love
4nrmEygpLSHIKUkuFYDfhJ,Koli Mi Kisi,2.49,Jonas Sqd,2026-02-11,2026,love
5MY8o5HJsrJfzNCTBrWbsJ,Lawlaw San,2.94,Jonas Sqd,2026-02-11,2026,love
3tdSxA1IOys7H6f0syvwYP,Stefanie,2.64,"Jonas Sqd, Jhesiral",2026-02-11,2026,love
70ReGfhosdRY5mNbMMh7oZ,Sama Mang,2.69,Jonas Sqd,2026-02-11,2026,love
2aKba1WVlPcmoNYCQXnhgL,Bombastic,3.01,Jonas Sqd,2026-02-11,2026,love
0A8cGLm7EV7jCV6HpKwLey,Fire (LOLT Version),4.83,Alessia Cara,2026-03-20,2026,love
58752PaYbfLPleCS4q74PY,Fire,2.55,"Bella Luna, Uevo, Just Big Hills, Konstantin Rössler, MiDi KwaKwa",2026-04-10,2026,love
1J452EPbrx9bdAIleJCvoY,Love Me - On Fire Version,2.98,La Sirena,2026-03-27,2026,love
7z7gW4CTau4y2FRD4DgW82,Slow Fire,2.81,KAYROZ,2026-04-02,2026,love
3EaGbgstjMYiptqBrNiceT,Love on Fire (T&R Recordss),3.59,Luna Veex,2026-01-03,2026,love
2sf9cCX7sllMzhzBrxWR8I,Fire Of The HolySpirit - Instrumental Version,10.17,Kyle Lovett,2026-03-08,2026,love
5WYnnXobOxDV5jRS1FiOZX,Fire Love,1.99,Avalon$,2026-03-05,2026,love
5iS5zHKANTF8UXqAzpzeyz,Love Fire,2.24,Iakopo,2026-04-10,2026,love
2HmzJG8edA9FaxbdVgQkLS,Love died,2.99,Intimate Vibes,2026-01-09,2026,love
2dYxT8s4lm7Uo6AKQcq89R,Love Fire Irie,2.77,Vibe4Soul,2026-02-16,2026,love
3Tagj7Ci3RB6VNjVc5Fbw2,Fire Burning Love,4.35,Swen Brotherson,2026-03-30,2026,love
1F0PHI4r3eZyGnGaZpcO5k,Love Me,3.49,Rain Paris,2026-01-07,2026,love
0x4XmpeIFUjP6dJjox9zjL,I Love Rainy Days,2.68,Timeless Hour,2026-02-19,2026,love
37WyDWaZU25LhoNNJs9xRG,Reckless Love - Rain City Version,3.89,Rain City Worship,2026-04-10,2026,love
7qhw9e6NTSdEQSnrVlWe0u,Distorted Love,3.68,"Korolova, Be No Rain",2026-02-27,2026,love
5zePUjbb2H4AW0ZpO6ZEA4,Reckless Love - Rain City Version,3.89,Rain City Worship,2026-04-03,2026,love
10vJoWBsE7Iywka7Xg9Xhy,Reckless Love - Rain City Version,3.89,Rain City Worship,2026-03-27,2026,love
1UYz9COr2mj3QF1bAuJu3J,Love and love,3.75,Rain of Glory,2026-01-23,2026,love
5E1JDzbACMyNhwY5ixlfYw,Love in the Midnight Rain,4.49,Ivy Powell,2026-03-18,2026,love
2WMPetqiQAFOOL3C67qkgW,Love Ain't Love (If Love Ain't Work),3.16,Ronny Criss,2026-02-13,2026,love
1fr3E8ybgvTGSyoPxbVSWg,Love A Little Harder,3.44,Caleb Raines,2026-02-02,2026,love
6nHxpDAMAR95jYLpYUKxmn,Love Sax,3.31,"Rainshow, Soundeep",2026-02-13,2026,love
7JmbJntVi0jSoOuLCDetUD,Reckless Love,2.48,Rain City Worship,2026-03-27,2026,love
26Tnxr7Oq3ZbHrqiW573CC,Rain in My Headphones,1.92,Breeze Mood,2026-02-27,2026,love
4thG1xbGJLoAe5LDKeuzl2,Lovely Rainy Day,4.85,Itty Bitty Beats,2026-03-31,2026,love
7kGvpGaDvYkghoXgxLXtmm,Raindance x Let Me Love you,1.6,Treyvik,2026-04-07,2026,love
0LkN3RcoIHfEttnP4ii7TY,Distant Rain,2.36,Gisèle,2026-02-02,2026,love
2ofGiCQtDzW3SHboZd6EOa,Addicted To Your Love,3.01,The Bausa,2026-02-27,2026,love
4fa3TnbMnFIhJfAAtCDkf0,Dancer,3.0,Claire Rosinkranz,2026-02-13,2026,love
418c0Q9dV29CDjHPpmnCKu,Your Love,3.17,"EBEN, Nu-La",2026-02-20,2026,love
3iCGGFi3RlG7Us7nX7E6KK,Somebody To Love,3.51,Unregular,2026-02-20,2026,love
2Pkhz6qD23OEtxKgK6lIVc,Is This Love,3.25,"TRYBE, RAZZ",2026-01-30,2026,love
6x98PZzecLKDucRBL324qT,Love’s Theme,2.9,Groove Armada,2026-03-13,2026,love
0G3oPhw5CDuITXUjCLdCSi,Love Feels Like You,2.71,Sick Individuals,2026-04-03,2026,love
0rCtHcW3wmcZkflrMw73VT,love u,2.9,"heylucas, Lily Denning",2026-02-06,2026,love
4K6FddH7EArKpM4ZcoA1Wo,Love Don't Let Me Go,2.14,Braaheim,2026-01-30,2026,love
5WksAYTbPNuymwM3q4qXRa,Sad Story,2.97,Lexnour,2026-01-05,2026,sad
6apx3BiHVGXSsvMCb89Xq0,Sad Makes Me Happy - Kotiēr Remix,5.45,"Kölsch, Kotiēr",2026-02-06,2026,sad
3hdvaWRYm8FZcVsVLvnacf,Sad Love,2.09,Funky Beatz,2026-02-13,2026,sad
6gNFgnILRyFM6WU5wxXGHl,Sad Girl,2.59,"GameChops, Curly, Unplugged",2026-04-01,2026,sad
18ESSwIFOZe177UYuvkAKo,Don't Be Sad,1.84,MYND,2026-03-20,2026,sad
7eco6wgIejs4O7e6as3Hvv,Sad Song,2.77,JP Cooper,2026-02-13,2026,sad
3eJM7oK6ehpWmtQd3arwv3,Sad Songs,1.44,Mdot 59,2026-01-11,2026,sad
0Pmyd3LBTdwD5UbqiORoaj,Sad Song (feat. Gabrielle),2.76,"JP Cooper, GABRIELLE",2026-01-16,2026,sad
37OWE3sjo8ecRsnzAlio13,Sad Song (feat. Gabrielle),2.76,"JP Cooper, GABRIELLE",2026-02-13,2026,sad
05qqJOOLE3tfnEOTP67j8U,So Long Sad Songs,3.08,CAIN,2026-01-23,2026,sad
4UkvNSHBWi65SzrdN5fgLV,sad song on the radio,4.3,Siamese Elephants,2026-03-20,2026,sad
4iVpl9b3gloqwA2fiR9GEq,Geen sad song,2.2,964,2026-03-07,2026,sad
1NMRxy6ObEndYwmfSLZyIU,sad song,1.41,meadow,2026-01-30,2026,sad
54Y1PraPHiPhVDoIghZsB7,Sad Song - Arabic Oud,2.53,Oud Awwad,2026-04-09,2026,sad
6YlopjLo95nfJB9A5muI3m,Sad Songs Say So Much,4.35,"VILIXMI, Junior Soqeta",2026-03-05,2026,sad
15uWa8LQTpVs08UyhbTP8X,sad song on the radio,4.3,Siamese Elephants,2026-04-10,2026,sad
5LXzWE65Z6FxOcce1gWTsW,Sad,3.12,Ahmed Abdurahimli,2026-01-23,2026,sad
7kbVZeAVNLLmYKlZploupd,Sadi Somko,5.6,Basa Organica,2026-03-17,2026,sad
33TTAjKg6Q0Lydpl9oMX2Z,In My Head,2.92,"SadBois, TWLGHT, KC",2026-01-23,2026,sad
2kPtKgpW2zE9czRWi6kZsk,Sad Lady - Alternate Version,3.22,John Mellencamp,2026-03-27,2026,sad
4ihlD3QGF0DUU6LB2yeYW9,Sad Lady,3.43,John Mellencamp,2026-03-27,2026,sad
6rJqMWOwgfPNodexUDnopl,Messed Up,3.1,Flux JAG,2026-01-02,2026,sad
1uX5zQ7d9eYTw76oAgULNl,sadistic affinity,1.66,N4meless,2026-01-20,2026,sad
7aGo018t9VBiaH7lWAjFrG,Sad Note - Slowed & Reverb,3.94,"Yerli Media, Duygu Yankısı",2026-03-30,2026,sad
3VMJQzCWSUZce4pfql0Pp1,mental health. - heaven's remix,2.54,tylerhateslife,2026-01-23,2026,sad
4XgLNI8TrRQoCjYR0duguV,Menbad,2.33,Sadegh,2026-02-10,2026,sad
4INHZgVyBB7GelKg23DMqv,Meaninglessness,2.99,"Germind, Ambinoise",2026-03-20,2026,sad
32rNMJ8BK6LcSEwJk99JfF,trauma,1.44,SadMehr,2026-01-02,2026,sad
4UsJJfWOHFJyaeyZLjbrR8,Sad Makes Me Happy - Kotiēr Remix,5.45,"Kölsch, Kotiēr",2026-03-20,2026,sad
7qItwHzEEoksrVW0kIO5lW,Feeling Sad,2.36,Azerty Beats,2026-01-26,2026,sad
5i6q7UFbOx5c5YxjWVxhEr,Unchained Melody,3.66,Marc Broussard,2026-02-06,2026,sad
4Zaqunbvl3RjScvQFH7T1R,Sad Makes Me Happy,4.74,"Kölsch, Bonn",2026-03-20,2026,sad
2ROLqzq8AWlVuGmGZ3rLMP,Sad Scottish Love Story,4.09,Andrei Krylov,2026-04-02,2026,sad
3VUUqYU8weFGZE41Djw82D,All My Life,2.97,Yung Trip,2026-01-16,2026,sad
3KVpQICgnB4YuYLgjlwz6G,My Little Ruin (Funkhaus Version),5.43,Glen Hansard,2026-03-18,2026,sad
7hlqBIsndXunlc6Dt5bgPE,My Sad Love,5.23,NiExshadow,2026-04-01,2026,sad
66Pj7DapAKZ2B6NNNmLJVI,My Little Ruin (Funkhaus Version),5.43,Glen Hansard,2026-04-08,2026,sad
66IJC2AA6D2rMCpw8aRFuT,Mystique,4.94,Sad Whisperings,2026-01-19,2026,sad
2Op2M9xlCMpFLPpLg1rhwW,Sadness In My Heart,2.83,Jjos,2026-04-10,2026,sad
0kV7C2bqXOeIqOnRGGkYPY,Mis disculpas,2.67,Walls,2026-01-16,2026,sad
5VtenQejgkSHJPmTG7B5at,My Mistake,3.65,Dean Johnson,2026-02-20,2026,sad
4zWldG34WhPk6dMWXYCjMe,My Calm Morning,2.86,NAVARRO JUVAL SADSAS,2026-03-08,2026,sad
0v2oY9WTR5rj9ZGMFulzGy,my dearest allie,1.18,"andre is gone, sad cats",2026-02-23,2026,sad
6TUofz3ZL8Ot6ieVyUCOOT,my dear arthur x killswitch lullaby,1.21,"andre is gone, sad cats",2026-01-10,2026,sad
1X84BrJ2FhpVFTshYRTEtE,my own,2.2,sadboyfredo,2026-02-28,2026,sad
4y4VpEWZD5sAwtPte9dA3M,My sadness is crying softly,4.74,Edgar Tuniyants,2026-01-02,2026,sad
54bsUuY5lDmMpbE5ZCHaF4,Saved My Life,2.52,"TR3NACRIA, 3rd Wall",2026-03-20,2026,sad
4rWWu4qyCHr5WIVemOnwSP,sad house,2.0,brody,2026-02-06,2026,sad
4J05X1sCL7TULddT623PuV,My Heart Isn't Broken,3.42,Ella Fitz,2026-03-27,2026,sad
4z2blZHJsuYY2inYtBOFRc,Sad in the Summer,3.58,AJ McLean,2026-01-09,2026,sad
6SWjfcW0VTaapanwwmyAJa,SADISTIC FUCK,3.37,"SLVG, Negi",2026-03-27,2026,sad
5DueJ9Da85vq8Zrs2C08FC,My Sad Youth,4.12,dlstudio111,2026-02-01,2026,sad
4Ifezzu8IO6dc97dDYcAyD,LOVE YOU MORE,2.53,"Sadfriendd, dmitry.rx",2026-04-06,2026,sad
5NoS9awJyRLw9FaB3GZryc,LOVE YOU MORE - Slowed,2.93,"Sadfriendd, dmitry.rx",2026-04-06,2026,sad
7IpfachXiHtBbG02f0Xu3E,Your Side Of The Bed (Slow Rock & Sad Music),5.03,Mark Denver,2026-02-18,2026,sad
4f7dca0251EnlIZ0cQhmnH,You Send Me,2.78,Marc Broussard,2026-02-06,2026,sad
6QagbqR8oDNn1FGBOsJcjC,LOVE YOU MORE - Sped Up,2.25,"Sadfriendd, dmitry.rx",2026-04-06,2026,sad
4e42nLfRmzvcnNE0eWc1FJ,You and i,3.49,Sadder Days,2026-02-07,2026,sad
1HKWi5s4ProoYiYRTHEkO9,LOVE YOU MORE - Super Slowed,3.47,"Sadfriendd, dmitry.rx",2026-04-06,2026,sad
2Y8JBH2mBcyzcNxwxZjP2Q,"Sadness, Don't You Worry",3.93,Tigercub,2026-04-10,2026,sad
0g1x67JyBiF4Fk3E8BZi7V,sad heart,2.0,"idotis., Unknown Melodiez",2026-02-13,2026,sad
57lEnnHXrYmlP0HNHXzRol,Saddle Up,2.0,"LTL, Jojo You Made That, One Don, Erin B, Yung 2nuff, Topman Meeko, Enzooo",2026-04-03,2026,sad
1BTqenD3DLrPwBvQU3Kjsi,Do You Hear Me at Night (Slow Rock & Sad Music),3.87,Mark Denver,2026-02-18,2026,sad
1ooVv4XnEPRYYomLmsHr4o,You Are My Love,3.1,"Germind, Ambinoise",2026-03-20,2026,sad
751TEN6HZEQbmMmmByW9Sz,Love You When I'm Sad,2.94,"Little Stranger, Andy Frasco & The U.N.",2026-03-27,2026,sad
1hgt4klK6tbCXmnwRP22iy,Anna's Sad Theme,1.98,John Debney,2026-04-10,2026,sad
65mt3kxle2q4fESimSRKch,Ballad of the Sad Young Men - 2020 Remaster,7.11,Roberta Flack,2026-02-06,2026,sad
3RAuVwW52RHT2BjPzsxQMz,Your Sadness Is Replaced With Happiness,4.63,Billy Eckstine,2026-04-06,2026,sad
100KmmBjIVgSzIdU3KjvKg,Your sadness is replaced by happiness,4.42,Billy Eckstine,2026-04-06,2026,sad
6Qqgmg9ToeCBXIqvRRWJ97,Sadiye,2.27,Dub Afrika,2026-02-28,2026,sad
0q2jS9LTk68PtYevv6Azn0,Sadness Is Secret Art,3.56,Flux JAG,2026-03-23,2026,sad
1FkXU6rVEn6BeFmM5eCb1Q,SAD! - Techno Version,2.28,"Clipping Again, Too Much Kick, Distortion Issue",2026-01-20,2026,sad
3aWRqdLA3WwLMse9lGRVZ3,Sadness is a Sine Wave,4.02,Theo Kandel,2026-02-20,2026,sad
1ItpZpqguxXb8JbIJCrvJT,people really can change (night 1),1.28,"andre is gone, sad cats, xanesthesy",2026-03-06,2026,sad
4o9md1QtTQfG0k92dsHiR1,Sad Song,3.6,ISLE,2026-02-06,2026,sad
0QhODjQV9R07BGXo2Suio8,Island Girl Magic,3.46,SILENCIEUX HANS SADDS,2026-03-08,2026,sad
3JEmGuVG3YVP4rP9XaAY8W,Ishq Mein Tere Sadqay - Original Score,4.26,Rahat Fateh Ali Khan,2026-02-12,2026,sad
7mIi1I8UO9qLGz83lph0V8,Tell It Like It Is,2.85,Marc Broussard,2026-02-06,2026,sad
0TjbZhKdhI9tMF0zpcffC9,This Is My Sad Love,4.61,NiExshadow,2026-04-01,2026,sad
4wF3q7qTHF3mQgBNXHfioN,For What It's Worth,2.28,Pardyalone,2026-01-16,2026,sad
5Ys7BZuAzMbiOswgGXK4Fc,Is Dil Nu Bada Samjay Si,7.73,"Naseebo Lal, BN BUREWALA HD",2026-04-07,2026,sad
1MHrXR3dbNRktcYGMH7rst,Saddlelight Jazz Current,3.76,Deejay Gridx,2026-02-16,2026,sad
1UgvRXYLTazR6ARJza0p7L,Ishaq Tere Di Jugni,6.52,"Rana Jee, BN BUREWALA HD",2026-04-07,2026,sad
3n4h34ucJzFyofjp0N8jF3,The End Was Painful,2.62,MORGAN SEAMON A SAD,2026-03-03,2026,sad
1IUzINgBVF4PiVqbAhR6Xa,Wash,2.89,sadie,2026-03-10,2026,sad
1W1w5p8YnzWktH8UviVGwu,"dear carl, i remember, i forgot who i was",1.07,"andre is gone, sad cats, xanesthesy",2026-02-21,2026,sad
5gJeqh84QrwsDo6733huD0,I Was Enough,3.79,MORRIS DAMION WILLIAM SADA,2026-03-03,2026,sad
3CYpBhB3RJ4ELFmfRkC3io,لنا في واسط سادات / السيد احمد الرفاعي,5.31,"Sufism Home الحضرة الصوفية, ALI ASSRI SABRA",2026-01-13,2026,sad
259hm4X5v8LphfJZjlXqJc,u only loved me when it was popular (2 take),5.66,Josiah MacCartney,2026-04-03,2026,sad
2l69yvZpjS1W9EU4PaxNRk,Withered Wasteland (Pokémon Pokopia Lofi),2.03,"Sad Gatomon, Sing4DLaughter",2026-03-27,2026,sad
6iUGWljKtYjiMxHSGDptMb,Breaking Up Was Easy In The 90s - Eurodance Version,2.24,"Sad Cat Corporation, for moses",2026-01-30,2026,sad
2iiMqjy0Hr5sutTY17fSTC,East Side,2.97,"Sadboy Loko, wason low cali",2026-02-11,2026,sad
5KcpUJX4IsQt5GXa8Y3cX4,I Wasn’t Ready to Lose You,3.93,SAD-TIME,2026-02-03,2026,sad
6eqY0RBReifK53IjJQkrxL,I Wasn't Enough,3.43,Sad Alone,2026-01-02,2026,sad
0TvNbs0mYhEGlQHzQrBioz,The Distance Was Too Far,2.72,MORGAN SEAMON A SAD,2026-03-03,2026,sad
7vCBqdUzRJqylEuJMpW8hm,"dear carl, i remember, i forgot who i was",1.07,"andre is gone, sad cats, xanesthesy",2026-01-10,2026,sad
04uiDyav93Jrt7H64WE1FY,Our love was like a sad song,2.94,"Harvey Sengers, Chrysa Tsaltampasi, Dennis van Gulik",2026-04-05,2026,sad
3Pm9CUVIRrP1Ie9EtW6Rhm,Hi Cat,4.34,"Tiefe Wasser Berlin, Sadhu Sensi",2026-02-12,2026,sad
6QQTk4gLzOKIkdFSZTjAyA,You Only Loved Me When It Was Popular,3.64,"Lights From Empty, Josiah MacCartney",2026-03-13,2026,sad
1vOedjbSSwapSgXrx5MQPp,Arms Wide,2.18,sadie,2026-03-10,2026,sad
1oRNiMqk7qe59eRgfAfXua,Hi Cat,4.34,"Tiefe Wasser Berlin, Sadhu Sensi",2026-03-27,2026,sad
0SKO7yMhPuX76FsDNhyqEN,I wrote this when I was 22,3.28,Letrux,2026-03-27,2026,sad
0FbHgeM1v8PpQLMZSumGL9,Back in the Saddle,3.55,Luke Combs,2026-03-20,2026,sad
3ji5B00PmFc9ma30C86BfI,THE CEILING UNDERGROUND,5.03,The Twilight Sad,2026-03-27,2026,sad
5xbG3PwIkkN1ftpJZ8p8WB,The Invisible Hurt,7.46,"The Saddest Landscape, Julien Baker",2026-03-26,2026,sad
3aJnzl9KljiF4s5qh4Rgic,The Longest Night,4.42,"NURKO, Valerie Broussard",2026-02-13,2026,sad
3bGsC1pOytPEIeYL51p9Pp,Dancing On The Wall,4.06,MUNA,2026-02-10,2026,sad
47VqjTHCzSCYeWyGQwOxUg,The Joker,2.44,Valerie Broussard,2026-01-30,2026,sad
04p6PukZ6q6USwzwCjKb2b,here come dat boi!!!!!! o shit waddup!,2.04,"Sadzilla, Billy Marchiafava, Booty Gum",2026-03-27,2026,sad
438im1tGVNnJ3Jv6Ia9ZN4,here with you,1.9,saddenex,2026-03-20,2026,sad
1zwB3j3OqGJ6mnk4I2mxwy,"Lord, Bring Us Back Together (Slow Rock & Sad Music)",4.03,Mark Denver,2026-02-18,2026,sad
1R3ejEFUqb1wM8EwH3fEdU,Sad Love,2.61,"NiExshadow, Walk Alone, QiQueen",2026-04-08,2026,sad
4Ruu7bmsLWZ0Yz3Ew7aUYQ,"Fly from Here, Pt. II: Sad Night at the Airfield",5.42,Yes,2026-01-30,2026,sad
5QauyrYplnfBkdirS7S3zm,The Light In The Kitchen (Slow Rock & Sad Music),3.83,Mark Denver,2026-02-18,2026,sad
2RnBDeN1QY070yBa4eHMAf,The Angry Hermit,4.55,Sad Whisperings,2026-01-19,2026,sad
2L774cturf00AqV5lIazKQ,hero tax,2.79,Sewerperson,2026-01-09,2026,sad
3Q7Mr7PU8n2jRRtNtK8eu5,The Man You Left Behind (Slow Rock & Sad Music),4.06,Mark Denver,2026-02-18,2026,sad
3iAshnVzMRxQeyVSnJIfBY,let her go - piano instrumental,3.03,Chilled Pig,2026-01-27,2026,sad
6hiDOnYjWGWTiEqnxQsGde,I'll Be Home Soon (Slow Rock & Sad Music),3.55,Mark Denver,2026-02-18,2026,sad
3QgVVRNpspc33mwY0KUYO1,I Still Say Your Name (Slow Rock & Sad Music),4.65,Mark Denver,2026-02-18,2026,sad
5Hw0oyNUIAvDwyymidgNJS,"Bach: Herz und Mund und Tat und Leben, BWV 147: No. 10, Choral. ""Jesus bleibet meine Freude""",3.53,"Johann Sebastian Bach, Choir of King's College, Cambridge, Sir David Willcocks, Academy of St. Martin in the Fields",2026-03-26,2026,sad
65DekiMnyn9pry2K0iATbO,Shadow Work,4.15,Sad Whisperings,2026-01-19,2026,sad
2o5Y1eDQaCqrIYDtHrUq0h,Strategy of Tension,4.71,Sad Whisperings,2026-01-19,2026,sad
39ZCodZP5p402XGwd89w3o,My Heroine,3.46,Silverstein,2026-02-06,2026,sad
4QZJs7Rj1ty3lfienEnmni,Der Himmel hat jetzt was mir fehlt,2.82,KP MUSIC REAL,2026-01-20,2026,sad
24SmTf9Z9G8riltP6ygk7C,Him no more,2.66,Jack Truelove,2026-04-08,2026,sad
3llmZ0InP2qu17eDGuxDiv,Sadaliye,3.78,"Shadow Shine, Himalka Perera, Mahazona",2026-01-09,2026,sad
5Ri9Mqy7FlzuuDnfdXy8ss,Ale Sadu Dyu,3.31,"Himesh Kowasi, Roshan kawasi",2026-01-30,2026,sad
6JnuKfCLpoLrRMpr65g7y1,Sad News,1.55,Himanshu Sharma,2026-02-01,2026,sad
33C6JeGuTBr0q0HT5y27Od,Sad flute,2.41,Himanshu Sharma,2026-02-16,2026,sad
5ag6REFQ5Cv76lJrT9X3gI,Saddle Up,3.25,ANONYMOUS HIM,2026-01-30,2026,sad
3aOW3xGB0uEkwyHgFMJuoo,Sada Nimma Seva,9.98,Himam Saheb,2026-01-17,2026,sad
20UUhEKoaDdHTX7aHaR3iM,Samb SadaShiv 108 Chants,9.72,Himanshu Gadhvi,2026-02-25,2026,sad
3WQGhoCTDjDBJo1xlxKfoe,Saddle Don’t Fit Him No More,3.67,Harper Lane,2026-02-02,2026,sad
2qRu0jbC8YWqXB7aFNRWcY,I'm Him,3.28,"Kid DET, Sad Classes",2026-02-14,2026,sad
0jyzvrDUgyQY8foWR9Voma,I Loved Him More Than He Deserved,3.25,Ema Rozza,2026-02-23,2026,sad
394xt3NUuiiyHXP0LZdzw8,Der Himmel sieht ganz anders aus,2.79,KP MUSIC REAL,2026-01-20,2026,sad
5MwXyjVhV5CCZDIzT09CdV,Asato Ma Sadgamaya,2.68,"Madhu Mukherjee, Himika Mukherjee, Joell, Chinmayi Tripathi",2026-02-25,2026,sad
0uXDv4B293hjAYK7A9vp2o,Color Him Sad,5.22,Steve Vuich,2026-02-22,2026,sad
2NKtYNN8Mg1mSv5Etlrqyg,So Sad What Happened To Him,3.46,Sorry Monks,2026-03-20,2026,sad
4hLhYJLJbOPSZzDRsmSeH9,Let Him Go,2.8,sadboyylexx,2026-01-01,2026,sad
2vMq6UdIyC8qrsOKsBEaFI,She Choose Him,4.7,RECOVER CREATOR,2026-01-04,2026,sad
6RaYMo7VYjoURKLzm2sc1r,She Love Him..,6.7,RECOVER CREATOR,2026-01-04,2026,sad
6MyZ6FIs7nIXIAhucCqd0b,She Choose Him As Her,5.33,RECOVER CREATOR,2026-01-04,2026,sad
0vcomE3ePvxc5bbPIUKHGN,Real Wock,2.73,Sada Baby,2026-01-30,2026,sad
7K1N01XctAkj4sYGaxX2TH,Los Flow,3.14,Sada Baby,2026-03-27,2026,sad
0fjEV6WnUi59b9O9sQuxuw,GRAVEYARD,1.92,"Sadfriendd, BLANCO BABY MOB",2026-03-18,2026,sad
72ewy8qZkZX3mJlKWKFpkE,Babylonia,3.62,Marteria,2026-02-13,2026,sad
0hYgITv8dIS6UyItvkX5Of,Hey Baby,2.43,"Marc Broussard, Delbert McClinton",2026-02-06,2026,sad
1GXO1FmpTEz9JGCm0vEEoD,Golden Gooses A.T. MIX,2.89,"Bfb Da Packman, Sada Baby",2026-02-18,2026,sad
2flLsWTnsEKy0mCBSpBUp4,Golden Gooses,2.76,"Bfb Da Packman, Sada Baby",2026-01-16,2026,sad
3xlCEpViKUYtm5CBjlGaPw,Baby Girl,2.16,Marc Broussard,2026-02-06,2026,sad
1Eriz304xx5lOvDLFk4gbq,VOID,2.61,"Dream Beard, Sada Baby, Judge & Jury",2026-01-02,2026,sad
6rlBm8TBZnn0feunZ9HZ6J,Toxic (feat. Sada Baby),3.4,"Bruiser Wolf, Sheefy Mcfly, Sada Baby",2026-03-13,2026,sad
7yJoPnm1v3QXrmQryorgQv,Barney Blood,2.44,Sada Baby,2026-01-30,2026,sad
1uOfoMVFGhNWZTg6mNnhnj,Black T Boyz,3.33,Sada Baby,2026-02-27,2026,sad
35Tqgkg7EfDM2rAvNs6YWu,Homework,2.15,"Sada Baby, Lil Beno",2026-03-20,2026,sad
2gboW6ltaSNhiRRcpWHyOU,Big Deal - Remix,3.33,"G-$wazy, Kai Bandz, Sada Baby",2026-04-03,2026,sad
2Jw3dfsiyVjOT1UxtWb4qT,Crystal Lake,3.25,"Steve Mac, Albe Beatz, Sada Baby, French Ness",2026-02-15,2026,sad
0OqBaAnxJcdDDEfBi6dHBl,VOID,2.61,"Dream Beard, Sada Baby, Judge & Jury",2026-04-02,2026,sad
35b5zFXfeB5NJRCiMwNjyc,Saddlemaker,4.61,Blood Moon Commune,2026-03-27,2026,sad
1fNjfqS3xpH4o9gpRRHlqM,Baby Don't Be So Sad,3.09,Sean Davidson,2026-03-04,2026,sad
2EWO6j7Nbli8N4PYjgXubF,VOID,2.61,"Dream Beard, Sada Baby, Judge & Jury",2026-04-02,2026,sad
5IzXTc9TLPLIdliy4RBvCs,SPRAY,2.07,"Dream Beard, Sada Baby, Judge & Jury",2026-04-02,2026,sad
6aQI4kjwwGtxEp5dJ5gpBC,Sad Stars,3.55,Martin Czerny,2026-01-09,2026,sad
6LARP7dxagEEzzViXrrV4h,Sad News,1.85,XQRK,2026-04-04,2026,sad
2KycEfeYmFiuKg9S9ohMdi,Sad News,3.03,Dj Ramixer,2026-04-01,2026,sad
3pamWgGOoP7wVoYlYAO0lf,sad news,1.49,akirogava,2026-03-27,2026,sad
0j8MBA8Z4UWqEuuKxLQLVJ,New Beginning,2.21,"C-Blanch, t-WIN, Crisisbeatzz",2026-01-02,2026,sad
70XJiXojRP2GZA4d0Vaoo8,When We Met,1.83,Elias Vale,2026-01-16,2026,sad
1fpYlrlPinHKz5zRhm5Gds,Sublime,1.6,"reincoltation, zombiwebz",2026-01-01,2026,sad
3iSByTqfAGdjOhx2XtJ6nA,Laetitia,2.77,"Kjell Sønksen, Carlos Hof",2026-01-14,2026,sad
4LzK2Vke2MmXM7o0j0L17x,My Sadness - New Version - Mixed,5.86,A-Mase,2026-03-18,2026,sad
0VQOo71olv5qr6GH2i1a7v,Bob Marcus and the Electic breer bros,1.88,Sad Newman,2026-03-28,2026,sad
1U1ign8s9053CqLwHaUoxi,wish i felt better,1.84,"reincoltation, zombiwebz",2026-01-01,2026,sad
3nMatCBuUa8iEGuNXR2DyV,Sad Lines,2.67,Coopex,2026-02-06,2026,sad
5muGkc1LrlJvZdWcAjuRK0,"Fauré: Requiem, Op. 48: VII. In Paradisum",3.79,"Gabriel Fauré, Sir David Willcocks, Choir of King's College, Cambridge, New Philharmonia Orchestra",2026-03-26,2026,sad
7d2s25PAD95rtZebRtXQo9,"Fauré: Pavane, Op. 50",6.84,"Gabriel Fauré, Gareth Morris, New Philharmonia Orchestra, Sir David Willcocks",2026-01,2026,sad
1ypGIfGnzUQzp6y9ZIc3VP,Saday Dil De Warqay Phool Ta Sahi,3.86,Robina Khan,2026-01-01,2026,sad
2fr05sAob3uxixRjcMMXdh,404SADBITCH,2.83,"Guessmi, Mandyspie",2026-01-16,2026,sad
4NdjkbHTUYe33WyhBk80SH,Sadistic Romance (Clark Connors) [feat. Jacob Kissinger],3.04,"All Elite Wrestling, Mikey Rukus, Jacob Kissinger",2026-03-26,2026,sad
3Wfhf93PiJmzJO0ViFbYry,Now I Want Someone New,2.93,Ella Fitz,2026-03-27,2026,sad
1K2okcMYKoEQGXAvOdx1LL,No Regrets,3.69,"Emory Jones, Connor Quest!",2026-01-23,2026,sad
5qj2efntyxteIZyMxqOdVv,Sadness in Satin,2.22,Lucian Saint James,2026-04-08,2026,sad
4k0CPsO6v19NdLvV3ZLClA,Sad Old Clock - Extended,6.0,Strong Sound Factory,2026-01-23,2026,sad
7sRKgoVMaqtlrkjJOgS8HG,Sad Bitch!,4.42,"Johnny loves me, BEX",2026-03-18,2026,sad
4cmBfP6G7mwbyupzG2Kf4Q,Sad old oak,3.46,A S P,2026-04-08,2026,sad
2r03rngK6NfD1js3WSXm6i,Sad Eyes,3.03,Silent Euphoria,2026-02-03,2026,sad
2CKaXIQaGvf7jxGXFuBd3A,a letter to my old best friend (2 take),3.66,Josiah MacCartney,2026-04-03,2026,sad
0Fj54Yy1jSgoonJfxCHYxm,The Saddest Kind of Forever,2.71,Lucian Saint James,2026-02-23,2026,sad
4eZcb51QqKtVAh9pkZluhk,The Saddest Kind of Forever,2.71,Lucian Saint James,2026-03-02,2026,sad
0Sr7cBEMIc79VUhBSTEp9l,I’m Sad When You’re Not Here,3.47,Jimmie Lunceford,2026-04-05,2026,sad
6qdZeb2R4aQqmw1tliv3bH,Sad Girl,3.22,UR Melodies,2026-04-07,2026,sad
4ps0w9V7tl5nNKm2fuzfSh,Sad Night,5.22,SireyAmara,2026-03-28,2026,sad
2Sm1PTVtjbaJErrgVctjs3,Sad Songs Sound Like Us,3.22,Alchemy96,2026-04-06,2026,sad
6zn1mFIiSqXKKPUeiiLFDa,In My Bones,3.36,Valerie Broussard,2026-03-13,2026,sad
2IC3U58uvInrhmynXu81r1,Summertime Sadness,3.03,UR Melodies,2026-03-27,2026,sad
7Gh0XPBJEmROstk8Ho0oA0,Sadiq Haqiqi,2.78,Chybee Mew,2026-02-20,2026,sad
2ndoX5RT7257MJbJVjHgep,Frio Por Dentro,2.04,SadroX MelodY,2026-01-22,2026,sad
5Yjc8Pz6w9Kuty8xbJ2OIy,Chega de saudade (No More Sadness),2.25,Shorty Rogers And His Giants,2026-02-13,2026,sad
48SH19C98Di9cndZ6qKZWo,Gracia Gratis,2.21,SadroX MelodY,2026-01-22,2026,sad
0xJeXnUHwBaMk0nkS1z2c6,Lost in Your Absence,4.18,Sad Alone,2026-01-02,2026,sad
2JGDjqbUYmM3b8ufoGmjwS,Sad and Lost,2.04,Novito,2026-02-17,2026,sad
7r19rSTXXUmN5dioPGpQmW,Lost My Luck,2.94,"Big Sad 1900, Killio",2026-02-06,2026,sad
0905pZRtia5vmSkoGEATOe,Lost My Forever,4.16,Sad Alone,2026-01-02,2026,sad
0C7cJ6nVTR0v7gocQowcv5,Paradise Lost,4.69,Lucas King,2026-01-17,2026,sad
2WTnPH0wqh5v38eQJLs6o0,"Sad, lost & drunk",1.73,"Joe Mabel, Alex of the roof",2026-04-02,2026,sad
2Z4SE6vM2lPl2C62WhwW0v,"mia x lost it all (2 take) [anarbor, willv]",4.18,Josiah MacCartney,2026-04-03,2026,sad
4Bl3uNy6hRiXYGOiga7DOB,Lost in Your Eyes,4.81,SireyAmara,2026-03-28,2026,sad
1azL8NOlHzo7kpjgz4T1oY,dann_wars_das,2.17,Lostboy Luka,2026-01-09,2026,sad
7EPU48Gz3RX2Sc3e1VfSUS,On the Tears Sad Lost the Umbrella You Forgot Before I Let You Go,5.91,Mora,2026-03-27,2026,sad
6KMpHepsKx9MC3XXAUZMdK,Sad Times,3.99,Lost Feelings,2026-04-03,2026,sad
3ckZyUQVoSgFeaEr729XOl,Lost in the Gray,4.45,Sad Melodies,2026-04-09,2026,sad
3QEB6IAg8jTa2q8XqGnGav,Lost mind,3.02,Gabriela Saddock E Silva Lencim,2026-02-11,2026,sad
0xKDniioTUAdcA0bYM16gj,Not Yet Lost,3.12,Lucas King,2026-01-02,2026,sad
7w2mzvVnbbBopZFf6Zollm,LOST SOULS,3.29,SadWRA1TH,2026-04-04,2026,sad
54l1lXS3euxui9E1soUAmB,Lost in Between,6.48,SaDNovaX,2026-03-27,2026,sad
4ffdt0dAZeUT42eRJ1hGDH,LOST TIME,4.5,sadTron,2026-04-05,2026,sad
1kNxDN9WvD9JSxzUVVl2Ly,Sad Horizon,4.36,Stillness Hurts,2026-04-07,2026,sad
3GOIhc9fQa0nUL05HRrZej,Teenage Sadness,3.9,"The Julies, memory stitches",2026-02-27,2026,sad
7rgY4CeQrT45zqDFpF3VkS,Teenage Sadness,3.9,"The Julies, memory stitches",2026-01-06,2026,sad
0uayCxjgrEAI7gbPwtB4C2,Freedom,2.32,DS Productions,2026-01-23,2026,sad
2HXusbBybgEyiSTR1FrU3y,SADDLE UP,2.82,Free Arlo,2026-01-02,2026,sad
2qukJP4ioQVvklbLEpoU1T,"free (feat. Waze RRX, Fashion Forty)",2.57,"Sadturs, KIID, Waze RRX, Fashion Forty",2026-04-03,2026,sad
0w8MQTyeThB78FCRrgHCka,Ritmo Sad,2.75,"DJ MTN, NavasMC Oficial, MC VN Cria, FreesTyle Sounds",2026-03-26,2026,sad
6PODD0AMld49a41HbLccFB,Chicago (Freestyle),2.47,Sik World,2026-01-16,2026,sad
6kVK5TMWow5ZASs8pR1GJv,freedom,1.89,SadMehr,2026-01-23,2026,sad
0WqdLJTubnbbksTba9dDt1,2015 FREESTYLE,2.11,Saphir,2026-01-16,2026,sad
6kpvFQfvLrzuCd2gJTdxTo,COSTOSO #FREESIMBA (feat. Simba La Rue),1.77,"Sadturs, KIID, FT Kings, Simba La Rue",2026-04-03,2026,sad
5ZSD5g1jKZ3JvZWSApu8RZ,TOGEPI FREESTYLE,2.0,"Rxseboy, Yung Crusha",2026-01-23,2026,sad
4V686TgPFcwn4HFD2PMJpg,blow up freestyle,2.44,shamlo,2026-01-16,2026,sad
5pq73VFGWOlB4DuSoX35dd,I Walked Free,2.5,HUGHES TERRENCE TERRELL SADA,2026-03-08,2026,sad
1YYnjDmqb01U0xaqnlOXFf,Freedom Riddim,3.22,SILENCIEUX HANS SADDS,2026-03-08,2026,sad
1pJsayza97yQLaZHdmjtjA,ORIUNDE FREESTYLE,1.55,DZWS,2026-02-25,2026,sad
7wc78MRO3gdz0H7qt8sBTm,OCCHI BLU,2.77,"Axos, Freeso",2026-03-20,2026,sad
1FJtsymRI2O2PLOE0UrqPR,CBD FREESTYLE,2.74,"sadboi club, lucawts",2026-04-03,2026,sad
7juPqSyU0nk6IuQL44CrpX,eterna city ~ pokémon diamond & pearl lofi,1.74,"Sad Gatomon, Tanoshi",2026-01-30,2026,sad
5X6RkVR3tMfIZRx65myLkE,twinleaf town ~ pokémon diamond & pearl lofi,1.9,"Sad Gatomon, Tanoshi",2026-01-30,2026,sad
7HR1mqXngGZMGdbJK8CsB4,nvvv freestyle,2.19,Sewerperson,2026-01-09,2026,sad
4FKVcWQddTqKamUIIaGfQf,RICCO MA,3.44,"Axos, Freeso, Mattak",2026-03-20,2026,sad
6pgpJgiiPTJzoyJCOuU2Pw,KEYMAKER,2.43,"Axos, Biggie Paul, Freeso, Dani Faiv",2026-03-20,2026,sad
3kUpB6W6SyubOTc1FguwBg,Go Now (Sad Baddie Anthem),5.22,Jøase,2026-03-13,2026,sad
19Oh3eHOgHu3zhs65ROic7,Nowhere,2.58,The Soul of Wind,2026-03-20,2026,sad
5Zvsl82cNKXJr3sZ7O2p9q,gromo.,4.53,"WOIPPY CLUB, Noway, SP!CY, DM8, XBLT, EMPYRH, Yume, Kitamayoru, Diverse, efemy",2026-03-20,2026,sad
5hOr7avpcGAXqwUbOScg6N,i need u now,2.84,"sad baer, curseaugust",2026-02-23,2026,sad
23N0RXqx2TARyecKTv0ZD3,The Prince of Nowhere,1.95,Sad Moses,2026-02-20,2026,sad
1kIoCwjfmMNAjEwntzmaMz,"wooden home x letdown (2 take) [nothing,nowhere]",4.53,Josiah MacCartney,2026-04-03,2026,sad
6H57huLii1p3Yf4Jn2TIQZ,"hearts on fire x wooden home (2 take) [illenium, nothing,nowhere]",6.08,Josiah MacCartney,2026-04-03,2026,sad
25iL8szQi06PmUBTpJxBMb,Now we barely say,3.7,Muic Sad,2026-03-30,2026,sad
7mexrqBojCdHYq2QPaL1BF,Now I’m just a memory,4.31,Muic Sad,2026-03-30,2026,sad
3YF3G441JywemnafKKrCps,"Will You Miss Me, Now I'm Gone",3.9,Robartistique A-Eye Music,2026-04-02,2026,sad
07WY2Dh2TydkDxGGzm31Z0,the sky is empty now,2.1,SadMehr,2026-02-27,2026,sad
2RMSeUhnUuPZxCp3SLZKq2,Sad Smile of Love,5.61,NiExshadow,2026-02-23,2026,sad
1Iwy7bOxXxDWVLrkw7tSFP,I JUST SHOT AN ICE AGENT IN THE FACE NOW IM GAY,2.76,"Acidgvrl, xôx",2026-03-01,2026,sad
7mi2Nz1ihKeOaOo1eA5hYl,Sad Clown Dead,2.43,MarkFir,2026-03-22,2026,sad
4HmhKTy117pKW6Y6zGZTQk,nowhere to go,3.26,NeverxHappy,2026-03-20,2026,sad
4FqZnOmjLvwVOZuCDSVSGw,Now You’ve Lost Me,5.04,MrrBeeCambodia,2026-04-05,2026,sad
66ecw3CPhPSwIpKjmMhAmr,Now You’ve Lost Me,4.86,MrrBeeCambodia,2026-04-01,2026,sad
6cVH5CUzLwtwINe3pb89nK,there’s nothing in my heart,1.06,"andre is gone, sad cats, core.wav",2026-03-06,2026,sad
0GU7lkMNyexbSMEUV4FVBE,the day after you take your life 3,1.17,"andre is gone, sad cats",2026-03-06,2026,sad
6dp2xk4rlABHqFNuRyCH3x,Almost Gone,4.3,Tom McLoughlin,2026-02-13,2026,sad
124YsLh1YOraUBRTGnUwNt,i'm already gone,3.06,SMBDY ELSE,2026-01-15,2026,sad
4kUIdUCOWylvXLyd4tgsQu,the day after you take your life 3,1.17,"andre is gone, sad cats",2026-03-27,2026,sad
2HmdttNQ9htx1ubzxpPZYk,the day after you take your life 3 - xanesthesy remix,1.43,"andre is gone, sad cats, xanesthesy",2026-03-27,2026,sad
74kfVTufTL7Oms5d8cnPKh,the day after you take your life 3 - tooTiredtocare remix,1.47,"andre is gone, sad cats, tooTiredtocare",2026-03-27,2026,sad
4uEz76RQgVhzWkMHUYRgEc,the day after you take your life 3 - endless. remix,1.84,"andre is gone, sad cats, endless.",2026-03-27,2026,sad
2y0ApIRRdOKOc0Vv2SXAgr,the day after you take your life 3 - core.wav remix,1.83,"andre is gone, sad cats, core.wav, lullaby vault",2026-03-27,2026,sad
4T7U9eRyCaSF0LEdp1HbNy,the way i see things x i kill myself a little every day,1.32,"andre is gone, sad cats, tRAUMA",2026-01-10,2026,sad
4weF0CeCiDSm64QK6ePn1I,it feels like my arm's been cut off,1.34,"andre is gone, sad cats",2026-03-06,2026,sad
1z5Po25CubPn7zbWoojKwq,everywhere,1.41,"andre is gone, sad cats",2026-03-06,2026,sad
3gG2v2KXzdTKGd4XkHuTgL,to my dear historia,0.94,"andre is gone, sad cats",2026-01-10,2026,sad
1z2X95Sznn8Jw02hYHZXde,the day after you take your life 4,1.28,"andre is gone, sad cats",2026-01-15,2026,sad
5qXM3kTBY50xPaW9AlwgkR,the day after you take your life 4,1.28,"andre is gone, sad cats",2026-01-16,2026,sad
4eXL6OB2OAvtT2ArEi3cD0,the day after you take your life 4,1.28,"andre is gone, sad cats",2026-03-06,2026,sad
4p5C994GAFsUFGMcFCDAqI,Back on My Bullshit,3.13,Sadie Bass,2026-01-12,2026,sad
2nvc6x6RPp1Txn9H2tAt8O,BACK TO FOURTEEN,3.51,The Twilight Sad,2026-03-27,2026,sad
2aaoxaGvBjO5nnphYrnyrG,Back In The Saddle,2.61,Austin Michael,2026-03-06,2026,sad
75dYoYK2yHYQBEkZ2h5iDq,Back In The Saddle,2.61,Austin Michael,2026-01-23,2026,sad
6tx7SJ3fQqXeKHvWy7Pwyr,back in march (2 take),4.03,Josiah MacCartney,2026-04-03,2026,sad
6unWyizU6o515uy3bqM5nx,Push (Back it Up),2.26,Sadder Days,2026-02-07,2026,sad
2MY0k2hpmvlAtoNuL6CtUX,Saddle Up,2.41,Backroad Raised,2026-01-09,2026,sad
3Cv0uPqE90sEBcKamgD7CR,Sad Girls Bite Back,1.73,Wreckborn,2026-02-20,2026,sad
40A5hk3ASzwrry2jUo4GYm,Saddle Hearts,4.67,SonicPearlRecords,2026-01-31,2026,sad
2JaBsyyiKkD4MxGkPdNguM,sad background music Heartbroken Strings: The Eternal Tears,2.82,The Gyansindhu,2026-04-09,2026,sad
5ILSDkV62lUx28MGrpyR4Y,Back in the Saddle,3.83,"Jacob Matthew, Kalos Beats, Boldy James",2026-03-16,2026,sad
0U27i7S6KgaCKryGrQxWct,Back Alley Abortion,3.57,"Homophobic Fecalpheliac, Pheliac",2026-01-08,2026,sad
0WaygwVUJqmfuWCd7XseMZ,Sad Romantic Piano Raindrops Repeating,4.47,Jazz Guitar & Jazz Piano Reflections,2026-01-10,2026,sad
6MLhqYXNX3qKFSgJVNQLw6,Backstage,2.31,"Fanny, Sadi, Wings",2026-04-03,2026,sad
19QWlNhne5t4pIle89mtze,Sad Again,2.98,luhj3y,2026-04-01,2026,sad
1E2MOrQm3FQ4YsFDClmmoo,sad again,6.72,pantata,2026-03-30,2026,sad
2Aq7bYgL8GAa15AFHAJoeb,Sad again,2.1,Unsreal,2026-04-01,2026,sad
2D9ubzSSWXfESeTn3EpilI,Tell Me Again - Demo,3.78,No Prospects,2026-01-09,2026,sad
6zJU9H3BDHZ7TuSyUq0TZH,Love Me Again (Again) (DubVision & Third Party remix),3.35,"John Newman, DubVision, Third Party",2026-03-20,2026,sad
2RTt101Z90EbeqK8nxWA1M,Don't wanna wake up sad again,3.24,MLIE,2026-03-27,2026,sad
0tONLRNRZqEmUsybTIQ6Ri,SAD SAD DELULU,1.93,LGoony,2026-03-27,2026,sad
4kbuL3mlUGncBzS4AxEpVx,Sad Days and Lonely Nights,4.07,Sassparilla,2026-02-27,2026,sad
120kllil905fsDKNrGqc33,I Felt New Again,3.54,NAVARRO JUVAL SADSAS,2026-03-08,2026,sad
4Cb2dgtWjxWAnTRorcM72J,Sad Tears Again,3.99,Ricky Alone,2026-04-01,2026,sad
6QUMiLJvaX3xpOtiDD2sjo,Sad Lonely Heart,3.51,Ricky Alone,2026-03-28,2026,sad
4oZSVqLPjPJzII7zeOrZxU,Sad Nights Alone,3.2,Ricky Alone,2026-03-28,2026,sad
1o5x5bjHsmQcUfVehZ72uu,Sad Girl Again Tonight,3.75,Aliza,2026-03-30,2026,sad
5WVmreoSCbBJMDs9rW3Ea3,Sad Girl Crying Again,4.13,Aliza,2026-03-30,2026,sad
0zkpG689DSDm8IzI1lcL7H,but we'll never meet again (night 1),1.04,"andre is gone, sad cats",2026-03-06,2026,sad
3fvLfrfJbVlD72D1J5QVHB,Sad boys are smiling again - Pitched Version,1.84,Fwesh Boy,2026-04-06,2026,sad
1NjPXeS9shcWymgUgmNOoR,SADDER AGAIN,2.29,Tray Toven,2026-04-08,2026,sad
4mRI7rKNIoQKJONRhv43qM,AGAIN,1.45,Zaire Ameen,2026-03-31,2026,sad
6Af6TUgyPOPINzXNfqzox8,SAD FOREVER,4.31,"Vigilante Records, LUXYGYN, Before The Devil Knows You’re Dead",2026-04-10,2026,sad
2giOAvgiB3uJUwWYWwKu84,sad forever,3.29,Eliana,2026-01-23,2026,sad
6QwfXjU2A1mYzBU2XqgqND,Forever Undone,4.19,The Saddest Landscape,2026-02-26,2026,sad
7AlPDKKEbdFheCbmJLzIab,Forever War,5.42,Sad Whisperings,2026-01-19,2026,sad
2sujNX4u9NAEKbnalNkEbV,forever - piano instrumental,1.66,Chilled Pig,2026-02-03,2026,sad
5PlnkoJwc8D6wfgYPokdyY,Sad Smiles Outro,3.31,Ralo,2026-02-13,2026,sad
3ZVX0L4QLBHCb4DHT5gxF0,Forever Was A Lie,6.04,SaDNovaX,2026-04-07,2026,sad
3Xb8bTfVwJiGl0tM9tvDJn,forever,3.24,"Benamour, Palo Manieri",2026-04-01,2026,sad
0un7Tq3fwc9XUiaJ3yyF6F,Forever,3.36,SadBoyDream,2026-03-27,2026,sad
6Mo38qf0jIHDJke45l3kRr,Forever,4.96,sadbot,2026-02-20,2026,sad
7neAIjmSwLel7PfKqQZFsN,Forever,2.35,SadBoyExpress,2026-04-05,2026,sad
2LoIaFHMUKiGrASXJxeZSW,Forever Felt Like a Lie,4.83,SaDNovaX,2026-04-08,2026,sad
572HKBmyxu5vvFarX7w9dU,Humming Along With Sadness,3.84,The Soy Boys,2026-03-06,2026,sad
7vi9cqbhzxLiJzK0PkZVap,Love Me Once or Love Me Forever,2.51,Ella Fitz,2026-03-27,2026,sad
4cMQab1wxBzRqJVxAFUpGz,Tonight,2.6,"BGZ, SADYOUTH",2026-03-13,2026,sad
0SjqOdLP1pl70L2qoKSVFL,Tonight,3.27,Roni Sadgan,2026-04-02,2026,sad
0TnMHpt359FlqK78mNXwqc,cool for tonight - sad and gay,3.62,Tornsey,2026-02-06,2026,sad
71XerNb4LQg57GEhvmfOPd,Sad Heart Tonight,3.04,Aliza,2026-04-01,2026,sad
2nz2p5BAysO32xvHFEUA7h,Sad Soul Tonight,3.78,Aliza,2026-03-30,2026,sad
42HHa4rn6Bi5YxeCq02D71,SADDLE UP TONIGHT,3.14,True Nelly,2026-03-27,2026,sad
4l65ITjiTbwRUdUFZUB5bs,Together,3.57,"BGZ, SADYOUTH",2026-03-13,2026,sad
1I8saTa7W1wAUSoWGCMsO8,Tonight Sad Broke the Coffee You Left After You Blocked Me,3.05,Mora,2026-03-27,2026,sad
02kUYNt1hHk64fwJW8p58E,You Wanna Love Tonight (For My 2 Years),3.18,"Awind, SADRECORDS",2026-02-06,2026,sad
0uGhisBBPVvgVTlu8jAg0H,Sad Tonight - sped up,2.27,"Nightcore Dreams, Sped Up Diamonds Music",2026-02-13,2026,sad
43tlBbIZRUt94jjQFDAxhZ,Sad Tonight,4.45,Angkor Sound,2026-02-28,2026,sad
1ERXIgdPIskWHI2RpYqdCb,Sad Tonight,4.08,Shina Noir,2026-02-13,2026,sad
3DtIQFW5ImLT9GMBN1ocXT,Missing You Tonight,3.65,Ricky Alone,2026-03-30,2026,sad
35UPM8ACmBGEjOoDKo9AG2,The Song of Despair,3.64,Serkmusic,2026-03-05,2026,sad
3r0PpNFbXtrZAePu328N8X,When I Hear Your Voice,3.27,Serkmusic,2026-03-05,2026,sad
6ofcjodA6RFgUleq7A4kpf,We Deep Sad Waited the Ring I Never Wore in Slow Piano Melody,4.16,Mora,2026-03-27,2026,sad
5qVqtRpS5QCeSCalkFl6wI,If You Were Here Tonight,4.35,Sad Minded,2026-03-27,2026,sad
6AeeMIbItOWC5iwFzYljYs,Under the Sad Emotional Walked a Letter I Never Sent Until Morning Comes,5.02,Mora,2026-03-27,2026,sad
71ltaFSo10dgFZveZT7XQO,Under the Healing Sad Broke the Rain on My Window Without Saying Goodbye,3.38,Mora,2026-03-27,2026,sad
5Sa1r6LmtMHVZrIEir8ang,Sad Dreams,2.71,Garden Of Delight,2026-02-27,2026,sad
4SepfhPMSffYUIuCOOsIM1,Cold Bed and Sad Dreams,3.95,AngelaShadow,2026-04-10,2026,sad
3jI0D7B1GD81N23LnjeTNI,Tracy's Sadness,1.25,Ridiculon,2026-03-23,2026,sad
7CTH6DzTQNfUvCJlvjOPbJ,Sad dreamss,1.96,Roselor,2026-02-10,2026,sad
2l8UMn0qcCy9J5zdohY9yB,Sad dream,2.37,Alexanderk8,2026-03-28,2026,sad
5iO3Vu0VSHb7jKBVdnCOhf,I'm Broken,3.18,Sunday Night Low,2026-01-30,2026,sad
4odtkzogIkxWBFKulveXD8,The Good Guy,4.39,Valerie Broussard,2026-03-13,2026,sad
2LNGDZseZexUDPgpFJkfQg,Sada Style Superhit,3.87,Dreams in Love,2026-04-06,2026,sad
6Ct5xO0OwwP8TseLdxMwCf,We Were Young,4.33,Sunday Night Low,2026-01-30,2026,sad
6n4k7lBf8jJOavA6tEEBhe,Sad song,2.91,Roselor,2026-02-10,2026,sad
0Gsctpcmn7t3PHmxY9id4l,Good to me - interlude,1.02,Lil Kleine,2026-04-02,2026,rock
4yx6KhJo0FNwNIocfTLM6H,4 Seizoenen,1.59,Lil Kleine,2026-04-02,2026,rock
1uVPYtwVadfJwFxyZdjmfO,Koude nachten,4.36,"Lil Kleine, Yssi SB",2026-04-02,2026,rock
4wr5gEqMnbq465vndt1zcW,Need for speed,1.44,Lil Kleine,2026-04-02,2026,rock
36NILSpdqgKCZmBTfAv1Ye,Hypocriet,2.86,Lil Kleine,2026-04-02,2026,rock
3xbZa70HOBQpGQcaR3HqW1,Song Of The Future,3.92,U2,2026-02-18,2026,rock
3TycFAKTaQfkKmSWrXMQYX,Rockefeller Street Hardtekk,1.4,prodArvee,2026-01-26,2026,rock
0aLbuEhqwyLbnrGhXlsBki,Nobody Body,3.19,"Bryan Mg, Dylisa, Bokoesam",2026-01-23,2026,rock
6Y4UvcMPmigB2masCY39Td,Op Afstand,2.75,"Kaya Imani, Denisha",2026-03-13,2026,rock
3gKXEoSctLCasuL2jHWgW5,Birkin Bag,2.85,"Kaya Imani, Latifah",2026-02-13,2026,rock
2Ld5vsmkp5IQwT8OaIejSL,Rockin' Steady,5.24,BURNR,2026-02-27,2026,rock
0TlcczkVTGpinpkGJpT81L,Drag Path,3.73,Twenty One Pilots,2026-02-17,2026,rock
6bEUzaKcHiKH5B9L1eH9Rc,Januari,2.48,"Rijck, Sigourney K",2026-01-29,2026,rock
61XPuOp0FkBsucySpjoWVG,Livin' For,3.65,Kensington,2026-03-13,2026,rock
3TjR6ccJO902cKi8Al4VCy,ROCK THE BOAT,2.86,XG,2026-01-23,2026,rock
16R67BszYvBW7TdKqmlzFx,So Fine,2.79,"MeoKidd, Bailey KBC, Dylisa, Omachh",2026-02-27,2026,rock
6uG3lOMamTpecbrxkihC1j,Doomed,4.59,Maphra,2026-02-28,2026,rock
3KmFFR1CInXTFKMvZiAmgL,Mercy,3.82,PRESIDENT,2026-03-26,2026,rock
6WFHgxkMRuYNv94UZGePq1,Rock Me Baby,2.27,Dj Yk Mule,2026-03-25,2026,rock
3UXKS54SbgbgKczHWLbgBK,CONVOI,2.66,"2 Mètres, Leblanco",2026-01-15,2026,rock
2DaR6GuQKi78Lq32oRv38C,Twisting The Knife (feat. Mckenna Grace),3.36,"Ice Nine Kills, Mckenna Grace",2026-02-19,2026,rock
0HtowIRBzj2HqgO1XW6eJC,ROCKSTAR RAGING (feat. Swae Lee),4.64,"Mike WiLL Made-It, Swae Lee",2026-01-30,2026,rock
3uKIBnF3SJp0ISehqMn6Ho,Method To My Madness,3.1,Unlike Pluto,2026-03-27,2026,rock
0HmjULrD4c6xHadsJBBCHz,You Rock My World,2.77,"Gianni Romano, Bun Xapa, MHE",2026-01-02,2026,rock
1TpfEKTne9CJM6FBWAx5lV,Rock My Life - Heart Version,3.65,Jeanette Biedermann,2026-03-13,2026,rock
4vk5XpHNsv5SQB37wnmlha,Rock My World,3.74,TOUCAN,2026-02-27,2026,rock
1kvGSsxiLAfHNEymU286ya,"Rock My Nights Away - Seibu Stadium, Tokyo, 12th August 1984",4.75,Michael Schenker Group,2026-04-03,2026,rock
1QAiLsuACG833M1UJ5oQwk,"Rock My Nights Away - Hammersmith Odeon, London, 22nd-23rd October 1983",4.27,Michael Schenker Group,2026-04-03,2026,rock
1xfcLBSl1IZ0F4ynzqoO71,This is my house,2.24,Ninochello,2026-01-01,2026,rock
52BdIVEpaJlegQMbGhnhgC,You Rock My World - AFRO HOUSE,2.03,Noir Glacé,2026-02-27,2026,rock
1afJEcLQnF3pj3mErysCGN,MISS MY CHOPPA,1.71,Rocket Rese,2026-02-06,2026,rock
3v1tbHo7KF5890cO0Q5jSP,Be With You,3.59,Muse,2026-03-19,2026,rock
778qwVVYlG8w9xctN9uCEj,My Rock,3.28,GeeJay,2026-03-06,2026,rock
3LyTdpC8gsb6X24przTH3c,My Imagination,2.83,Melle,2026-01-30,2026,rock
4VwxCRrx0uJdNH54YOfMQe,My Fix,3.28,Cigarettes @ Sunset,2026-03-13,2026,rock
3jnYCrF7UpSYAwwy1URW8d,I Smoked Away My Brain (I'm God x Demons Mashup) (feat. Imogen Heap & Clams Casino),3.18,"A$AP Rocky, Imogen Heap, Clams Casino",2026-01-21,2026,rock
7FbmUnEIx7WGcxxfjRdmE0,Rock Your Baby (2026 Stereo Mix),3.37,George McCrae,2026-04-10,2026,rock
5cFqXHMaS27eHEPmLnIPvi,Rock You Like a Hurricane,3.5,"Nic Johnston, Jawny Sparklez",2026-03-30,2026,rock
1NfrFteiRNp30Uzp0BvHAV,Rock Your Baby,4.01,Horace Andy,2026-03-27,2026,rock
0XB2V1AC21NvsPMdeR2pzM,Rock You Like a Hurricane - Extended Mix,4.3,"Nic Johnston, Jawny Sparklez",2026-03-30,2026,rock
2ZSOU8Fx9uRBW57nwfPVAL,Your Favorite Toy,2.94,Foo Fighters,2026-02-19,2026,rock
6QxgtrEpRnxHJbKLFbKAIc,Your Season,2.53,"KM, Jonna Fraser, SRNO",2026-01-01,2026,rock
3SOtFMs9LZy1Hz9YUfZH2N,Your Favorite Toy,2.94,Foo Fighters,2026-04-10,2026,rock
1bcGr6YEpmillXa3uahw07,Rock Your Body - Radio Edit,3.13,POETRY,2026-04-02,2026,rock
4xMsfLWOPRZHkw89i16LF6,"Rock You To The Ground - Hammersmith Odeon, London, 22nd-23rd October 1983",5.65,Michael Schenker Group,2026-04-03,2026,rock
7faK0eOWGbfxWeuw1inyBN,you and forever,3.92,Bleachers,2026-02-11,2026,rock
5YrYpEPqwBymz2VgbIYGik,You Got to Lose,3.29,The Black Keys,2026-02-05,2026,rock
0FAItdZTWtOMQoQm8YlQVE,You Can Do Magic - LIVE,4.19,America,2026-04-03,2026,rock
1UNVWbwbIEnxElW8b0PTFL,Angels' Share,2.68,"Nathan Evans, SAINT PHNX",2026-01-16,2026,rock
0LO5y23GvCzFCr6j3cSecd,Lost,3.67,Catch Your Breath,2026-01-23,2026,rock
6oyjVwdaKB9FsAYR6FybmS,Cyanide,3.56,Normandie,2026-01-16,2026,rock
4qVnmxM42znvVkaQeA2wgQ,All Roads,3.13,"Nathan Evans, SAINT PHNX",2026-01-16,2026,rock
0yOuX0GlvDU1wHkayVJG3K,The Tide,2.29,"Nathan Evans, SAINT PHNX",2026-01-16,2026,rock
0c9E3Ed75KxOFVPvkK3jzj,Last Orders,2.16,"Nathan Evans, SAINT PHNX",2026-01-16,2026,rock
6nxyzKsvueJ0AJNwueyw8t,Isugaku Never Say Goodbye,3.67,"Stevie T, ZP Theart",2026-03-13,2026,rock
3hAo6PQv3Qc6wBOvqn7ytU,Is This All There Is?,4.91,"Anna Calvi, Matt Berninger",2026-03-16,2026,rock
0ui3ALmOhYOin5CCB2dBj0,For You Tonight,3.08,"Collin Salcido, Elendae",2026-01-04,2026,rock
1ISCIXiQ6PHTPDD8oQId9E,Rocket,2.77,"Robbie Williams, Tony Iommi",2026-01-16,2026,rock
1fbIlgO7EgYsDzk3r3uRz2,In A Life,4.57,U2,2026-04-03,2026,rock
4jf58fD6VB6X5XUTAeVVqd,let me break.,4.12,Bitter Ends,2026-01-09,2026,rock
2F8KQC2xIsA9tdP7UJIH9h,Is This The Real You,3.78,Sevendust,2026-01-29,2026,rock
02oWeVIoVd0jjVKI3LrM3k,one eye open,3.28,Charlotte Sands,2026-03-06,2026,rock
2mm2MsHpeWelBPwiaCQ9Zh,This Is The Time Of The Year - Remastered,3.64,Golden Earring,2026-04-10,2026,rock
4vI5vmoRpxsEgEftEEBfUb,Wasted,3.31,Highly Suspect,2026-04-03,2026,rock
6kVnb86QgkVuLymQNEqkSq,Wasted Youth,3.63,Feng,2026-02-13,2026,rock
20A3qFGFeJFzxVSm7JHWEw,Wasting My Time,3.25,Culture Wars,2026-04-10,2026,rock
5c1CVM0LJ4grZc1BvWITtJ,Waste Of Time,3.08,Rec Hall,2026-03-13,2026,rock
5LTIxoesfEED3v4SrQGnTo,Waste Me,2.74,Weathers,2026-02-13,2026,rock
4Sf27uqzUGBEvnw7kuMuxD,Wasted My Life,3.93,Halocene,2026-04-10,2026,rock
5R2hi83zLeptlrrXrK8XgZ,Wasting My Time,3.44,Travis Bolt,2026-03-06,2026,rock
3oo8R4DurBX1hnuHuaWVSZ,Wasted Youth,3.63,Feng,2026-02-12,2026,rock
5ZdUJHu3SEkyaJiKPa1b2c,The Wasteland,7.3,The Dear Hunter,2026-03-20,2026,rock
5ZJpeEg7zuVPv3HCvd2cd0,Wasp,3.6,The Orielles,2026-03-13,2026,rock
0RQMtA0uUT9NkMOmfnhzrZ,Dog House,3.36,WASTE,2026-01-26,2026,rock
2Hz9us6MfLhjk4iwQGc9yP,Waste Of Time (Counterfeit),2.14,Snave,2026-01-16,2026,rock
4XKQaX4hJiNoNBlnbuZ8U4,Waste of Time,3.8,Maverick Smith,2026-03-19,2026,rock
65jGSmJAFdk33pl89u1Bhl,Wash Out,4.07,Plum,2026-03-20,2026,rock
613oOKOga5hwD4KqFKJQUq,play (feat. kamasi washington),2.18,"WILLOW, Kamasi Washington",2026-02-17,2026,rock
6eaT24I2d7nfLLFiGx2Dco,Wasteman,3.08,Nautics,2026-02-24,2026,rock
6nXeK0V02LLsFWdcJLe1Oi,Wasp,3.6,The Orielles,2026-03-10,2026,rock
2Y8Cq82XEeOzgnni6nockw,I Wasn't There,2.41,The Jins,2026-02-06,2026,rock
7uff8vqxelaNWGqcKaMwdN,The Wasteland,7.3,The Dear Hunter,2026-03-20,2026,rock
7xbm7N53YkokRYJwda3wdJ,When I Was Young - Bonus Track,2.65,John Mellencamp,2026-03-27,2026,rock
3f5ZM4DDltDyFT3qv0eumm,Rock The Party,2.94,Tayak,2026-02-04,2026,rock
0yxIs23fMTp5o7HynwiaCE,Rock the Place,3.25,CARV,2026-02-20,2026,rock
0bc2eo4im4AUnYgE2Kdl9A,Rock the Beat,3.28,"OMRI., Vintage Culture",2026-03-13,2026,rock
1zr31qgg6jxJHLZY8pLvHm,Rock the House,4.57,SOLYD,2026-02-06,2026,rock
2K5NjkIuSS4kodxQneNZ7D,Rock The Party,3.95,"Space Motion, Soofnic",2026-04-03,2026,rock
5eUqyBKFdnSDjaljStvIbC,ROCK THE NATION,2.57,WHIB,2026-01-29,2026,rock
1hMgNRlfgBvEZCynG9W1m9,Rock the Cradle,2.35,Konradsen,2026-03-27,2026,rock
7acEZAdqYIkQTGh3gAzFOy,The Wall Of Dolls - Remastered,3.62,Golden Earring,2026-04-10,2026,rock
2xsTsnA5QOFCnFXdEHGkli,STAY HERE 4 LIFE (feat. Brent Faiyaz),5.77,"A$AP Rocky, Brent Faiyaz",2026-01-16,2026,rock
0X6dQqcMQywpbvQIvIR4hl,Hero,3.94,VAELYN,2026-01-30,2026,rock
0WkxEasbtL1Z6KKxerPDtG,Heroes,6.17,David Bowie,2026-01-01,2026,rock
38e4Y5iUy6zRTm3SbSFgPC,STAY HERE 4 LIFE (feat. Brent Faiyaz),5.77,"A$AP Rocky, Brent Faiyaz",2026-01-21,2026,rock
1HPzuEZ61qIcuEJ4o9ss31,Here - LIVE,5.88,America,2026-04-03,2026,rock
1o3VBLCPBjwM9npexE4Ig0,Here Comes The Summer,3.61,tjels,2026-01-02,2026,rock
6tZ40C7U8OuKMO5UUaN0vU,Here & Now,4.01,Yot Club,2026-02-26,2026,rock
3xHCqQOUvAPqAeWbfiSTSt,Imposter,2.64,Louis Tomlinson,2026-01-23,2026,rock
1LzTezn1SQnB2S9z6t6tPT,Here's Ya Boots,3.19,Suzi Quatro,2026-03-27,2026,rock
5Njbm0SdToCWO5bgLY8Yqw,Lemonade,2.63,Louis Tomlinson,2026-01-23,2026,rock
3Z1Axz1yymMRgY0m9maVdx,Here's to the Wild Ones,2.55,Hurricane Highway,2026-03-06,2026,rock
1gEfZxyjsamhqt08jeH24P,Rockin' Robin,2.53,Michael Jackson,2026-04-03,2026,rock
74Htt1SSAm1YrIqPq6DfU1,X room,3.59,Xdinary Heroes,2026-03-25,2026,rock
5nzyLJpYxcrSmpJoxQBkdq,Here And Gone,4.08,WT Feaster,2026-03-14,2026,rock
62kGp5qOISAfbyzyoHA7Pu,Here Comes The Summer,3.61,tjels,2026-03-06,2026,rock
78wXoN8e8MCIiDDmICymqD,Here I Am,4.39,CharFutur,2026-04-06,2026,rock
1WZrns8z32q0jLisxv2wQF,Here I Stand,3.33,Victoryland,2026-01-23,2026,rock
6Asusvso8663OBJJI5BQzF,Palaces,2.8,Louis Tomlinson,2026-01-23,2026,rock
4q9fgr6BDcpnTaH4MASmSY,Her Mind,3.8,Last Dinosaurs,2026-02-13,2026,rock
6TDJAIf9UQsohHzUBD00k9,Little Heroes - Bonus Track,2.79,John Mellencamp,2026-03-27,2026,rock
1caJuKyM2xqaAdGfFJih0Y,HIM,2.28,Blood Orchid,2026-02-03,2026,rock
3SWYtBUHZaPmlGsr4Q7jaJ,Humility Was the Entrance,4.04,Oryn Etheria,2026-01-07,2026,rock
7vj2tW89HC3WDK5ijLNZXp,just look at HIM,3.16,The Band JAREN,2026-04-10,2026,rock
16cTn4kQiDzAOcM9yXfPi7,Frozen,2.19,Dolorous,2026-03-06,2026,rock
2VL59zU3IVecz5d1XC9ouh,Himmelsjäger,2.96,DIVISION 95,2026-02-09,2026,rock
7e4hjWZr70p2PCCVKRCZVL,Himig Ng Kapayapaan,5.64,Shred & Reverb,2026-03-28,2026,rock
4uZEPI134eIM1crB74ZTqi,Behold Him (John 1:29),2.83,Native Raven,2026-02-05,2026,rock
5bhKH2kn51ZgBAZ7evcWTo,From Hell to Here,2.94,HIMALAYAS,2026-02-06,2026,rock
4pfhv2PwBnV03t87vQcXu3,Him/Her,6.22,Marlin,2026-02-26,2026,rock
2Qbp3OdAuAaLjdjD0AVemS,I Fixed Him… He Broke Me,3.7,Dark Horizon,2026-03-28,2026,rock
73yP1jki06NpJLtCFx6NN7,Join Me - Razorblade Mix,3.59,HIM,2026-01-23,2026,rock
2DKg29SOQztXLxr7VaymlU,ESTEVAO,2.42,"XÉNON 06, New Jazz France, KAMÖ",2026-01-16,2026,rock
2Ex9uzwsX2dpk9SMBtn23B,We so proud of him,1.6,"rockurfella, flauntinnn",2026-02-17,2026,rock
2XqsX82SnhrCvM5DfNf82h,Don't Let Him Go,3.75,REO Speedwagon,2026-01-23,2026,rock
22oLlm3pHSQN1y88ltdssO,All To Give Him Glory - Reimagined Instrumental,4.04,Red Rocks Worship,2026-01-02,2026,rock
13sz8vPrsnVAiS9i9q2pym,First Cut,3.15,"Demario Cooper, SG Records, Jaus Col",2026-02-14,2026,rock
6X20UHaGnLkCezWQOrYdku,Alone,2.63,HIMALAYAS,2026-02-06,2026,rock
6goYF2xNsEQMAwyb9o9x4t,What If...?,3.6,HIMALAYAS,2026-02-06,2026,rock
7huhmWHftSpMkq3Y9CvuKA,Crown Him With Many Crowns,3.88,dominion.exe,2026-01-15,2026,rock
5be9hii9fPN0yRZcgsYhbC,Rock Baby to Sleep (with Pink Noise),3.53,Baby Lulu,2026-04-01,2026,rock
7HGS4oPYDmBPeBVPERU2MR,Rock (feat. Baby Gang),2.93,"Lacrim, Higashi, Chahid, Baby Gang",2026-02-06,2026,rock
2JfyjfqbQrTXMzH8n0fOht,DON'T BE DUMB / TRIP BABY,4.76,A$AP Rocky,2026-01-16,2026,rock
1IYHFQ1lHsWit8CylEpctV,Rock Wit U (Awww Baby),3.17,Alex Hobson,2026-03-06,2026,rock
0X4jcaKHmyyeS01NHafE9G,...Baby One More Time,2.19,"New Beat Order, Seeko, KROMA, Amero",2026-01-15,2026,rock
7neCauKlOKggOrREOyV8DZ,Rock-a-Bye Baby,1.06,Little Songbird,2026-01-09,2026,rock
3DMND9loKpbSj2t8DJTYao,Rock Me Baby,5.55,"Van Morrison, Buddy Guy",2026-01-23,2026,rock
4iCblXLpu1h4sjcynMuVdb,Rock-A-Bye Baby,1.71,Tess & Tim - Nederlands,2026-04-10,2026,rock
4fkzxqB0iXVcL3DZhXXuYe,Rock Me Baby - 2026 Mix,6.38,Robin Trower,2026-04-03,2026,rock
6YuCxOet8RGcDqdHSaSzPc,BABY,3.0,Symphony Of Sweden,2026-01-07,2026,rock
2TVzHWD1s4YEKK8R52jz1l,BABYDOLL - Rock Version,3.0,Eiden XII,2026-04-10,2026,rock
3SZjxGY16zgvf1E7YWYubg,T.A.N.G.O.,3.71,Olive Vox,2026-02-13,2026,rock
4w2g4vMJNfcvSBhYO8NEhj,BABYDOLL,3.33,Olive Vox,2026-02-13,2026,rock
28gio5uWoXA7iqFxdBATi0,Rock-a-bye Baby,1.67,Willow Fern,2026-03-27,2026,rock
3B6RsZqdOu5oDWx2KVVJ5U,Baby I Know You Well,3.84,Telescreens,2026-03-17,2026,rock
1juv4LQazXhZ43TVtopIHD,Rock Me Baby - Original 1975 Mix,5.97,Robin Trower,2026-04-03,2026,rock
69BXiFcVyaSHegps0m1TCD,Rockefeller Street - Hardstyle,2.53,"New Beat Order, Seeko, KROMA",2026-03-06,2026,rock
7KLFCXhioKvErGSF0qD1Ag,Die For You,3.46,From Ashes to New,2026-03-06,2026,rock
5BDBmZ4a3B5KS2FuD8SAwM,NEW HORIZON,3.12,Miles Jeppson,2026-01-23,2026,rock
65IZ3aE28kVpJ4RDmzp5wX,New Norm,4.23,Nicky Rubin,2026-02-06,2026,rock
7gKG7EJIW0fSUAHmOr4b3q,New Self,2.63,THE BOBBY LEES,2026-03-04,2026,rock
2cLjmhezy7CVKMTRAOcnEx,Strangers,4.49,"Black Country, New Road, War Child Records",2026-03-06,2026,rock
2xG4iJN3fMrYPQ6WxfEzGY,The News,3.8,Jade Street,2026-01-07,2026,rock
4fzNnJKhgFueO0tcstBrQG,New Year's Eve,3.09,Robber Robber,2026-03-30,2026,rock
2vXCqHgyAmx6UaVt9QHrJu,Rock Solid,2.79,New Dawn,2026-01-09,2026,rock
3m4xW9seUBWVPdP3oDSIlv,New Shores,4.78,Umoora,2026-03-20,2026,rock
7mSWvlQpztPoJiswhM6pbd,Villain,3.9,From Ashes to New,2026-01-30,2026,rock
3CSqir2cSslY3rWkPBGCQe,The Turning,5.07,The Notwist,2026-03-13,2026,rock
4uHI01Rx6DdWafeBG21ULB,New Wave,4.07,Silversun Pickups,2026-02-06,2026,rock
5WQFa6YYgtRkPrB55B0AQD,New Years,3.1,Ax and the Hatchetmen,2026-03-27,2026,rock
1jC42o96GwlXNdjNvdXDIW,New New World,4.23,Jon Anderson,2026-03-27,2026,rock
3AG9SlkJYoRCj07UP1lNFX,New Day,4.47,Liz Cooper,2026-02-20,2026,rock
45U8rfdzEnlcUSY1pnaIGV,Suspicious Minds - EPiC Version,4.84,Elvis Presley,2026-02-20,2026,rock
6SynsynLtlx7uhiF72fdGJ,Tiger Man - EPiC Version,1.69,Elvis Presley,2026-02-20,2026,rock
7afxQxJpywkAueN89eHhpR,That's All Right - EPiC Version,2.04,Elvis Presley,2026-02-20,2026,rock
7GLbE4oQwqtfk09eOmntNY,Wearin' That Night Life Look,3.21,"Elvis Presley, Jamieson Shaw",2026-01-08,2026,rock
16aJRi9If4WFsIyCA9yYFw,Big Tree Blue Sea - Remastered,6.22,Golden Earring,2026-04-10,2026,rock
0GKkN3FQIpMh3s08scmgNn,Little Sister/Get Back - EPiC Version,3.07,Elvis Presley,2026-02-20,2026,rock
0ArOckVnMzHCbmNBsv4ZPG,Wearin' That Night Life Look,3.21,"Elvis Presley, Jamieson Shaw",2026-02-20,2026,rock
78oh4jXUjcp5cQJ029Qk04,Old Time Rock & Roll (Classic Rock),4.51,CoverSideMusic,2026-02-26,2026,rock
7h7segcjmSM02cdBq6VQGk,Öldüm Ben Kaç Kere,5.8,Ozbi,2026-01-30,2026,rock
1nm4xrN63KfQrmbACr9169,Old News,2.82,Peach Fuzz,2026-03-04,2026,rock
7AdUOw84AsODwNGIA6WKuo,No Geet T An!,3.13,Huub Ruel,2026-02-27,2026,rock
4rlb5KfjjTDagW6voPyN2e,Rock & Roll,3.18,Johnny B. Rockin,2026-02-20,2026,rock
0WM5qWQOoefMVuuRxRTkU3,I Can't Stop Loving You - EPiC Version,2.22,Elvis Presley,2026-02-20,2026,rock
2dLp14MDxstpQrEuiwNkG9,The Old Arcade,4.58,Auger,2026-03-27,2026,rock
4PkbBdG56Gi0FWhThDfTDS,Hound Dog - EPiC Version,1.35,Elvis Presley,2026-02-20,2026,rock
3MoeUxs5PsOOtxsoPX8rua,Old Mother Reagan - Remastered 2026,0.52,Violent Femmes,2026-04-10,2026,rock
5YlA9dWgIQZhRs5f3LnJKr,LosT - L.I.V.E. In São Paulo (Live Immersive Virtual Experiment),4.9,Bring Me The Horizon,2026-04-10,2026,rock
5eNbf351mHe8gzlVqTlrpg,Geen Keuze,2.63,"prodbyflix, Benaja, lostboyshawty, Hiltje",2026-02-20,2026,rock
2mpXcmYxyKLZSg41JRmJFR,Lost Your Ghost,3.97,Two Feet,2026-01-23,2026,rock
2x3avpeG5Yl6WFghTE2ylM,Lost in Silence,3.58,Arts Inc.,2026-01-30,2026,rock
2GtvYboAzoiMd76bzoQfdg,Lost,3.67,Catch Your Breath,2026-03-20,2026,rock
3r2qO0RM9qiozecXEMJLyn,Lost for words,4.05,Tavoc,2026-02-14,2026,rock
6SV9tTiBA2RUWDF5pB1pin,The Lost Road Found,4.39,Jeroenymus,2026-02-20,2026,rock
5IUR4hhtmWhLjczEJ6BkxG,Lost in This Town,5.45,Mezcaleros,2026-03-13,2026,rock
1UjYrRYeqttcHV64plwyMw,Lost Control,3.2,Arts Inc.,2026-01-06,2026,rock
3WJbsg7JPm7BEgb0dwzizR,Lost,4.08,Vilamoura,2026-01-16,2026,rock
0ztY1SviYJPLzn5CSWgUYQ,Lost,2.46,Vormentus,2026-02-27,2026,rock
7gM6jbrTioObbmTpLKIFc7,Geen Keuze,2.62,"prodbyflix, Benaja, lostboyshawty, Hiltje",2026-03-27,2026,rock
3f5w2TEkCGnzd6nvjo6B05,Lost in Our Hometown,3.96,"Pepper Ryan, Houston Bernard",2026-03-13,2026,rock
5gf6SDHpjiGGminEpAngTo,LOST LOVE,3.12,KRIS NOX,2026-02-25,2026,rock
1cnGwnZ5kRSAQKrbRQtz3v,Rockets of past,5.1,Rapossa,2026-02-26,2026,rock
0U9JVPSHbpO34SluD75ZLa,Lost Your Ghost,3.97,Two Feet,2026-02-06,2026,rock
0WG1iYgvHuOf25wERaFjUZ,Situation Lost Control,3.39,The Cheaks,2026-02-04,2026,rock
5NoTxYZYfYDhqFn8prjrsT,"Lost Horizons - Manchester Apollo, Manchester, 30th September 1980",9.19,Michael Schenker Group,2026-04-03,2026,rock
3oOhSGUZSmV6XsANXjaEDj,Free,3.13,Beartooth,2026-02-27,2026,rock
4aJxOsofrBjdSFfR1TDoHx,Free For Another Day,2.71,Son Mieux,2026-04-10,2026,rock
1jusbIkaGIp2Ea9iY6vZqp,Free Again,3.17,Moon Rocket,2026-02-19,2026,rock
47RK7Uvrp0iw2ENTwwvZXW,Free,3.98,Arctic Wave,2026-01-16,2026,rock
0xqcgfZleeTXX1xLF2y1GE,FREE MY MIND,4.47,Hannah Geller,2026-02-27,2026,rock
6yzerWTAqpWq9sd5OFYEUN,Itch For The Cure (When Will We Be Free?) - L.I.V.E. In São Paulo (Live Immersive Virtual Experiment),2.56,Bring Me The Horizon,2026-04-10,2026,rock
0thGpdXsngs8B9iD5bto8w,Freedom - Single Version,3.24,Suzi Quatro,2026-03-27,2026,rock
6XR6ZVHoMNzDmoAEz2YiEw,Kick Out The Jams,3.68,Suzi Quatro,2026-03-27,2026,rock
2gHTSQ4beip8C6GOut2zJj,Hanging Over Me,2.38,Suzi Quatro,2026-03-27,2026,rock
0SnWgcuUt74JkxsHGcQM43,Take It Or Leave It,3.37,Suzi Quatro,2026-03-27,2026,rock
1Le2yMMBFV5rOqwc6ePO64,Freed Mind,2.88,Vin Bogart,2026-03-19,2026,rock
0Kdu2qRBfCRJJdWtEdKFjL,Freedom - Single Version,3.24,Suzi Quatro,2026-01-29,2026,rock
0BVU3zYddVfzC1MpCtnA5G,Going Down,4.23,Suzi Quatro,2026-03-27,2026,rock
3fHFFpcEDd5FnD0kIyZr7v,Shakedown,3.6,Suzi Quatro,2026-03-27,2026,rock
2CVLCkHuXQqetIbaWHvWQU,Choose Yourself,4.72,Suzi Quatro,2026-03-27,2026,rock
3NlY2URVt2jhHaddS3kmO7,Woman's Song,3.0,Suzi Quatro,2026-03-27,2026,rock
1n24EVMJmZayWtTN1I771Y,Can't Let It Go,3.05,Suzi Quatro,2026-03-27,2026,rock
4N4u3y1nuAvyBnDc8DK49O,Nobody Held My Hand,4.82,Suzi Quatro,2026-03-27,2026,rock
7J5g2FB6ZE31CALVhgiRDs,APOCALYPSE NOW,2.84,"Rockywhereyoubeen, Bartofso",2026-03-20,2026,rock
6lrb7DTDVmbyoDLXz1PGTE,Nowhere Bound,4.29,Rocky Lane,2026-01-11,2026,rock
7t6a7n23SZQ5A5OuXYu3uO,All In Now,2.77,Dogstar,2026-03-06,2026,rock
1c8Ds2kYEoM6ntadB2A6mI,Rocket,2.77,"Robbie Williams, Tony Iommi",2026-01-19,2026,rock
24oGzkjuNLO1gdseyiB6Hl,_hey now,3.11,Blaudzun,2026-04-03,2026,rock
31pQoc8amAuTckrmjwBNXZ,Now That You're Gone,4.06,Lansdowne,2026-03-27,2026,rock
0c5eEKZW45gQyBNipU01yW,Nowhere to Go,3.28,The Cold Stares,2026-01-16,2026,rock
0Egb9wRwwLqv7qoXYrgApM,Now and Then,3.67,Ed Prosek,2026-04-03,2026,rock
6VfOJPrdMK4KZN9LidPP4i,Spies,3.41,Robbie Williams,2026-01-16,2026,rock
007SVLYWd3tz3bQKsHxcYB,Now I Know (Classic Rock),3.58,Mark Denver,2026-03-02,2026,rock
60vWJQbZiM54JApQwfwwP8,Now and Then,4.05,The Band Memo,2026-03-11,2026,rock
1iVQPKPhpoBM1OdeMUCTig,Tougher Now,3.01,Danny Bryant,2026-01-23,2026,rock
0KuXPUzyVUaYzzsRE2Ov4a,Right Now,3.67,Our Mirage,2026-01-30,2026,rock
5pSjRYcz1zkFX2LuFPEMts,Now or Never,2.95,"Lui Joseph, Saticöy",2026-02-06,2026,rock
27XmmRKfKs67MrnkOLmGbO,Now that you're gone,2.92,Slàbak,2026-02-27,2026,rock
4J0X4ibFtO99iXUmu8GS4I,"GONE, GONE, GONE",3.23,Autumn Kings,2026-03-20,2026,rock
1kK1UQWX6gSqsBuMSVAnd0,After I'm Gone (Slow Rock),4.12,Mark Denver,2026-02-22,2026,rock
3N4DGU0zZtca0v1LXtHPTB,Gone,3.7,Ravenscode,2026-01-30,2026,rock
1uhMPhUvVTQV9aawmxepS7,The Thrill Is Gone,5.1,"Joe Bonamassa, Chaka Khan, Eric Clapton",2026-02-06,2026,rock
3Ihs2QpmFVyYv057Ae9LSe,Gone,3.62,Split Away,2026-02-10,2026,rock
3dpjlyxt49s3uXVPf7P8G2,Devil Be Gone,4.58,Tedeschi Trucks Band,2026-03-20,2026,rock
7elqGutoLqbDpxBx0enV3p,Gone Too Far,3.17,Hellhills,2026-01-09,2026,rock
1GfLizqOgE7p26T3Mn1u8U,Gone Missing,2.77,Sick Joy,2026-01-30,2026,rock
2aRn73in4HeVlJTqcAotNe,Gone Too Far,3.17,Hellhills,2026-04-03,2026,rock
3RRzwQXhMVge7DxRBWp6uy,Gone In The Dark,3.15,The Pilot Notes,2026-03-10,2026,rock
4gIr8YxPS40Eyzq93Ri9pA,Long Gone,3.93,Silversun Pickups,2026-02-06,2026,rock
2xWFjFzLvu1tv6QJcgJDQk,Gone - Live,8.57,Bjørn Riis,2026-03-27,2026,rock
5TbfIeiQdSzGolkb2MX2Qz,Goner,3.03,Hayden Coffman,2026-04-10,2026,rock
5cs98DqpRV2hPgcvNY7Pu1,Gone Mad,3.17,DAKØTA,2026-01-14,2026,rock
1s1eU33mAsN7kwhkrw8WvU,When You're Gone,3.61,The Devil Wears Prada,2026-01-16,2026,rock
4qodOre5CtwVnH58l15MpD,Gone - Remastered,2.78,Mostly Autumn,2026-01-30,2026,rock
5CsEiQ9zjHH7SX9n1j1Egp,Long Gone,4.52,Lou Gramm,2026-03-27,2026,rock
3NKBcOqsa4sbxsYAATzEij,Gone Too Long - Live in Bremen 1989,5.29,Mick Clarke,2026-03-27,2026,rock
7bqIbgqfVBotW3HTu3m7z9,Back Home (US Single Version) - Remastered,3.27,Golden Earring,2026-04-10,2026,rock
1eq9FPgNoiygRYRANBcBB3,Back Home - Remastered,3.89,Golden Earring,2026-04-10,2026,rock
1IAxLXhv49a6KFwF4ycCXn,"BACK, THEN",2.74,Bilmuri,2026-04-10,2026,rock
3lJfrrGjBxTmKgTLn63ER1,Father To Son - Backing Track,6.21,Queen,2026-03-27,2026,rock
2u1yof8gOPT6J97MxaAVDu,Back To Life,3.78,Eric Steckel,2026-02-26,2026,rock
2S0wpGHvMP7mB1gDcq2vY6,Back Then (I Was Something),3.29,"Philine Sonny, BROCKHOFF, Shelter Boy",2026-02-27,2026,rock
31NPa3DusQB760pTX2flcK,Back From The Dead,2.65,The Cab,2026-03-20,2026,rock
4VDhLCDCZzvhve74624wmA,Backroads & High-Rise Dreams,3.5,The Pilot Notes,2026-03-27,2026,rock
4vGu4zhufxwfggKfHvtob9,Dingen Die Je Horen Wil,2.28,nonchelange,2026-02-27,2026,rock
1IC0FVy6bQC6OOx7IABNES,back on the farm,2.26,brody,2026-03-06,2026,rock
5AoiZ4gt0RCoGoZksNfgek,Backrooms,2.04,"ELIESG, Pz'",2026-02-12,2026,rock
2iyXiEtUeVA2FxLk4qKTBu,Back From The Brink,2.78,Crawford Mack,2026-04-03,2026,rock
3UnkLdmeR7vV2YPeFdYQqa,back to you,3.17,Charlotte Sands,2026-02-04,2026,rock
3XidcHwpyVCZmq50ofo3n6,back on the apps,2.71,Ben Kidson,2026-02-13,2026,rock
2ZheK5C92fQ9GAHJyYwE0S,Run Back To Me,4.69,Robert Jon & the Wreck,2026-03-27,2026,rock
7AT1dfs6WZhkiAfz0sH8QC,back to you,3.17,Charlotte Sands,2026-03-06,2026,rock
1C8ywgYYblKrskpRggjNRV,Shine Again,4.09,Weezer,2026-04-01,2026,rock
4gR6nt9EnotDWDzxIt2Kji,Again and Again,2.09,"Coloured Rocks, Erwin Do, The Retune Project",2026-03-06,2026,rock
65PLS5y9gAsG7eZGUUIA2X,Heavenly,3.64,Against The Current,2026-03-27,2026,rock
7BsQr9pXrCCz20vbyAdett,Again,3.77,CNBLUE,2026-01-07,2026,rock
4XmxcakdDpgHZ2fCrcROIM,Just A Rock,2.79,José González,2026-03-27,2026,rock
65XehJlDsn0h6OWG0qyvZt,Believe Again,5.56,New Constellations,2026-04-03,2026,rock
3tAN4ux55L4znvDCmq2rT3,again~,2.48,Corbon Amodio,2026-04-03,2026,rock
5bOWVeHR7uqu44GMOgJszF,"Fanny Again, Or",3.32,Motorpsycho,2026-02-27,2026,rock
0R9xIRFpTdCbv4p9eVgkiT,Carry You Again,5.04,The Neal Morse Band,2026-02-27,2026,rock
3oM1NZZlxL6RfCUuIk1n3L,Again,3.37,Michael Sweet,2026-03-12,2026,rock
6vGUAYp4cpvvoCyxoDSYuU,Out on the road again,3.62,disclaimer without remarks,2026-02-13,2026,rock
0AoVXmL6zl284Xr4QSLYSN,I'm Off Again,3.54,Lorraine-Dietrich,2026-01-02,2026,rock
0Q2nLjMaLhwnHYAkC3uDOb,Feel Again,2.61,The Veer Union,2026-02-20,2026,rock
0vObN1M1IDY45JmL0B5FBK,Again,3.37,Michael Sweet,2026-04-03,2026,rock
6Id2D4fydr2s1V18ayKHdd,Desire,3.45,Puma Blue,2026-02-06,2026,rock
3rLWDrxyqJqMb0BYNXakOH,Again,2.47,Robber Robber,2026-04-03,2026,rock
47a3ttF9LVfOafCI0UdVOZ,Start all over again,3.61,Nathan Ball,2026-02-20,2026,rock
0HpbZpXvcoMmk5M6TW2xgz,Where two roads meet,4.01,disclaimer without remarks,2026-02-13,2026,rock
6HEsl7Yx2kLRkWbxkbAbSv,We Can Live Again,3.06,The Listros,2026-01-29,2026,rock
0A3CR9gpq1sGkHQ7XqdG9Q,Forever & Ever,2.9,"Rockstar Payso, Take A Daytrip, NITTI",2026-03-20,2026,rock
7urynMKCqC8hTGpbNyOr9i,Forever Young And Free,3.88,Heavenly,2026-03-13,2026,rock
38C5EMmXonGMK1M9z5PxeP,Forever,3.81,Rockie Rode,2026-02-13,2026,rock
5BflcVCXZxruYAylQyJnc6,forever,1.49,Azael,2026-03-19,2026,rock
4fZjevD67tzAsDwUPMGpiB,Forever Your Star,3.99,The Chain Gang Of 1974,2026-03-04,2026,rock
7iL02TsGRaWukonoHT5Igb,you and forever,3.92,Bleachers,2026-04-02,2026,rock
5Ht8edw79PyXnurY7pe0Qs,Forever Without a Word,5.45,Inferisborn,2026-02-19,2026,rock
5I64Vauknjv829JdG39G69,Rockstar Boy,3.04,Hanzo999,2026-03-12,2026,rock
20V4szXy6KbKNmndLXXNWM,Forever Amplified,6.65,Corrosion Of Conformity	,2026-04-03,2026,rock
3DKhJAdyjssQhYVjJUJUqt,Holy Forever,4.6,Seventh Day Slumber,2026-03-20,2026,rock
0l4UorAhLWKryaZ6cPO2fY,FOREVER,3.19,Symphony Of Sweden,2026-01-07,2026,rock
7MPtWysdBdZuxATcDbRWlb,Forever The Optimist,4.0,Thistle Sifter,2026-02-06,2026,rock
33xyFEIIPEPXmKZSovKjGm,Forever,3.95,John Giles,2026-02-20,2026,rock
06m3EccS6nR2CCJh3c6XDp,forever wonderland,3.03,"kaysnoto, oftentimes",2026-03-20,2026,rock
5se2cKlKoG8FgbW6VwOBfc,Hollywood Forever,4.63,Hollywood Undead,2026-03-11,2026,rock
4xXDoFbGgg6P35z4W9nMt7,Forever Awake,2.21,Give My Remains to Broadway,2026-03-13,2026,rock
2Uha01kWLes3PUAZVrIrj5,forevermore,2.18,blasphemer,2026-02-14,2026,rock
76T84JaUnJoTcBLygUtGI9,Forever Your Star,3.99,The Chain Gang Of 1974,2026-04-03,2026,rock
1rYXbGz6ucjY5mknWNjy7I,Forever Your Star - Instrumental,3.99,The Chain Gang Of 1974,2026-04-03,2026,rock
0Jj7T59d63wuOSvkXsPvkX,This City Tonight,3.62,Mark Blomsteel,2026-01-23,2026,rock
152DDWK9a4jqfrXZoUEqbC,Women Tonight - LIVE,2.48,America,2026-04-03,2026,rock
7dyd2R7wyf3jtuY0DZyrpE,Yours Tonight,2.12,VEAUX,2026-03-02,2026,rock
0jzAT6Eqr15uYUFlHtfISe,Strangers Tonight,3.77,Nobody Asked,2026-03-27,2026,rock
7BqxgYFjUM3autd6jK8Ssm,Tonight,4.72,"waldon.grooves, Crispy Chicken",2026-02-13,2026,rock
5JoF9cJwj5xpCNT5c4lmLJ,Tonight,5.36,Vioflesh,2026-03-27,2026,rock
6axB3XkR6Rv5JFE1wez4P4,Shake It Down Tonight,2.33,Jimmy Rollands,2026-02-14,2026,rock
1QVI5dewxIL4hqd9u1wgZE,Maybe Not Tonight,2.75,Lime Garden,2026-03-18,2026,rock
3u6vPdWZ77Jqxl3ryNElXs,Sleep Tonight,3.5,Krooked Kings,2026-03-27,2026,rock
6d87jrfM8rhAIQz1Ld5Oga,Tonight,4.11,KamNox,2026-03-20,2026,rock
7tpzadKRTVL9Aj5bV3tBOq,ROCK THIS TOWN TONIGHT,2.86,Noreas,2026-03-16,2026,rock
4COLS0azGOHvwi0Avr04oL,Rock tonight,2.7,Dream Pusher,2026-04-03,2026,rock
4uY7uLwrJZv7XedBmZkihK,In My Arms Tonight,2.91,The Gentle Reckoning,2026-02-20,2026,rock
1YbUH0cKRDJNwwHV6u9xO7,Maybe Not Tonight,2.75,Lime Garden,2026-02-25,2026,rock
3Cj7Azvwi56UoHfi3BHxPY,I Saw the Devil Tonight,3.53,Dominik Monz,2026-02-20,2026,rock
4LK48tQChV2774zJyScZSV,We Go Off Tonight,2.87,Symphony Of Sweden,2026-01-07,2026,rock
0wwTY99VTUPE4tgYoptoMg,Downtown Lover,2.62,Lime Garden,2026-04-10,2026,rock
0c3inXAjsDBxiGdlvbNRbs,"tonight, we rode",3.57,bliind lynx,2026-03-27,2026,rock
7bOyVnYY469Zavjtxcf47f,Maybe Not Tonight,2.75,Lime Garden,2026-04-10,2026,rock
0q0JtrF4fQEvUywJSvX1KX,Rockabye - Hardtekk - Super Slowed,2.3,"Dark Triad Hardstyle, Dj SEMAHA",2026-03-31,2026,rock
0P9EkYlfknFPm5StsE9wZV,Dream Drowning,5.81,TRAITRS,2026-02-13,2026,rock
5YfMLaMV5BBbQW2FZU81wB,California Dreaming - LIVE,3.09,America,2026-04-03,2026,rock
6n2SePFVDUwGPhzSX7eGER,Whisper of a Dream,4.4,Holding Absence,2026-04-02,2026,rock
5U6QEFD6umEyYwKl9l38g2,Dream On - 2024 Mix,4.46,"Aerosmith, Zakk Cervini, Julian Gargiulo",2026-03-20,2026,rock
7MFq5Z1R6N3tiKM8DZh8wp,Dream Of Mine,10.54,Gong,2026-03-13,2026,rock
77MJTwo2ML2azIzZOhONnE,Dreams in Black and White,2.56,Big Big Train,2026-02-06,2026,rock
0TVkl3TFHuEtX6cikVe6JX,Dream Drowning,5.81,TRAITRS,2026-03-13,2026,rock
1TP9UU4b0wV3hgiLi0SeoB,Dream Of Mine,4.06,Ellur,2026-01-05,2026,rock
2REwq5dCuSjphUze3nEj35,Rock N Roll,3.17,Langhorne Slim,2026-01-16,2026,rock
3fgJWgm4yTSWn1SZ81xLmC,Rockabye - Sped Up,2.0,Dark Triad Hardstyle,2026-03-30,2026,rock
0TYt0X3D2TZgRstTP1eM2b,DreamsAbtU,2.41,tezvix,2026-03-27,2026,rock
2lWPtxEZwK9K01c0OSM29q,Rockabye - Hardtekk,1.88,"Dark Triad Hardstyle, Dj SEMAHA",2026-03-31,2026,rock
6dQ6Ist06bvvtxqDvI1wNY,Croak Dream,5.78,Puma Blue,2026-02-06,2026,rock
5w6P3JgxUoWqSJonFSORa3,Dream On - 2024 Remaster,4.46,Aerosmith,2026-03-20,2026,rock
6bSFEJFgfJoRYZ1Lkh5Fns,Dreams,1.9,HÎVA,2026-03-27,2026,rock
3W03Pqq9ySVkGLPjIfi0aD,Rockin' - Extended Mix,6.55,LondonGround,2026-04-10,2026,rock
2hEtEN8dt6Hj2djG33DT6e,American Dream,4.46,Alabama Shakes,2026-04-10,2026,rock
3xhj8f0XEJITh6zYeVhyzz,Jailhouse Rock,2.19,John Mellencamp,2026-03-27,2026,rock
64d0CXU4QNgjxjFMuHGX0l,Jailhouse Rock - Demo Version,2.22,John Mellencamp,2026-03-27,2026,rock
3i4Re2d1ObCP9U4xoCJzDa,HEARTLESS,4.44,Kami Kehoe,2026-02-13,2026,rock
5JamvQr7tt5dgcuB5h9XzP,HEART'S RACING,3.41,Gabby Onme,2026-03-19,2026,rock
7sgFsQ1uHBcOgFSdQWUgNE,Heart Said No,3.38,HOKKA,2026-02-19,2026,rock
0tIi8FsNFChexzMAkkjCcE,Jet Stream Heart,3.65,Temples,2026-02-20,2026,rock
0bcff4ijcFCRui8XWmeKn9,Heartbeat,2.88,Lola Blue,2026-02-27,2026,rock
3WyzwGdVcofoJElGfcRaQu,Can You Feel My Heart - L.I.V.E. In São Paulo (Live Immersive Virtual Experiment),6.51,Bring Me The Horizon,2026-04-10,2026,rock
33Ja0Ma1bHtxgbHHwsSCYP,Only In Your Heart - LIVE,3.27,America,2026-04-03,2026,rock
3lGKx8ipMPFbTe7pyfCGmH,Rebel Hearts,3.74,The Rumpled,2026-02-27,2026,rock
4yCLzK6MCGLH8zldFiW2uN,Heart of Soot,4.63,"Sons of Offense, Russ Walker",2026-03-07,2026,rock
0pyueiCtzO3hntdXPhIFxD,Break Your Heart,5.46,She Wants Revenge,2026-03-27,2026,rock
14vrKtgrnPNNBHrN1AYorZ,My Heart's A Crowded Room,3.1,The Fray,2026-03-13,2026,rock
0AA8zVms9INDNPIg2ns6mu,Heart into Submission,2.87,Black Pistol Fire,2026-01-23,2026,rock
0NuhzZECBBhAnP2PXCguoM,Inside Our Hearts,4.82,She Wants Revenge,2026-03-27,2026,rock
0uSGlcgDEcfNTO4gyoJ9Ms,Heartbreaker,3.26,"Joe Bonamassa, Trombone Shorty, Eric Gales",2026-02-06,2026,rock
2gOQTrzQo5ZkfvmIt95Ntc,Heart and Soul,4.86,Lou Gramm,2026-03-27,2026,rock
33CLonRNFPYOmUi5qpcVOw,Heartache - Remastered 2026,2.04,Violent Femmes,2026-04-10,2026,rock
4oMxB6sMjrzSGAKHhkqQCW,Heart and Soul,4.86,Lou Gramm,2026-03-27,2026,rock
2ZDbRF73ckGEKHmWtP1qMz,[666],2.03,"Kruelty, Lekkerfaces",2026-01-22,2026,remix
56KfCqJh6LCva4wynJ6rcm,SWIM (Underwater Remix),2.74,BTS,2026-04-10,2026,remix
1C1qTBR9j3GyQIyVYkMjUT,CONVOI,2.65,"2 Mètres, Leblanco",2026-01-16,2026,remix
5XfTqibwqIkfedxaJtTcXa,EHBO,2.72,"Jebroer, Frank Van Etten",2026-01-09,2026,remix
7CI5IAi2z70tyJIVXxsHfw,Berghain - Remix,2.58,"Conrad Taylor, ROSALÍA, Björk, Yves Tumor",2026-03-06,2026,remix
4X4HhhDKp3iLIRLwBorhZd,The Ketchup Song (Aserejé) - Techno Mix,2.25,"Seeko, New Beat Order, KROMA",2026-02-20,2026,remix
5OYNNDgoKbrzAS1JbrY655,Headshot - Remix,3.67,"Dayvoo, Highguest, HB The Plug, Ky Janea",2026-01-09,2026,remix
74ulWk192IiJDpj3SYKoLU,I Run - James Hype Remix,2.29,"HAVEN., Kaitlin Aragon, James Hype",2026-01-23,2026,remix
0a7MZlflT3ZdvdwoP72zM3,SWIM with Jung Kook (Acoustic Lofi Remix),2.64,BTS,2026-03-27,2026,remix
7EytKcb3klVPpN5IW1sj1Y,SWIM with RM (Chill Hip Hop Remix),2.72,BTS,2026-03-27,2026,remix
3MCJY7lXCHa0UNIjsAucaJ,SWIM with j-hope (Afrobeat Remix),2.55,BTS,2026-03-27,2026,remix
5AL5OrvyIMPqKjl9iw3xO5,SWIM with SUGA (Melodic Techno Remix),3.66,BTS,2026-03-27,2026,remix
5yXplTZMVRQiMpjBzV7GT8,Release The Pressure - Rebūke Remix,2.84,"Calvin Harris, Kasabian, Rebūke",2026-03-27,2026,remix
5dZLsPskKzph16LWo31uxL,SWIM with Jin (Alternative Rock Remix),3.23,BTS,2026-03-27,2026,remix
7n0nNM9PNzpZCCEekugaJF,Save Me Tonight - Arno Cost & Norman Doray Remix,3.24,"Jennifer Lopez, David Guetta, Arno Cost, Norman Doray",2026-04-03,2026,remix
30DM7ulLASrlTCJFtB624S,Attention - Hernan Cattaneo & Mercurio Remix,3.06,"Hernan Cattaneo, Mercurio, HVOB",2026-01-15,2026,remix
0RVFn9x0tgtr9pS260Ep36,Save Me Tonight (feat. David Guetta) - Joel Corry Remix,2.7,"Jennifer Lopez, Joel Corry, David Guetta",2026-03-27,2026,remix
4APQK2E94xhMJ9x8fO3OQu,Save Me Tonight - Arno Cost & Norman Doray Remix Extended,5.5,"Jennifer Lopez, David Guetta, Arno Cost, Norman Doray",2026-04-03,2026,remix
0JBlwoBUbVUnlT9Hq9jjO2,Save Me Tonight (feat. David Guetta) - Joel Corry Remix Extended,4.07,"Jennifer Lopez, Joel Corry, David Guetta",2026-03-27,2026,remix
3TbXBox7ag3CL6BhdyOQTg,Save Me Tonight,3.27,"Jennifer Lopez, David Guetta",2026-04-03,2026,remix
1g7pKD3n3mZ2op2XDseaf3,Save Me Tonight,3.27,"Jennifer Lopez, David Guetta",2026-03-27,2026,remix
6DPKiOd3Z2HaoUmJYZyByk,The Mental Asylum - Dark Collective Remix,3.27,"Restrained, MC Diesel, Dark Collective",2026-03-20,2026,remix
1vEEhGzW3jupgD78lpXkyr,Remix My Life,3.45,"Good Shepherd Worship, Jason Craig",2026-03-06,2026,remix
7DkhurTHb7EAjJ1FoWFQDD,MY JEALOUSY - Super Slowed,3.11,"vivi baby, ovg!",2026-01-07,2026,remix
6CJABsHyFh5uFZ72MAKTBN,MY JEALOUSY - Slowed,2.77,"vivi baby, ovg!",2026-01-07,2026,remix
60Kvo1tsjjus5uOZrg3y4S,My World - Daani Remix,2.97,"DJ Francois, Daani",2026-01-30,2026,remix
1FCsPxy7YzeEhE30D2SW9U,MY JEALOUSY - Nightcore,2.26,"vivi baby, ovg!",2026-01-07,2026,remix
7vt648tafofBF4AclJVxhI,My Loving (Morgan Seatree Remix),2.54,"Sonny Fodera, Chrystal, Morgan Seatree",2026-03-20,2026,remix
7e5S2rMuJtJNdqTGXflxsn,Mind Dimension - Adam Sellouk Remix,3.66,"Tiga, Adam Sellouk",2026-01-09,2026,remix
5BIQsFA6f65XawUtapY8FH,Here (Hoodtrap / Mylancore) SLOWED,2.78,Kryd,2026-01-09,2026,remix
5d5RLIRMotQlUBjP3En6hN,Call My Name - ARYMÉ Remix,3.54,"Shouse, ARYMÉ",2026-02-13,2026,remix
2VsZghkJD0CEmQJmZn5MWi,Murder Mystery - Kolter Remix,3.64,"Jamie Jones, Kolter",2026-03-06,2026,remix
2ZQNfhtj8MSNC8gb2RKP8t,Break My Heart - Remix,3.69,Twinbeats,2026-01-12,2026,remix
2f6NEdZijB2Fuys4DrRCHh,My Melody - TEED Club Mix,5.02,TEED,2026-04-03,2026,remix
2R4S5qDMdYveO5m7jTr28z,DON'T KILL MY VIBE (Acid Boyz Remix),2.38,"Adrian Fyrla, Palm Monkey, Amè, Acid Boyz",2026-04-03,2026,remix
4YlGT1xRNQDZw95Zw53dl8,Meet Me In Paris - Rex Hooligan Remix,3.21,"James Burki, Rex Hooligan",2026-01-09,2026,remix
36pz2kGdelrsuihaSHxJa7,Muted Mind - Ae:ther Remix,4.15,"Jan Blomqvist, Ae:ther",2026-01-14,2026,remix
4neHoESs8fqmNpMnIEAXtg,Waste my time - Chris Avantgarde Remix,6.26,"Kölsch, CamelPhat, Chris Avantgarde",2026-01-16,2026,remix
6kzieGu1hwnPgiCx1YKrf7,My Melody,4.64,TEED,2026-04-03,2026,remix
3EDkDkr0FmsLRGAD1ajDI5,Your Choice - D-Ceptor Remix,3.93,"The Stunned Guys, Tommyknocker, D-Ceptor",2026-02-17,2026,remix
10UcRNFQ2zZ5DKycM1CqQ4,Do You Mind - Crazy Cousinz Remix,7.31,Mis aul,2026-01-13,2026,remix
31mq51gGZSYh9ooExMDeMQ,You're The Greatest Lover - Otto Wunderbar Remix,2.52,"Luv', Otto Wunderbar",2026-01-30,2026,remix
1XhItJSBxL5yKh0V0ymg6D,That's When You Know,3.23,"Kygo, Carter Faith",2026-04-10,2026,remix
1GDQ1w0fXYXswcX34AUAor,Your Command - Paul Kalkbrenner Remix,7.48,"Booka Shade, Paul Kalkbrenner",2026-02-06,2026,remix
0v1gkwj7suOikz3vENXhtL,Awoken - REMIX YOUNRZ,4.2,ANDRW FLAMEZ,2026-03-28,2026,remix
4keAhBqilQOXFCbLMQcrpa,you’re a star - Skream & Benga remix,3.09,"Skream & Benga, Fred again.., Amyl and The Sniffers",2026-03-05,2026,remix
6CU1naGyhdVnAnYMCKtQeM,Your Command - Yaruba Remix,3.96,"Booka Shade, Yaruba",2026-03-20,2026,remix
3AcWacT96hD9DnMKHFy281,Blow Your Whistle - Jansons Remix,3.11,"DJ Duke, Jansons",2026-02-27,2026,remix
5oc9ezJfiJppUqcDOKqhzr,Your Command - Pig&Dan Remix,6.65,"Booka Shade, Pig&Dan",2026-03-06,2026,remix
0Qbh4yOiVqsOsNgwLCnbBH,You & Me - Notre Dame Remix,4.13,"Max Styler, Notre Dame",2026-01-23,2026,remix
6a3F2pR9aTpKhZesJfhoi1,Young - Slowed,2.16,Anor,2026-03-27,2026,remix
2cK817Ldi6oDAgNnQPc1LK,You'll Be Mine - G Sayz Remix,3.73,"Binum, G Sayz",2026-02-27,2026,remix
1pMfzfvaoiEDuoFuwIa4jt,Young - Super Slowed,2.47,Anor,2026-03-27,2026,remix
4yXGvYACOAtJqzpnlCFpEB,you (super slowed),1.93,d2s1,2026-04-06,2026,remix
25AQkdPu0sQ2Mq67wannS7,Is This A Dream - Bumloco Remix,2.48,"Hyperverb, Bumloco",2026-03-27,2026,remix
6KNxJIguFLa3M4gftFf6Mp,Beat Is Jumping - Ste Willo Remix,3.02,"Morgan Seatree, Carla Monroe, Ste Willo",2026-04-03,2026,remix
43psRuTeLgq7wHLXahgkO5,I Run - David Guetta Remix,2.55,"HAVEN., Kaitlin Aragon, David Guetta",2026-01-09,2026,remix
6QnpC1mo8CJBEEzH3dNgHR,Island in the Stream - Remix,3.87,She's All Music,2026-01-19,2026,remix
782EcmrSvkOJw56D6vbNQk,I Run - Ely Oaks Remix,1.92,"HAVEN., Kaitlin Aragon, Ely Oaks",2026-03-06,2026,remix
3TqlydPhgFUYmyAx5VADOv,Beat Is Jumping,2.32,"Morgan Seatree, Carla Monroe",2026-04-03,2026,remix
5fG2rirp7g3zaqcJJLlK1A,RUDE! - yunji Remix,2.98,"Hearts2Hearts, yunji",2026-03-27,2026,remix
2JcOpxAIEx1APWMBzmIsc8,Het Is Tijd - Remix,2.46,K-Liber,2026-01-23,2026,remix
1qaQyHIAzk6vAMEhACi0tH,World is Mine - Kaguya&Yachiyo Runami ver. - CPK! Remix,3.77,"ryo (supercell), Kaguya(cv.Yuko Natsuyoshi), Yachiyo Runami(cv.Saori Hayami)",2026-01-23,2026,remix
2hbJmalIubCFFc0Gozt7Tw,Time Is Ticking - Septum Uptempo Remix,2.15,"Jiyagi, Septum, Frozen Frog",2026-01-30,2026,remix
6aLMpIdkhfThlM52R1P2vp,WAT IS DAT VOOR ZOOI - Opgekonkerd Remix,2.35,"ALBINO, DitzKickz, Opgekonkerd",2026-02-06,2026,remix
1WIudYzlG7aj3RIpZdmwbm,RUDE! - Silly Silky Remix,3.69,"Hearts2Hearts, Silly Silky",2026-03-27,2026,remix
5KRDdxycL8QK0CSUYSAJNZ,Sun Is Gone - Laurence Guy Remix,3.46,"Charlie Jeer, Laurence Guy",2026-02-27,2026,remix
5yNvgt5xKSbWWJKyaPLVSb,Like I Do,3.19,Isabel van Gelder,2026-01-23,2026,remix
4TyMqzDi0r2aYMzphHRaRX,Isn't Real - Slowed,2.59,Anor,2026-03-27,2026,remix
0xUC4jMu6T5kTsoEg0Pw3a,Isn't Real - Super Slowed,2.99,Anor,2026-03-27,2026,remix
2ddgtdgS623lIQS0ash1dp,WAS FÜR,1.64,"Beats by Luca, N/CK",2026-01-16,2026,remix
7aVCFK6lDTQlaLa5voH5pf,Konpa Paradise 4 - Wasnt me remix,3.0,"DJ Kawest, Forever Music",2026-02-24,2026,remix
7quDvRvxlUtMu6xNNzEicI,Wash my World - Egyptian Remix,6.02,"Laurent Wolf, Eric Carter",2026-03-27,2026,remix
5HZMI0RXUfooE5LySuTrRJ,Wash Away (ABGT669) - Phillip Castle Remix (Mixed),4.53,"Oliver Smith, MØØNE, Phillip Castle",2026-03-21,2026,remix
2B5CH9palsML88EydBbgwf,Waste my time - Chris Avantgarde Remix,6.26,"Kölsch, CamelPhat, Chris Avantgarde",2026-03-20,2026,remix
3o91GX5G15KIgQRm5ktJKC,I Was Brought To My Senses - Steve Lipson Remix,4.73,Sting,2026-03-04,2026,remix
2sxkVFhoUbrZ4Rf44ckDN4,Wash Away - Phillip Castle Remix,3.79,"Oliver Smith, MØØNE, Phillip Castle",2026-03-04,2026,remix
2lrhSzz2JfsDgBWKsKY0R4,Wash Away (Push The Button) [ABGT670] - Phillip Castle Remix (Mixed),4.13,"Oliver Smith, MØØNE, Phillip Castle",2026-03-28,2026,remix
6wdoX9k4LBd8nLcvrAz7oG,BRINGING PUNK BACK - Remix,3.0,Joel Binks,2026-02-05,2026,remix
5ybltm0zzEkWF7IVKCZhJM,The Way It Was (Fullempty Remix),3.75,"Blimp, Fullempty",2026-03-12,2026,remix
7IFbClM1eC8BmE11Sv3sT9,wassup - remix,2.61,"NateTaylorr, R2R MOE",2026-03-06,2026,remix
40TXc14NIj3JsmuFso48O2,wassup - remix,2.61,"NateTaylorr, R2R MOE",2026-03-20,2026,remix
7lGai7kEan2q5WlUO7OWEu,all I wanted was you,2.44,Lélio,2026-01-27,2026,remix
3GytoGn3GJPO8uiqapYlHf,Was ich hab - Hardtekk Remix,2.31,"HIGHTKK, HaZe Schrägstrich Störung, Lorenzo, Gonzo Gorilla",2026-01-23,2026,remix
3VNMsSMEldWPrQnQ1Va4pF,Was ist schon normal - VIA Sounds Remix,3.12,"Annemarie Eilfeld, VIA Sounds",2026-01-30,2026,remix
3AxrR6TYlFNhAPnBQvQm4E,Was hörst Du - Blac Kolor Remix,5.93,"Xotox, Blac Kolor",2026-03-20,2026,remix
6Qts4JWtJe8zWJZCvcwKvW,Wash Away - Phillip Castle Remix,3.79,"Oliver Smith, MØØNE, Phillip Castle",2026-03-20,2026,remix
6knTzQYa78JyKq3d75Ivno,Wash Away - Phillip Castle Extended Mix,5.97,"Oliver Smith, MØØNE, Phillip Castle",2026-03-20,2026,remix
5ULeFV8fmLBSlbaC8cqO3b,The Theme (ASOT 1272) - Amy Wiles Remix,2.04,"Jurgen Vries, Amy Wiles",2026-04-09,2026,remix
5HjFR2VycnyNnct2CQsao9,The Way I Are,3.11,Don Diablo,2026-01-16,2026,remix
2qNHtY8lP1IffIXA9Q9yk2,Release The Pressure,3.43,"Calvin Harris, Kasabian",2026-03-27,2026,remix
3mZJ3Gs9Y4uFx9KkIkl91N,The Apocalypse - Invaderz Remix,3.16,"The Dark Horror, ALBINO, Invaderz",2026-01-16,2026,remix
6PiihOBjBw5TMLG7cvOsjW,They don't care about us - Afro Remix,3.22,ZENO,2026-03-04,2026,remix
3EHXfxWLjJnq8BZqELVs71,The Ketchup Song (Aserejé) - Frenchcore Mix,2.25,"Seeko, New Beat Order, KROMA",2026-02-20,2026,remix
1C5pLA252YjWslTxS45KCX,The Reason ft. Hoobastank,3.54,"Steve Aoki, Sound Rush, Hoobastank",2026-01-08,2026,remix
2rLGgTaGZouEE1a4vPEbwz,The Tide - Kohma Remix,5.64,"Klangkarussell, Elmar, Kohma",2026-03-27,2026,remix
05wM5VmsBbmg2IEVP2hfFS,HERO FUNK - Slowed,1.58,"Riversmelt, Skyper, SASORIIXPP, DJ Javi26",2026-01-09,2026,remix
3hoDY7I2QycOXY4y4P7xbz,I Heard (Remix),2.88,"Pretty P, Saucy Santana",2026-01-09,2026,remix
3FhSaJWRHwLql2Ze69B7jj,heureux (feat. Mosimann) - Mosimann Remix,2.95,"Heroe, Mosimann",2026-01-29,2026,remix
2P5bKabxiOvboFGpFeJiI0,Here Comes The Bass (2026 Edition) - Remix,2.8,LyreX,2026-02-06,2026,remix
2pXpi97evUElQuaRYjQIjk,Hero - Guzy Remix,3.5,"Rafael Cerato, widerberg, Guzy",2026-01-16,2026,remix
3VtpsDfWb7HG25C5EPh8Jx,Need A Hero,2.06,"Reprobeater, Swae Boy, Michael Roman, Diana Inez",2026-01-09,2026,remix
3IvEk95WhLa1QQO5mIAkpS,"Da Fuxk (feat. Lil Yachty, G Herbo, YTB Fatt, G Youngin & BTY Beedo) - Remix",6.09,"Rob49, Lil Yachty, G Herbo, YTB Fatt, G Youngin, BTY Beedo",2026-03-27,2026,remix
3nEmrUtJFQOW90gmdyivJJ,Here to Stay (Remix),2.36,"Krista Marina, Arman Aloyan",2026-02-27,2026,remix
3KyLICct5UQ3M9DjQWBFT9,Took Her To The O - Remix,1.71,Kughuta,2026-01-25,2026,remix
4TFxhrDQQ8mzDQShDnDsA6,HERE WE GO! - Dave Audé Remix,3.78,"ĠUŻEPPI, Dave Audé",2026-04-03,2026,remix
4ClkxsjLSnYIpoJzlwEg3p,heureux (feat. Mosimann) - Mosimann Remix,2.95,"Heroe, Mosimann",2026-02-12,2026,remix
2fuADk9TdhvrhEtPpJrbUZ,Einsamer Stern - Remix,3.22,"DJ Herzbeat, Matthias Reim",2026-03-13,2026,remix
661FtIrBTQXemsXkZi6Ch6,She hides all her pain - Remix,2.72,"Sky Woods, honestav",2026-02-20,2026,remix
1pZSfIlwg2GGTMDRHLL2D2,Einsamer Stern - Remix,3.22,"DJ Herzbeat, Matthias Reim",2026-03-20,2026,remix
0XZya6FgWUcr27ANmzO9IZ,Her - NaMa Remix,4.03,"Fusion Media, NaMa",2026-02-07,2026,remix
2bmZmO3lHEcGUwzpjCvJZx,Still Stand Here - Remix,5.12,"DJ N3M3ZIZ, Dusty Strings",2026-01-01,2026,remix
1ENCJsou1u9deBRlflbpZ1,Here To Stay - Workout Remix 135 bpm,3.79,SuperFitness,2026-03-20,2026,remix
04fXjFEAyHN1AkQS8Ze5Zc,Here Come The Danger - Isaac Maya remix,3.2,"Dope Ammo, Sweetie Irie, Isaac Maya",2026-04-03,2026,remix
1ZHliy9lZHDntId0a8WOuq,Hem (Firawii Remix),2.03,"Jireel, Firawii",2026-01-16,2026,remix
3LtJsnW3xRV840xVmlDlWu,Physical (DJ John Michael Peloton Remix),3.43,"Olivia Newton-John, DJ John Michael",2026-01-01,2026,remix
0aXMJChvqHtLi62cCERABA,Kangni - Remix,2.65,"Himmat Sandhu, Prashant Kumar",2026-02-17,2026,remix
1TtFgHuhYgaxqhTaHUIfCJ,Himno De Mi Corazón - Verlk Remix - Mixed - January 2026,4.98,"Los Abuelos De La Nada, Get Physical Radio, Verlk",2026-01-15,2026,remix
7rfhDMrLjTizoAFdOuNqDK,FOLKLOVE - Remix,2.99,Kaszubska Influencerka,2026-01-09,2026,remix
6SUAMpBEAk16PkdPilDSIR,AI Arena - Codex 19 Remix,2.56,"STOLEN, Codex 19",2026-01-30,2026,remix
4AwCtv5f6bR772V15v0DRc,ADESMÓRIA (Slowed),2.25,HIMXN,2026-01-16,2026,remix
42KgWuvMFSQ2aqibIeRiHc,Daj mi jedno czułe słowo - DJ Skiba Remix,2.98,"Dawid Narożny, DJ Skiba",2026-02-26,2026,remix
2XQ218tGsaubPjkgFAEUaD,Dziewczyna od małego misia - Wariat Remix,3.24,"SoLeo, Wariat",2026-03-09,2026,remix
79eYAnwQu3oepIeGM6WYOo,Be Like Him - Phasmid Remix,6.37,"ATST, Phasmid",2026-01-23,2026,remix
5XkWsq3ncGo6tda3CHRKpY,Distraction Tactics - Him_Self_Her Remix - Mixed,5.77,"Dave Seaman, Him_Self_Her",2026-01-23,2026,remix
2lddT2MLsfy3ZyYQvq7S8q,Be Like Him - Phasmid Remix,6.37,"ATST, Phasmid",2026-01-23,2026,remix
33CLGuyT0lwrP1MsfW0tAd,Ona ładna - Wariat Remix,2.86,"SoLeo, Wariat",2026-03-05,2026,remix
7jGnTA5UQb89pjSDaBgI4r,HIM (Remix),3.69,PhFlea,2026-04-04,2026,remix
212bsmhnl8bMO02WLYxIhH,Twój Romeo - Wariat Remix,3.54,"SoLeo, Wariat",2026-01-12,2026,remix
0JASwVibmqj7Sfx7wpLs6g,Dance (feat. HIMI) - DJ Mitsu the Beats Remix,5.07,"LAGHEADS, HIMI, DJ Mitsu The Beats",2026-01-15,2026,remix
2a0L7GocrjaIlNwJrUsve6,Gun Him Down - Remix,2.01,"mexxikkko, Jxyl3w!",2026-03-30,2026,remix
4KfC5f0vsOnuijdMxC32Ph,between you and him - Remix,3.3,NEWTON GENE MAURICE,2026-01-31,2026,remix
5F31rHUu95XlySioIqSnSP,Rebel Baby - Potato Remix,2.49,"Outsiders, Potato",2026-04-10,2026,remix
62WPn5Uj8OtLiHD7KRNz4M,Baby Boo - Jersey Club Remix,1.81,Rikk Ziko,2026-02-14,2026,remix
5iuZs6ig16ruRM365qnRay,She Gon Call Me Baby Boo - Ice Cream Truck Remix,1.63,Drayyix,2026-01-30,2026,remix
51iC28IoKXSiNbPakaWsIt,Babydoll - Jersey Club Remix,1.6,ZEORMX,2026-04-02,2026,remix
4ZH4Tw7KcF2aMUCgADavJB,America's Baby Remix,3.59,"Desiigner, Wiz Khalifa",2026-04-03,2026,remix
65ljzAo3PFVv1VFArQbA1k,Tuition Remix (feat. Lil Baby),2.82,"Don Toliver, Lil Baby",2026-01-29,2026,remix
06zimcbyF7hU6NzJh4cfgq,Theendai Mei Theendai - Remix,4.74,"A.R. Rahman, K. S. Chithra, Vairamuthu, S. P. Balasubrahmanyam",2026-03-31,2026,remix
5PQVE7AUeMBuLp5GeUf7Ab,come to brazil - remix,2.8,"shonci, bbno$, Puterrier",2026-04-10,2026,remix
4j3WonIIupoHCQFniUJieP,Hotline Bling - Baby Boo Remix,1.48,Drayyix,2026-02-12,2026,remix
3LE7R0xkfLI6PlCDR5ZUwb,DONT BREAK MY HEART BABY REMIX,3.18,"Parris Goebel, DESTIN CONRAD",2026-03-20,2026,remix
1UWNrLij4Tw2LZLFNVbzLl,Be Your Baby - Nour-Eddine Remix,3.72,"Leela James, Nour-Eddine",2026-02-13,2026,remix
12o8g5gto6PXiItnXPguhj,Hollywood Babylon - remixed by Gazelle Twin,4.7,"Ulver, Gazelle Twin",2026-03-19,2026,remix
6s1wdPQrtCF0Qz6NHDKfSg,Baby Is Back - Wolfgang Lohr Remix,3.17,"Bitter:Sweet, Wolfgang Lohr",2026-02-20,2026,remix
1SQdFojnDy2jIUiMmM054J,"Come On Baby, Scrape My Data (Dj Smokey Remix)",3.51,"Machine Girl, Dj Smokey",2026-03-11,2026,remix
6HhgY0xWwVJpLD0X4Ce27M,leavemealone - Nia Archives Remix,2.99,"Fred again.., Baby Keem, Nia Archives",2026-03-06,2026,remix
5voDIKcKTCNYiVISP0R4to,"Come On Baby, Scrape My Data (Dj Smokey Remix)",3.51,"Machine Girl, Dj Smokey",2026-04-03,2026,remix
1gQ3Xk4WhP5HfGzmIg0Jr3,Gare Newroze,3.16,Volkan Baltik,2026-01-15,2026,remix
6xQkwx4MkQvw1GuXPppx6l,The New World - Christian Reindl Remix - 2026 Version,2.35,"Power-Haus, Christian Reindl, Eivør, Tom Hodge",2026-03-17,2026,remix
3e1UH1P6muPTre7118AwCL,Aria - Omiki Remix,3.0,"Argy, Omnya, Omiki",2026-01-30,2026,remix
2S8RkjgjFUeDmd8i4Uh842,HEDEF - Remix,2.5,"Keskin, ELCANO",2026-01-09,2026,remix
5IOeUp37hkW8UmjNObiS4P,Cool - Linds Remix,3.25,KYANU,2026-03-27,2026,remix
5q2n3Ghblvq3rrB8u9HP6u,Scoreboard - Remix,1.77,Mdot 59,2026-01-04,2026,remix
03w1MrZfiJ72dNW4Y3FMJK,ADD - Remix,2.62,"Khantrast, Milco",2026-02-09,2026,remix
40haj90iBlOvl3l79TLeDU,Scoreboard - Remix,1.77,Mdot 59,2026-01-11,2026,remix
3C2NiSjSV2HXumVd4xKTRJ,New Horizons - Edmondson Remix,5.8,"M1NT, STRNGE, Edmondson",2026-01-30,2026,remix
6vJvkCKVfyGKzHc0apvwjA,New York Sunday (FSOE955) - Sequence Six Remix,4.33,"Craig Connelly, Sequence Six",2026-03-26,2026,remix
5GTDXbGy2ZVbnm10KBIMn1,Black Is The New Yellow (ASOT 1265) - Simon Gregory Remix,3.53,"Super8 & Tab, SØNIN, Simon Gregory",2026-02-19,2026,remix
0XdLLyR53MoHYqInWYjeMq,Sleeping Giants - Enrico Sangiuliano Remix,4.0,"Gregor Tresher, Enrico Sangiuliano",2026-02-13,2026,remix
4rh6pvTVRN7w6IH3ygZJwH,Fine Shyt (feat. Jacob Latimore) [Remix],2.75,"Vedo, Jacob Latimore",2026-01-16,2026,remix
6ht8XLsLn39Bgf2bU3Zrgo,Lost In The Music - t e s t p r e s s Remix,2.74,"ANDATA, t e s t p r e s s",2026-01-16,2026,remix
6qwjZHJMIneIQ6JO4Q1fTh,Old Days - PBM Remix,2.09,"Bursty, PBM",2026-01-02,2026,remix
7yzcBcu5Mtq5jb1mWG6IxM,Jesi - Bicycle Ride Remix,2.89,"DJ CARPET, Bicycle Ride",2026-04-02,2026,remix
3nhh2Nr3ro6q3i9eRLAlM5,I Want You - TimaLikesMusic Remix,4.62,"Marvin Gaye, TimaLikesMusic",2026-03-27,2026,remix
1BMxpny4uD64ShORwxMPHe,Jax Toy - Twilike Wonder Swing Remix,3.53,"Jakeneutron, Michael Kovach, Amanda Hufford, Twilike Wonder",2026-02-27,2026,remix
7hucOECNV7eUeRoNGpGCEH,Jesi - MAKS (FR) Remix,2.76,"DJ CARPET, MAKS (FR)",2026-04-02,2026,remix
0x6BRw66m5deMRkHrRebBR,Sussex - Music by Kucherov Remix,2.53,"DJ CARPET, Music by Kucherov",2026-04-02,2026,remix
3UVVCi97ESZNIGqwsg4q7o,Jesi - Kronol Remix,2.47,"DJ CARPET, Kronol",2026-04-02,2026,remix
5sbUBT6ZDgGeEj6d0JAUAf,Berlin v0 - Private Chatroom Remix,3.82,"DJ CARPET, Private Chatroom",2026-04-02,2026,remix
1tqDcibkfBu31Cl3BVNbHv,Arsac - Joel Artusi Remix,4.08,"DJ CARPET, Joel Artusi",2026-04-02,2026,remix
57Z0etV4L7Rz4v7VAyCNNM,Rise - The Instant Flava Mix Stripped Down,3.62,"GABRIELLE, Instant Flava",2026-04-03,2026,remix
0Q4CsujXMRyOusybdlIedM,PALETA - REMIX,2.55,"Plox, Loyaltty",2026-02-19,2026,remix
55XKv5UnE0iiJIxNtjnNau,Olanlar Oldu,4.75,Anadolu Remix,2026-03-27,2026,remix
3P43Wt8HHNUTjoCRR3zE1x,Grow Old With You - Remix,6.83,Musiq Rimond AI ,2026-01-18,2026,remix
234iYW3qaJBdXScIDoeNxg,Ik fyn it allegearre wol bêst - Hardstyle Remix,3.3,"Luuk en Jurre, The Evolution Of Madness, Ruben van der Veen",2026-02-13,2026,remix
3gaD9EGIR7PMz0nIRslvPL,How Old Are You - Bootystylerz remix,2.98,"Dancefloor Kingz, Bootystylerz",2026-02-26,2026,remix
1EqXu6uye06Fs0GPLYvh4e,Old Winding Roads - Remix,4.11,"Diesal On Tha Track, K.Milly, Cuffing Season",2026-01-09,2026,remix
3TZt1slvUbxV0uYNSwNGrv,It Means A Thing If You Swing - Jive Jack Remix,2.64,"Wolfgang Lohr, Jive Jack",2026-03-13,2026,remix
1Kt9jrgHBYHkeOr8osrnlM,Golden Twenties - Glenn Gatsby Remix,2.57,"Wolfgang Lohr, Alanna Lyes, Glenn Gatsby",2026-04-03,2026,remix
1boHWUjgkaBXJ7lJWB4cSe,"Old Friends (feat. SIRUP, Shin Sakiura) - Hookuo Remix",3.61,"YonYon, Hookuo, SIRUP, Shin Sakiura",2026-03-18,2026,remix
09fZYqNiaG8QhmGy3jIgww,Golden Twenties - Glenn Gatsby Remix - Instrumental,2.57,"Wolfgang Lohr, Alanna Lyes, Glenn Gatsby",2026-04-03,2026,remix
0mVpmak3HdsRls2YDSKix7,Lost Soul - Daniel Kandi Dub Mix,3.41,"NoMosk, Roman Messer, Christina Novelli, Daniel Kandi",2026-04-03,2026,remix
12RQgPRMFSGGPQUsLYIB6Y,Lost in Berlin - Ichill Remix,3.51,"Anthony Island, DJ Sleeptalker",2026-02-27,2026,remix
6QeMhKJ5417A0oJbCZX1Kw,Lost My Reason - Festival Remix,3.32,"Josh McKay, ZAD33",2026-02-06,2026,remix
3Fk4HJhLW0dwfTVh0QAzwz,Lost In Time - Bachata Remix Version,4.67,DJ Cat,2026-02-13,2026,remix
5cazyfw4dhNdN38PzOq2yP,Destination Lost - Helsloot Remix,4.19,"Jan Blomqvist, Rodriguez Jr., Helsloot",2026-01-14,2026,remix
2B2kuExALHFHktvNPZx3vj,Lost - Endymion Remix,3.36,"Furyan, Endymion",2026-03-06,2026,remix
4cwI2n4vk6NSZnAkKeCkMG,Lost Soul (Suanda 531) [Suanda Gold Classic] - Daniel Kandi Remix,4.79,"NoMosk, Roman Messer, Christina Novelli, Daniel Kandi",2026-04-01,2026,remix
27lyGsfeCs6rZHZCOrSaip,Lost Soul - Daniel Kandi Remix,4.11,"NoMosk, Roman Messer, Christina Novelli, Daniel Kandi",2026-04-03,2026,remix
1j5pRrvCaoDDsNhH07T0RA,Lost Soul (NMS 004) - Daniel Kandi Remix,5.21,"NoMosk, Roman Messer, Christina Novelli, Daniel Kandi",2026-03-27,2026,remix
6oHuVwjeWzRZ9E3hTKFXLA,Lost - House Remix,3.73,"Edy Mix, Music Total, Jon Kramer",2026-01-27,2026,remix
6hd19aZR8F72Q7xlIXSxoH,LOST. (REMIX),2.27,"NOEL, DEMIGOD",2026-01-28,2026,remix
1D2lsJaucIFE5Do7EisUh1,Lost In The Arcade - Kozua Remix,3.07,"Jaap Ligthart, Avilein, Kozua",2026-02-20,2026,remix
0hxTqPbQwQ0AiqhF6DfsRw,Gamemaster (ASOT 1271) - Ciaran McAuley Remix,4.56,"Lost Tribe, Ciaran McAuley",2026-04-02,2026,remix
2nQrtjx4sRWWlNMlIcDzwz,Lost In A Dream - BOKI Remix,4.1,"Tyler Mann, BOKI",2026-02-27,2026,remix
2bWIuhxGVxOMKW3DcGZeJ5,Lost In Trance - Garla Remix,3.1,"Konvex (FR), Pofio, Garla",2026-01-23,2026,remix
3DCi73hknh4FhkcdiepWK8,Lost Soul (Mixed) - Elite Electronic Remix,4.06,"NoMosk, Roman Messer, Christina Novelli, Elite Electronic",2026-03-20,2026,remix
7h3o0RsMctnMIkjZuZBPoH,Lost In The Music - t e s t p r e s s Remix,2.74,"ANDATA, t e s t p r e s s",2026-01-16,2026,remix
31eCunuVwKWVkHiMkIDbnS,Lost Soul - Daniel Kandi Extended Dub Mix,6.4,"NoMosk, Roman Messer, Christina Novelli, Daniel Kandi",2026-04-03,2026,remix
1l3ibSul6NRUwAuxXXxV7z,Lost Soul - Daniel Kandi Extended Remix,6.87,"NoMosk, Roman Messer, Christina Novelli, Daniel Kandi",2026-04-03,2026,remix
7DGDV7TCZyxnRQv1uxH4en,set me free - Joris Voorn Remix,3.37,"Aaron Hibell, Alex Wann, Joris Voorn",2026-01-30,2026,remix
1V8jGaJlWkK4xUhdhFAwdB,I Fink U Freeky - Coone Remix,2.66,"Bassjackers, Coone",2026-01-09,2026,remix
1reZ4Dp7r3ndLmv4F8veU2,SexyBack Remix,2.09,1900Rugrat,2026-03-27,2026,remix
11JgYFJVadf0sHgidS02UW,California Girls Remix,2.18,1900Rugrat,2026-03-27,2026,remix
1iiPbJQS9Aj3jRoN56pytl,Girlfriend Remix,1.76,1900Rugrat,2026-03-27,2026,remix
6cD8JVtQP2OG4NNMZyuT4i,Hollaback Girl Remix,1.96,1900Rugrat,2026-03-27,2026,remix
6emrnU5yjcd90NbXOcL1M0,Brain Stew Remix,2.08,1900Rugrat,2026-03-27,2026,remix
00xy55KzpzFigitgOF8vkM,Trap Or Die Remix,3.04,1900Rugrat,2026-03-27,2026,remix
25KRgYwn1V5NyNpdx0Ooo8,Feel Free - Rich Ellis Remix,4.21,"IsGwan, Rich Ellis",2026-04-03,2026,remix
21jiUheu9FEimJMddXBWXe,Dance w/ Somebody Remix,1.57,1900Rugrat,2026-03-27,2026,remix
7pQBMij61NSmct4byswcua,Celebration Remix (feat. Queen Latifah & Dawn Richard),3.57,"Big Freedia, Queen Latifah, Dawn Richard",2026-01-28,2026,remix
1sKZ2wAY7eO0UEj92ulINa,The Calling - [Mixed] Freeman Remix,4.19,Pressure Drop,2026-02-27,2026,remix
5MPaHsGHrMQFFKGZnOieXe,Freedom Day - Riley G Remix,3.6,"Terri Lyne Carrington, Christie Dashiell, Riley G",2026-02-18,2026,remix
6kv7aJRMbGCrKoQPx4ieEp,AMPM - Remix,3.69,"Luna Elle, Foggieraw",2026-03-27,2026,remix
5erNtJAzNyRAjTsFEP6fab,Ya Bent El Eh Remix,4.43,Tamer Hosny,2026-04-01,2026,remix
0Wsv0B5k9A9h39rCtcxBtu,Free - Lofi,3.43,"Melodies Zone, Lian Fort",2026-01-09,2026,remix
62ef7A2hxZU4DfxtJfAtnY,Set Me Free (ASOT 1266) - Rising Star Remix,4.94,"Armin van Buuren, SACHA, Rising Star",2026-03-04,2026,remix
4aipwEWR9UFQ08S9oxYu2Z,To Be Free - The Deepshakerz Remix,6.41,"Ben Delay, The Deepshakerz",2026-03-27,2026,remix
05ZgrHj23ZpY9nxeajZADf,Now We Are Free - Sergey Salekhov Remix,3.98,"FEEL, Sergey Salekhov",2026-03-20,2026,remix
0kAXXDFTvai2WbCLtsnFgN,Now Is The Time (ASOT 1262) - Omnia Remix,1.87,"Darren Tate, Mike Koglin, Omnia",2026-01-29,2026,remix
3NBj2vK7Lk5LVashfw9PFv,Now You Want This (BASHKKA Remix),5.83,"Don Esquivel, BASHKKA",2026-01-30,2026,remix
5hY6i6DDd7FgSzNGa8hUz2,Nowhere - Meachie x nick.p Remix,3.29,"nick.p, Meachie, Bella Renee",2026-02-18,2026,remix
4uJhrvX9mZi4q1auTeI7WR,Nowadaze - Panthera Remix,4.49,"Marc DePulse, Anthony Cole, Panthera",2026-04-03,2026,remix
4mA9QFaINV8wK5N3aERgZn,Nowe wytyczne - Ńemy remix,2.87,"Ńemy, PIH, Hedora, Prykson Fisk",2026-03-30,2026,remix
6R1UVjGLbs6LTQkHqayNWV,Now We Are Free (AMINTO 028) - Sergey Salekhov Remix,5.1,"FEEL, Sergey Salekhov",2026-02-27,2026,remix
60cpJ8zE9puAVpPBFdTABw,Now Or Never Tritonia 529 - Estiva vs. Juventa Remix,4.27,"Tritonal, Phoebe Ryan, Estiva, Juventa",2026-02-20,2026,remix
2l0tSlCZ4zhHK1eQiNE3pL,Now We Are Free (ZEESOUND 004) - Sergey Salekhov Remix,4.24,"FEEL, Sergey Salekhov",2026-04-03,2026,remix
2Fam8i5IMpZl4SMbZrOFjY,Now We Are Free (UW 004) - Sergey Salekhov Remix,4.64,"FEEL, Sergey Salekhov",2026-03-27,2026,remix
2MileY3s6X2a6hOgtG4GUu,From Now On - Remix,3.33,Freddykay,2026-01-22,2026,remix
6N7g7qwngqRVhgKN6ZPdO9,Embrasse moi - nowifi Remix,2.14,"VD, nowifi",2026-02-13,2026,remix
3myp8oAIJAcRprvIBPbSvE,Beyond This Earth (ASOT 1266) - Richard Durand Remix,3.64,"Signum, Richard Durand",2026-03-04,2026,remix
5MzhBOscHfZagM77zpYPsY,Questions Must Be Asked (25 Year Remix) [ASOT 1266],2.88,David Forbes,2026-03-04,2026,remix
1l3dsKUTcJDQ5VtwrGu7XY,Attractive Force (ASOT 1266) - FAWZY & Wavetraxx Remix,3.19,"Alexander Popov, FAWZY, Wavetraxx",2026-03-04,2026,remix
7FPGS8cJcetal1244BtF50,Control Freak (ASOT 1266) - Ed Lynam Remix,3.43,"Armin van Buuren, Ed Lynam",2026-03-04,2026,remix
0yokARWArgFCwYKyfBAEQ0,I Live For That Energy (ASOT 800 Anthem) [ASOT 1266] - ID Remix,3.7,Armin van Buuren,2026-03-04,2026,remix
7vHuJq1MZfqelP6EHrtUzw,Fiji (ASOT 1266) - ReOrder Remix,3.67,"Atlantis, ReOrder",2026-03-04,2026,remix
3sbHCutjNzZwtH2RmbcDa7,Now Is The Time - Sebb Junior Remix,6.14,"Oliver Knight, Anna-Marie Johnson, Sebb Junior",2026-04-03,2026,remix
6YelXthKl5Zqxtz7VAQuSD,Now & Again (Super Besse Remix),6.66,"Dlina Volny, Super Besse",2026-02-20,2026,remix
3akiJmCbRYn8yBUj0rKi3o,Gone Gone Gone (feat. Teddy Swims) - Nathan Dawe Remix,3.08,"David Guetta, Tones And I, Nathan Dawe, Teddy Swims",2026-01-02,2026,remix
0PlkFLFKoRxyjoGUki9rmW,Gone Gone Gone (feat. Teddy Swims) - Nathan Dawe Extended Remix,3.82,"David Guetta, Tones And I, Nathan Dawe, Teddy Swims",2026-01-02,2026,remix
1Cx4a6q2M3DWxZWwraYZKE,Gone Gone Gone - Workout Remix 128 Bpm,4.0,Workout Music Tv,2026-02-13,2026,remix
2H9NeI0nD6CEXY6rAfGhRw,Gone Gone Gone - Workout Remix 135 Bpm,3.79,Workout Music Tv,2026-01-30,2026,remix
55Ty6cqhV46V9cPKejD2uc,Gone Forever - Demmo Remix - Mixed,4.9,"Spark030, Demmo",2026-03-20,2026,remix
5EeUyVNOX0Q3i5O1zdU3dx,Gone by the Morning - Infinity Pulse Remix,4.2,"Nexus, Nova Grey, Guido Odendahl",2026-02-20,2026,remix
7yNNByOpusgQUEt790jk3H,We're Gone Forever - Warmth Remix,3.53,"Lauge, Human Is Alive, Warmth",2026-03-13,2026,remix
6r6RUeCdGDepRBa1xSZhmP,Sun Is Gone,2.68,Charlie Jeer,2026-02-27,2026,remix
3JtlFBXNhwR1nbaacKYH2W,Champions Remix,2.63,"Don Cannon, The Cool Kids",2026-02-27,2026,remix
43kzDos79N3ZcH9AvTB6PG,Gone Gone Gone - Tabata Remix,4.25,Workout Music Tv,2026-01-23,2026,remix
0JeWt7Ks5IZPCOfXoM03UN,FOREVER GONE - Remix,3.53,"Romeo Agrela, Rio Sterling",2026-03-13,2026,remix
3fQWgXBGG5oxEx1KsmenIv,"Sam's Voyage, Pt. 4 - Gone Deville Remix",7.45,"Jares, Gone Deville",2026-04-10,2026,remix
5jadpWWK54xtNo0WqOkMAW,I’ll Be Gone - Patti Harrison Remix Cut,5.02,"SASAMI, Patti Harrison",2026-03-04,2026,remix
4EUYffmHCXBRtVBv1RMvfZ,I’ll Be Gone - Patti Harrison Remix Cut,5.02,"SASAMI, Patti Harrison",2026-03-27,2026,remix
07UPHKoqEMPHn1PEeJrf32,Pennies Remix (Mixtape Version),3.26,"Don Cannon, The Cool Kids, Ludacris, Bun B",2026-02-27,2026,remix
2fMu2LC67oS4NUDGKebslK,Back It Up #synthclub - Fat Papi Remix,2.38,"Fat Papi, prodshushy, prodvalen",2026-03-04,2026,remix
6X96AkgqimU9SPj9bybDqU,Back2Back (Remix),5.96,"J Abdiel, DFZM, Yk It’s Junaa, Alejo, Juhn, Lyanno, TORRRES, Mariah Angeliq",2026-02-13,2026,remix
3Y7FcB6hMBzN8Pq9Ha6oCq,Back To Your Place - Jihad Muhammad Bang The Drum Vocal Remix,7.42,"Marc Evans, DJ Spen, Jihad Muhammad",2026-03-20,2026,remix
6dYdQmn5KSxXX2uuZ59y0r,Back To Basics - Saison's Remix,3.13,"Colau, Saison",2026-02-13,2026,remix
3n5IWKvD5kYxOCtansrmmO,Back To Black - The Gang Afro House Remix,2.83,"Umut Ozsoy, Lütfiye Özipek, The Gang",2026-02-20,2026,remix
0gMPaRNtXH7DLCf79QyOKq,back on your bs - Wantigga Remix,3.54,"DANN, Wantigga",2026-02-20,2026,remix
40GDOmJfjUvX17B9UMlEF9,Step Back (Break Remix),3.4,"Mefjus, Break",2026-01-29,2026,remix
3BSMvEZzfIlcUdvlL77jTc,Way Back - Jet Boot Jack Remix,7.02,"Ron Carroll, Peverell, Jet Boot Jack",2026-04-10,2026,remix
4HKvXkC7Rx7xs1GUjSWE8l,Way Back - Nari Remix,4.48,"Ron Carroll, Peverell, Nari",2026-04-10,2026,remix
34IlqWv0oH53baDcHRtaum,I'm Back - Ollie BC Remix,2.78,"Diego Teran, Ollie BC",2026-01-30,2026,remix
26AUlKZfSCNyrSOId02YyK,Want You Back - Will Rees Remix,3.33,"Rodrigo Deem, Will Rees",2026-01-30,2026,remix
6J5nhHQstiNjn33bwGt0Lf,Way Back - Gary Caos Radio Edit,3.42,"Ron Carroll, Peverell, Gary Caos",2026-04-10,2026,remix
1zBsEvbgiUIddUSX5ezn5M,"Way Back - Sunana, AL-GARB, MaTo Locos Radio Edit",3.83,"Ron Carroll, Peverell, Mato Locos, SUNANA, AL-GARB",2026-04-10,2026,remix
5nSaqg4dZcy4FwwGYSH65h,Say Yes,2.83,Marques Anthony,2026-01-23,2026,remix
1gHqDKXViPOBsxteInuaOr,Turn Back The Time - DJ MadFX Remix,3.81,DJ MadFX,2026-03-30,2026,remix
1jQsjI01pJbTeyllUVwHGd,He's The Greatest Dancer - Nico Zandolino - Back to Disco Edit Remix,3.3,"Sister Sledge, Nico Zandolino",2026-02-06,2026,remix
7ITNJ1wQKeGKIJKsy6GN7E,Back To The Roots - Newman (I Love) Extended Remix,6.53,"Avenue One, Saya, Newman (I Love)",2026-03-20,2026,remix
6eH1MYoK05OHL3UXh39uBa,Way Back - Peverell & Matt Case 10 Year Anniversary Mix Radio Edit,2.94,"Ron Carroll, Peverell, Matt Case",2026-04-10,2026,remix
4DFOiZA1aYdgWxbUOmd0Gc,Back on the Floor - Broken Hill Remix,4.22,"Phantoms, Broken Hill",2026-01-09,2026,remix
2NFRD277REu6F0YvJV8xC8,Kiss Me Again - Official Remix,3.26,"Johannes Schuster, KIRK",2026-02-20,2026,remix
7rZv9ZdtDxOoFN9x2CvtGm,Soon I’ll Be Loving You Again - Salaam Remi Remix,5.43,"Marvin Gaye, Salaam Remi",2026-03-19,2026,remix
2cmtyqW7yIflk6OEQDH2G6,solo - KETTAMA remix,4.34,"KETTAMA, Fred again.., Blanco",2026-03-05,2026,remix
6dMdy6zO46taJ2unBfeFB5,Rise Again (Remix),2.64,"Alonestar, Eminem",2026-01-23,2026,remix
7hl86Kt21Fw2K36OM6oRXX,Beto’s Horns - fred remix,3.77,"Fred again.., CA7RIEL & Paco Amoroso",2026-03-06,2026,remix
38l4HezLcZ6lmQ4ISf7bs9,..FEISTY - Oppidan remix,2.7,"Oppidan, Fred again.., BIA",2026-03-05,2026,remix
7CPmZcnJu7a6wizItbSOvT,Again - Ronan Remix,2.35,"BossArt Ensemble, Nova Bossa Ltd., Ronan",2026-01-23,2026,remix
1dKHThOp069C7mVlX0F2cC,Beto’s Horns - Daphni remix,4.1,"Daphni, Fred again.., CA7RIEL & Paco Amoroso",2026-03-05,2026,remix
2rspmy4gPl0yWUFajxcQ1f,Facilita - Mc Dricka remix,3.12,"Mc Dricka, Fred again.., Caribou, Menor Teteu",2026-03-05,2026,remix
401geNb9B5l7bFzi53Z3oP,OK OK - Hamdi remix,3.27,"Hamdi, Fred again.., Danny Brown, BEAM, PARISI, JPEGMAFIA",2026-01-30,2026,remix
10dNCGlQDoELo7XYUj7LaT,Against The Grain - Audio Remix,4.26,"TR Tactics, Audio",2026-01-23,2026,remix
2YMHl0HIsMEwre2k9mfl3N,Winny - Lil Silva remix,4.78,"Lil Silva, Fred again.., Sammy Virji, Winny",2026-03-05,2026,remix
7BrbAwNXRZSMMohE66ETYx,HARDSTYLE 2 - Lou Nour remix,3.2,"Lou Nour, SICARIA, Fred again.., KETTAMA, Shady Nasty",2026-03-05,2026,remix
2vwNieHuesuvjxmDSYlLJg,Again? Fuck. - AK SPORTS Remix,3.44,"Alison Wonderland, AK SPORTS",2026-01-30,2026,remix
0xRnLYgTPjvedSmOWHExeF,Again? Fuck.,2.88,Alison Wonderland,2026-04-10,2026,remix
7Iv4xO2i8qSlCEWoWW8YfT,Again? Fuck. - Yash Bansal Remix,2.88,"Alison Wonderland, Yash Bansal",2026-04-10,2026,remix
5DXV1tyJr3lsyWMbCONhiJ,Forever - Tom VR Remix,5.79,"Verses GT, Jacques Greene, Nosaj Thing, KUČKA, Tom VR",2026-03-04,2026,remix
42pXnzPu7samqZkLoaKmWf,Live Forever - Asteroid Remix,4.28,"Lange, Emma Hewitt, Asteroid",2026-03-27,2026,remix
4s2LkZ5jPZbJea74ANOEoZ,Forever,3.48,"Verses GT, Nosaj Thing, Jacques Greene, KUČKA",2026-03-04,2026,remix
081VsMlmASUbpB9dAyadTU,Forever - dep4rted remix,3.0,"DJmegan23, ultra caro, dep4rted",2026-01-02,2026,remix
4eJb0RdtgELowItXmxkQcr,Live Forever - Asteroid Extended Remix,7.52,"Lange, Emma Hewitt, Asteroid",2026-03-27,2026,remix
0OULbyrrQbP1dUzBarrAAJ,Who Wants To Live Forever? - Danny L Harle Remix,3.12,"Nine Inch Nails, Judeline, Danny L Harle",2026-02-27,2026,remix
4NftRIyLvhahQexMXJTMOD,forever (slowed down),2.08,julez,2026-01-02,2026,remix
4Fs2EvUM3WMR17KSw259AF,Forever Dancing - Sweetpea Remix,4.18,"Rico Tubbs, Terry Hooligan, Sweetpea",2026-04-02,2026,remix
1J5dQXMJSyUvFrJJt8HO9H,Forever - android52 Remix,4.53,"FIBRE, Aritus, Android52",2026-03-06,2026,remix
2CmJwTRnqMhSYZtRCTz2H1,Another Storm (ULF007) - Mike Rish Remix,4.2,"Quivver, Mike Rish",2026-01-21,2026,remix
2l8QeEm2hq5NK9oyhNJ7BA,Jumbo (ULF016) - Jamie Stevens Remix,4.73,"Paul Thomas, Jamie Stevens",2026-03-25,2026,remix
58zCpXI9YYPfg7EVF0Vzdr,"Tell You Later (ULF017) - GMJ, Matter Remix",6.01,"Jamie Stevens, GMJ, Matter",2026-04-01,2026,remix
4hVmWazZwKIyl4VwjTuU54,WHAT IS FOREVER FOR (The Dare Remix),3.01,"Frost Children, The Dare",2026-04-08,2026,remix
6SD4sQubQsOvgGt08oikyh,Tempus Fugit (ULF017) - Hobin Rude Remix,5.18,"Das Pharaoh, Hobin Rude",2026-04-01,2026,remix
2vfVs6hn7Bbpib5l2Wjylm,God's Original - Remix,3.93,"Christafari, Ziza Forever Mohr",2026-04-06,2026,remix
7t9h0RuUUz27S5yFckUiBM,Tonight - Ozzie Guven Remix,3.03,"KOSMICWAY, Ozzie Guven",2026-02-27,2026,remix
4h88cErk4qe2Oo8r3pIGRN,Come Tonight - Isaac Carter Remix,3.02,"TEED, Isaac Carter",2026-03-13,2026,remix
4ClCxriUzbSvgipHEpbYsd,Come Tonight - Isaac Carter Remix,3.02,"TEED, Isaac Carter",2026-04-03,2026,remix
7EAeJmVaoeXOk6053gEks8,Come Tonight,4.92,TEED,2026-04-03,2026,remix
7dTSVHo9Krkfjnn7RbKH3w,TONIGHT REBORN 2026 - Remix,1.28,DJ Fredy,2026-03-27,2026,remix
6u9kE8lcB59sLSqfIjjswT,Tonight We Rise - Remix,2.14,Alex Viegas,2026-01-24,2026,remix
53BiTZNQ2QUeVtcElfKttA,I'll Be Your Friend Tonight - Extended Remix,4.97,Greg Bounce,2026-02-06,2026,remix
4wNKp8B06AnpfGt3DfaPwt,Your Love (Tonight) - North Project Remix,2.99,"FDVM, North Project",2026-03-13,2026,remix
3e0DiFe6UkXWgqMFoT5TLJ,Feel the Fire Tonight (DanceHall Heat Remix),4.92,Dreamsongs Petra Cornuijt,2026-03-26,2026,remix
1tKn6ys5hdKk8iwZWW99RA,Forget Tonight (MC4D Remix),3.48,"Steve Aoki, Tyler Hubbard, MC4D",2026-01-08,2026,remix
0WsZbK5UccwcwAFIqeQbHP,Free Tonight - RainDropz! Remix,2.55,"Casaris, RainDropz!",2026-02-13,2026,remix
6fk8AVVbFpXVAOXiE0JUMd,Beasts Tonight - Talisto Remix,3.83,"Ari Mason, Talisto",2026-03-25,2026,remix
0eA7s73FCC3S93FTcUjDH8,Come Tonight,4.92,TEED,2026-03-13,2026,remix
3kZBSSW0xPhqjW1ZZxc1C8,I Wanna Do You,2.94,Asuna,2026-01-02,2026,remix
4WjOTd9iS0pHCu3HgfHN4R,Dreams (Remix),2.65,"Talla 2XLC, DSTRTD SGNL",2026-01-30,2026,remix
14fu5H7QmKJLjG5HRPDBQF,Acid Dream - Polka Remix,1.84,Gait Joa,2026-02-06,2026,remix
71H1oWWuI1E7YnsoX37DSD,Dream Universe - Dim3nsion Edit Remix,3.64,"Mr Sam, Dim3nsion, Massimo Marino",2026-03-20,2026,remix
2uB5E9pBUPmP0GrZauLWMb,Dreamdancer - Ancestral Elephants Remix,3.75,"DEVA RUNA, Ancestral Elephants",2026-01-15,2026,remix
2LbbohGl6EqedWEfeexoD4,Dreams - The Developed Arrested Mix,6.42,"GABRIELLE, The Development Corporation",2026-04-03,2026,remix
0VqFBjukKPBSOIwFs5o2LZ,Dream Girl - Elijah Styles Remix,3.53,"Elijah Styles, Dj Skyebox, S3RL",2026-03-29,2026,remix
6A1Z14aXp0Z6CGhHpCMDvI,Living The Dream (Æj Remix),2.64,"Saco, Zaza, Æj",2026-03-06,2026,remix
3B7jRvIxaFRygXFlNMlgpS,"Ey Gap (feat. Big2, Willie Wartaal & Donnie) - DANIQ Remix",2.79,"DANIQ, Big2, Donnie, Willie Wartaal",2026-02-06,2026,remix
4jLKmiPkJn7ABpDAQv4efT,In the Mood,2.95,Daydream Affiliate,2026-01-09,2026,remix
4tebKho6Qi7UbZYOB7Qfdn,Dream - Fyze Remix,4.43,Fyze,2026-01-08,2026,remix
5TsNB5JU53jYEddF9TIgJS,POLARIS DREAM - Andy the Core Remix,3.33,"REXANTHONY, Andy the Core",2026-02-12,2026,remix
0SQ9JuBT409B8fUGBQpcF6,Dreams - Dignity Mix,5.71,"GABRIELLE, Rollo & Rob D",2026-02-06,2026,remix
3uYpCTsnE3XEebJtqhTuNq,Rosa (DREAM RADiO Remix),3.68,"Doe Paoro, DREAM RADiO",2026-04-03,2026,remix
0OMhT0iJEPbUnQTNBux4Ya,D r e a m s - Tim Reaper Remix,5.3,"Love Remain, Tim Reaper",2026-01-23,2026,remix
4N9nEO8B7rsEHVdeNO6Plw,Dream Therapy (feat. Sampha) (George FitzGerald remix),3.86,"Oscar Farrell, Sampha, George FitzGerald",2026-01-29,2026,remix
7saFP6lFbEVu6h502CduQH,Lucid Dreaming - Blueboy & Dash Remix,4.23,"Charlie Jeer, Blueboy & Dash",2026-02-27,2026,remix
5TFA3TboyCpexc0GapN2k8,Snowman - dreamẅalker Remix,3.52,"WYS, dreamẅalker",2026-01-26,2026,remix
2NdBltBzTetgEdEx2QZILP,The Dream - Minami Deutsch Remix,5.7,"Floral Image, Minami Deutsch",2026-02-10,2026,remix
7mZbdx8fJOORdjthOE8nXk,Melancolía - WALTHER & OliO Extended Remix,8.91,"Jacob Gurevitsch, Buika, OliO, WALTHER",2026-01-09,2026,remix
4uFGKlrUdEjlY4qxq7Lh0t,Achy Breaky Heart - Remix,3.11,DJ Tortelduif,2026-03-13,2026,remix
3fxdzwNYgzouvsfnkvpJmN,RUDE!,3.33,Hearts2Hearts,2026-03-27,2026,remix
5ueQXMgZeKbgYToD8AUhco,Missing - Todd Terry Remix,3.94,"Everything But The Girl, Todd Terry",2026-04-03,2026,remix
2WLq5n7nWZWwHYDOOu2H06,Missing - Ultramarine Remix,5.46,"Everything But The Girl, Ultramarine",2026-04-03,2026,remix
6xZZlU7WD0pusaIwVbvIl6,heartbeat - remix,3.62,"Mijabella Marie, POODEE",2026-03-26,2026,remix
1w2WYor4ELwjryvNIEDMtT,Heartkey - Mona Music Remix,4.72,"DS Music, Mona Music",2026-02-14,2026,remix
2W6NuRnJa6mAU9eOBCfwFN,Alive - DJ HEARTSTRING Remix,3.89,"Empire Of The Sun, DJ HEARTSTRING",2026-01-16,2026,remix
2T0pqjJ1HqVHRNpmefca80,Heartbeat Overdose - Vlace Remix,4.4,"Marco Leckbert, Vlace",2026-03-09,2026,remix
6zRqnppdQydtEufHKqz212,Heart On The Line - JaKeS Remix,4.22,"Stephan Visagie, Amore Rudman",2026-03-06,2026,remix
4M6ueeNSl5Y0y0FSoHZX8G,Best Believe (Stole My Heart) - Ryan Resso Remix,3.43,"Stef Davidse, Ryan Resso",2026-04-10,2026,remix
0cx6yzBEzlTAJKsAPHAhyq,Hot Air Balloon (ASOT 1265) - Ashley Wallbridge Remix,3.83,"The Paper Outlet, Heart Crimes, Ashley Wallbridge",2026-02-19,2026,remix
2VtEkkOBaDxPlqfEcPPXZY,Hot Air Balloon - Ashley Wallbridge Remix,3.67,"Ashley Wallbridge, The Paper Outlet, Heart Crimes",2026-03-13,2026,remix
0rQimrnkKYELbOHGda3FM6,ALL FOR ME - REMIX,3.03,"Darrel Walls, PJ Morton, The Walls Group",2026-01-09,2026,remix
4ikhbKiw9pKYkWitSR7M7u,Night at the Opera,3.08,Emei,2026-04-03,2026,night
2OSKilO8OcKW0S7e1agdNN,Nightmare Symphony,3.98,"Fantasm, The Dark Horror",2026-02-27,2026,night
3j849LjxCe8WZMQjiKsl8Z,The Night We Met,3.48,Joni Fuller,2026-02-26,2026,night
5FfaCIfjxzg8TU9G0Bm8Rj,Night After Night,2.14,oskar med k,2026-03-27,2026,night
5CHiL8cfGUoMVOUw7trqAV,Nightmares,2.54,"Noxiouz, The Dark Horror, MC Robs",2026-02-27,2026,night
7GknomLbhNNjwUH7IqDPZd,One Night,2.46,"HUGEL, French Montana, Max B",2026-03-27,2026,night
6s3w7SUVtmm68Bw5KrKMh0,One More Night,2.79,BTS,2026-03-20,2026,night
2ges8Z8l5zL0X9yzUIf2uy,Night Moves,4.69,"Myra Bro, Rinaldo Montezz",2026-02-20,2026,night
3AOjvIZEqBkxRiz7oonvnn,Night Light,7.0,Common Saints,2026-01-23,2026,night
7HXzuAd8UNJj2yCAS0NWbB,Opening Night,4.32,"Arctic Monkeys, War Child Records",2026-01-22,2026,night
53vdjTdL5E3rhb94v5fQly,Late Night Memories,3.65,Velvet Harbour,2026-03-27,2026,night
72HSVzYGhfXgBaVTCNjZkV,Night Meditation,2.01,slumbr,2026-03-20,2026,night
0BAFdcLK4Ne1SQSy7z4ban,"Mendelssohn: A Midsummer Night's Dream, Op. 61, MWV M13: No. 7, Nocturne",6.56,"Felix Mendelssohn, Rotterdam Philharmonic Orchestra, Jeffrey Tate",2026-04-02,2026,night
1qfR0wPkVbRS60kJEC5xu0,Hold Me,3.12,"Nightcraft, Jason Payne",2026-01-30,2026,night
3b5dT0ydwootMKHqIZbTdo,Nightly Mental Reset Deep Sleep 417 Solfeggio,3.66,Solfeggio Frequencies Sacred,2026-02-20,2026,night
6ve7hMab244K7r256m34pf,Law of Attraction Night Meditation,2.55,"Connectionist, Manifesting Money Music, Manifest Now",2026-03-28,2026,night
0W1MltFXt44jVQpBt4fvYo,Parisian Nights,2.4,Meladonica,2026-02-06,2026,night
0AwlUzTSZPEvciJP0yMa2h,Night Air,1.04,Sleep With Me,2026-02-26,2026,night
2bkveuIGI3A5gFejSfHx4w,Nightfall in the Medina,2.12,Khasira,2026-03-09,2026,night
70F669NkDlVG11Nvpt9b1Y,Night Reflection,1.04,Sleep With Me,2026-02-26,2026,night
1qHiEuvsEH0PIGLMaPYgxe,Meadowglow,1.79,"brillion., Ian Ewing",2026-03-16,2026,night
1yhl1HKqPafA0BMr7m2puv,"Sibelius: Rakastava, Op. 14: III. Good Night My Beloved... Farewell",5.64,"Jean Sibelius, Sir John Barbirolli, Hallé",2026-04-02,2026,night
4TD27W5EZ5n29eS14tP6mz,My Kinda Saturday Night,2.75,Luke Combs,2026-03-20,2026,night
1yfKPKAFn1T0WyhsJr1835,One Night In Mykonos,2.82,"TWOPILOTS, Toby Rose, One Trick Pony",2026-03-20,2026,night
0vJK06b56XUdh592RGGxkl,Good night my little one,3.57,Elin & the Lullaby Orchestra,2026-01-23,2026,night
12NRSHW0QqxAxb2xdl5hQH,The Night I Spoke to God,5.07,Mikhail Bennett,2026-03-12,2026,night
6YdZ8voCzvLvU1hLBKcCsp,Nightlife,2.5,Laura Mia Sommer,2026-01-16,2026,night
6fd5w2tc6mfkHoSHO8RttM,My Night,3.53,André Aguado,2026-01-13,2026,night
0uNETuut0gtfipHyJqPzeg,WHERE IS MY HUSBAND!,3.25,Our Last Night,2026-02-13,2026,night
7BnxHHRlaN3LeAyDIWHykv,my hatred kept me alive (till death 4),1.67,"dreaming., numb the pain, rehab",2026-02-07,2026,night
6TtSz9EIOrOO3tHu2K0o23,MY JEALOUSY HARDTEKK - Nightcore,1.38,ovg!,2026-02-27,2026,night
1cnAYhWbm67rVdwIdX9Wpm,Night Train In My Head,2.68,Dark Blues YT,2026-01-19,2026,night
3roCONIYPBY7qqYefABWjS,Losing My Mind,2.33,H:dn,2026-03-06,2026,night
3ovjIXvXjtLGVEZ2KMrgJF,Cozy Nightfall for Pups,1.22,Calm My Dog,2026-01-16,2026,night
7xC5ZZXbOMy8q6mVb7H58k,Night Or Day,4.8,Praise and Worship Orchestra,2026-03-30,2026,night
1AJHMCrliyFUOO9ThekVNS,Hold My Heart,2.71,"Nofsky, Chloe, Sydni Alexander",2026-03-27,2026,night
7yIBbRFuiC2vIwrW1zxSjR,A Model Life/My Angel Now,7.39,David Gray,2026-03-27,2026,night
4AH58xz5PIOBG11e023Cda,The Night You Stayed,4.56,Storm Chant,2026-04-10,2026,night
5fCNNksdWZHPUmBOLMwhLi,You Shook Me All Night Long,2.69,"Nic Johnston, Jawny Sparklez",2026-02-27,2026,night
38ktogebuJDuUs9Cao65g1,Your Love,2.47,"R3SPAWN, PULLER, Kevu",2026-03-06,2026,night
0lS17pgLZe6P2OO2ffQO0A,You Bliss,4.23,"Nightmares On Wax, Adrian Sherwood",2026-04-03,2026,night
36L0QmdRm9NxVfgGARjdnI,The Night You Stayed Forever,4.0,Claire Pellegrini,2026-03-12,2026,night
12VAjFWo2mG1XayU6Fs21P,You Bliss,4.23,"Nightmares On Wax, Adrian Sherwood",2026-01-28,2026,night
6t3dKIJ3QSch1RpGeqauJz,Night young,2.26,9inekai,2026-03-20,2026,night
5Ny3P72DhotKKVjQNLcuJR,Wish You Were Here,2.24,"DJ Katch, Crudu",2026-01-23,2026,night
2NPMFnYeZJkUuyf1qKxJnS,Your Love,2.1,DJ. Jackpot,2026-01-26,2026,night
0tHopCSHUlzvni2x7NhjgA,The Nightmare,3.59,Two Shell,2026-01-28,2026,night
7BC980d3LjZy58pu5nwX7Z,You & I,2.8,"brillion., Dimension 32",2026-03-16,2026,night
0kzeaVO4QOpD6ceSD9kBov,The Night You Walked Away,4.03,NexSnoW,2026-02-05,2026,night
0lw9EOcSV0KFhONZaqsJdX,You Make Me,2.89,Lane Boy,2026-01-23,2026,night
5oedmydmZiD2u4kkvESCLd,Young And Beautiful x Ordinary - Nightcore,3.8,TommyMuzzic,2026-03-28,2026,night
7tFdoTszpGkDahUossziqu,The Night Is Young,2.31,"Nilo Bay, ChillTide",2026-03-27,2026,night
6xlFWfeoLAR3AMiDDGHK7H,The Night Is Yours,2.52,Jodie Harsh,2026-02-13,2026,night
2409fiFt73X0Yt8yah61tJ,The Night Is Just Begining,5.16,"Ken@Work, North Laine",2026-04-03,2026,night
4RKJ4d02dL5AynK1mkVu6U,The Night Is Kind,2.27,Louis Luz,2026-02-20,2026,night
04REJmWmK1yteoA5EdA9TE,The Night Is Yours,3.36,Nolek,2026-04-02,2026,night
2lAwKWa3Ar0ySHG07f1GkC,the night is calm,2.11,Flowstate,2026-03-06,2026,night
4SbXOlIkuKc1ouczWdK5iV,The Night Is Yours - Extended Mix,4.96,Nolek,2026-04-02,2026,night
59j1ENdkVoCeatEkHYFMrs,The Night Is Mine,4.47,Dragpalace,2026-04-10,2026,night
1kX5NmoD54qt2rguELZqJN,The Night Is Yours - Extended Version,6.78,DAVYROE,2026-02-25,2026,night
1CFSdOpqcQwFV3U4urjrJP,the feeling when the night is young and free,3.0,EMMA LETICIA ZARATE ANGEL,2026-01-24,2026,night
0swebFhaFPDlUehRamX5va,The Night Is Long,3.71,Serkmusic,2026-04-02,2026,night
3FaHl4jscAFMD5LmvosZ0I,The Night Is Yours,4.97,DAVYROE,2026-02-25,2026,night
4p6D4HMsMwkG0IPnbEf5Tq,when the night is over,2.94,"Le Youth, Otherwish",2026-03-06,2026,night
0UudiZyN1bpoXoHgsamXeX,The Night I Still Replay,2.27,Jonah Dean,2026-01-09,2026,night
6OeC9j3TjEaDz3g5wQsqgr,Night Nurse - Curtis Lynch Remix - Soundcheck Mix,5.6,"Gregory Isaacs, Curtis Lynch",2026-03-27,2026,night
6p4N3brWii9ScCgN9PKFli,Night Nurse - 2025 Remaster,4.28,Gregory Isaacs,2026-03-27,2026,night
5TMPvvGQOus9AwlvtEL04R,The Night Is Never Over,3.2,Nite Stinger,2026-01-23,2026,night
6rWKfVrBNn85mqOErp3MqP,The Night Was Heavy,2.62,CID FIGUEREDO PEDRO LUIS DAS,2026-02-25,2026,night
6gCbaAJAxVDPlNWbiepjIE,The Night Was So Young,2.28,The Beach Boys,2026-02-13,2026,night
6DicT5IHrKFy5AA7QWY0ro,When the night was kind,2.82,Stefan Scholz,2026-02-05,2026,night
1WlDzAniwJfVGlNcyMPwpX,Night Wash,2.8,"Kid Tarô, Shukgotbeats",2026-04-10,2026,night
4sngzEnDlENtnimvB9lxoK,The Night Was Ours,2.46,SAINT HILAIRE EDOUARD DAS,2026-02-23,2026,night
1GWRA6dJzFkqyIbFC5b2XP,The Night Was So Young - 2025 Vocals Only Mix,2.3,The Beach Boys,2026-02-13,2026,night
42NGmbDtijLMMqYGM9ATzk,Wasteland Walkers,4.18,"Nightwhisper, SOL UMBRA",2026-04-07,2026,night
6wQ4dWLBV46nnDoE8KlWwt,Dark Was The Night,2.87,Doppenberg,2026-01-30,2026,night
5pL9OV0IEdQvcFQ0CfDD6J,Wasted,3.23,"Night$$, Xulo",2026-01-08,2026,night
4LnExgSIQfSuJhKtlEqDA3,Waste the Night,3.63,Walking On Rivers,2026-04-10,2026,night
4z5nop8Q4Uf5IBc57EbvxD,there was something promising in you - classical version,2.84,"Nightcall, Nocturne.",2026-03-20,2026,night
3vmQGMVfSov3mcEnPVRzTI,"but at night time, when there was nothing to do",3.32,"dreaming., numb the pain, ciaffa",2026-01-15,2026,night
0cYosP7dAKpkAnIPND7VOc,And It Was Night Again,3.73,System Olympia,2026-03-06,2026,night
5ZFruJyhM8RTuaEi4AAx5Q,This Night Was Made for Me and You,3.87,Domi Niggl,2026-03-20,2026,night
1yAbtFCa5NnFN6szrKzRT4,The Moon Was Yellow (and the night was young),5.02,"Juan Carlos Quintero, Luís Conte",2026-04-03,2026,night
5S15BBMHzG5OlDRlFjhMis,LUNA BALA FUNK - Nightcore,2.01,"Yb Wasg'ood, Ariis, FXRR",2026-04-03,2026,night
1Ti9oqoMTU5qkllvnhllOS,“The Night I Realized I Was Alone”,3.29,ELIAN FROST,2026-01-22,2026,night
6ZZzmLh8TapCFIUrVcd2sl,Was It a Dream?,2.97,Oscuro,2026-01-02,2026,night
0laVTh7s7LXJqVoWTZdKDJ,Was It Ever Real?,3.62,Underworld Vibes,2026-03-27,2026,night
7eTyyVh1VdTBrbPHf92JyF,WASTED,2.7,Magnolia Park,2026-03-13,2026,night
3uI2KolgU1Pt41ywffsggr,Voyaging Star's Farewell,3.75,"Wuthering Waves, Tarokiki",2026-02-05,2026,night
1EQJYQig9G42PucVTkIOvn,A Small Miracle,4.38,"Wuthering Waves, jixwang, Fleet Snowfluff",2026-02-05,2026,night
04dQoUrmSfFxoD00GiMO51,A Rainy Night in Soho,4.54,"Bruce Springsteen, Shane MacGowan",2026-03-12,2026,night
6OT8JkFqoKL18chxtmt9yK,"Theodora, HWV 68, Pt. 3: No. 1, Air. Lord, to Thee Each Night and Day (Irene)",6.29,"George Frideric Handel, Dara Savinova, Millenium Orchestra, Leonardo García-Alarcón",2026-04-03,2026,night
5Z2OyM6gbgi6gvBugqgypB,"Theodora, HWV 68, Pt. 2: No. 25, Recitative. 'Tis Night, but Night's Sweet Blessing Is Denied (Irene)",0.96,"George Frideric Handel, Dara Savinova, Millenium Orchestra, Leonardo García-Alarcón",2026-04-03,2026,night
5M4uK8JCSrkAq5XO9CnlQW,Last Night,2.81,Louis Tomlinson,2026-01-23,2026,night
7p2sOjfXigMRkXI3xmQQUe,Night Heron Call,2.49,River Drift Jazz,2026-03-09,2026,night
5XnfNWIuyArQU732bZ6Nj1,for the night,3.15,Madison Beer,2026-01-16,2026,night
6PDzJmNmzimrTW6L0SWXmu,"Her, Always",2.25,brillion.,2026-03-16,2026,night
2Uosc9RXvJwCstUCzDNGKX,Far From Here,4.5,David Gray,2026-03-27,2026,night
1e11MjRhhmU0KpS5q56r4Y,Here Lies Love - mixed,1.58,Marigold Sun,2026-03-06,2026,night
5t1WgZgLyHFAjd3FPkBOS5,Nightmare Being 19,2.9,Bea,2026-02-13,2026,night
1qNJ9bLnQK4MdGcmmQV6gp,Dennehy: That the Night Come: These Are the Clouds,3.47,"Donnacha Dennehy, Dawn Upshaw, Crash Ensemble, Alan Pierson",2026-04-04,2026,night
5QyM3P3wS02QOLeUaEAmk8,All Night Long,2.71,Heard Right,2026-01-16,2026,night
1RL7dSaNvtG5DCzY6vDdSZ,nightmare.,2.03,"northstar, i miss her.",2026-02-02,2026,night
1K45hgVP2OX78Pbo2Jo1pS,"here today, gone tomorrow",1.56,Hinoku,2026-04-03,2026,night
2nXzww2jFKAhqyITbSbVak,"here today, gone tomorrow (slowed+reverb)",1.71,Hinoku,2026-04-03,2026,night
5ShJ2yxMibNkoLLhzBori6,"here today, gone tomorrow (sped up)",1.37,Hinoku,2026-04-03,2026,night
28zYItF4UmMV3M19MCpiO9,Here Lies Love,1.81,Marigold Sun,2026-03-06,2026,night
4uqjiDElbhy04umrnEChFb,"here today, gone tomorrow (super slowed)",2.0,Hinoku,2026-04-03,2026,night
0jrKEmghte8gFv2cRcPZaJ,Here We Go Again - Live,5.18,"Willie Nelson, Wynton Marsalis, Norah Jones",2026-01-21,2026,night
4Q1aX0knZsCWNRQPHymdmL,Night Beam,1.66,RRNawfside,2026-01-31,2026,night
6uY5jwx20uNpiT7JOCXTgR,Tell Me About That Night,3.01,Tom Howe,2026-03-13,2026,night
6u2Ev2F1pVfbr8Ad1041Ej,Nightmare,2.92,Sunkenghost,2026-03-29,2026,night
0w8c0DVim4BNT44Bw5cgLc,Tender Nights,4.2,The Love Archetype,2026-03-12,2026,night
0dVySomrcJgF3kmeixgEEN,For The Night (feat. Larry June & 1100 Himself),4.18,"1 Umbrella, ALLBLACK, 22nd Jim, Lil Bean, Larry June, 1100 Himself",2026-02-06,2026,night
6h9caGp5JMa3Xhgi64R9eG,Keeping Him Alive,0.89,Federico Jusid,2026-02-06,2026,night
5V0KBbE7RMr7LsEuv9z7JP,Jazzy Night Time,2.12,Picture Talk,2026-03-06,2026,night
11MPd6YPGSzNQwwdGzUA4e,秘密のページ (Secret Page),3.97,Retro City Pop,2026-03-31,2026,night
6Xz2ynoYgNU0ZHtdUMo1ZH,Late Night Confessions,3.25,"Mikecol, Quentin Alexander, Himuwine",2026-04-09,2026,night
2Nh6iVIJf5boYvMmz3b7mt,For The Night (feat. Larry June & 1100 Himself),4.18,"1 Umbrella, ALLBLACK, 22nd Jim, Lil Bean, Larry June, 1100 Himself",2026-04-10,2026,night
04bTrdD4PrjEBBdwLOhw3B,"Himalayan Temple Night (himalayan temple, night meditation)",4.38,Calm Night Drift,2026-02-24,2026,night
0ZCPX9F3zu90cdFFYzpxOd,"Road To Perdition - From ""Road To Perdition"" Soundtrack",3.93,Thomas Newman,2026-01-28,2026,night
6G3cE4EJFbWlrbSbSfmiW7,"Road To Chicago - From ""Road To Perdition"" Soundtrack",3.11,Thomas Newman,2026-01-28,2026,night
6B0sQY0pXg4ASujZk4CHPS,"Theme - From ""American Beauty""",3.87,"Thomas Newman, Daniil Trifonov",2026-01-28,2026,night
7viFKZu02GQBEHMhqMUl4q,"Marisol - From ""A Man Called Otto"" Soundtrack",0.96,"Thomas Newman, J.A.C. Redford",2026-01-28,2026,night
0NssxMao943q3bYWeH24RO,"Bit Borrowers - From ""Road To Perdition"" Soundtrack",2.42,Thomas Newman,2026-01-28,2026,night
4EE8R9YOr6MrVtHixMk5Br,American Beauty (Arr. For Violin And Orchestra) - From American Beauty,3.06,"Thomas Newman, Daniel Hope, Royal Stockholm Philharmonic Orchestra, Alexander Shelley",2026-01-28,2026,night
1PvROLIwaUW3wWZdvaPRbi,Night Waves,2.58,Himalayan Water Lamp,2026-01-07,2026,night
2JNRvVim19cqW9L98PLfgD,Night Lamp,3.03,Himalayan Water Lamp,2026-01-07,2026,night
2NJMrZJXvcVhIhQnRb1WXz,After The Shooting - From “All The Way” Original Soundtrack,1.95,"James Newton Howard, Pete Anthony, Philharmonia Orchestra",2026-01-28,2026,night
38mL6lTNF2uUYm1wGFK5EY,Good Night Baby,4.36,Daphni,2026-02-06,2026,night
7HPsxBg5r8n7sop49r2Tbf,Day Night,2.53,Big Baby Tape,2026-02-20,2026,night
26612gPzX39pvONArbgiAO,Sweet Night Baby,2.49,Blazer Music,2026-01-07,2026,night
3k2cBrdVJwqB7oKHJNaC6C,Baby for the Night,4.54,Kaylee Lauren,2026-02-20,2026,night
3poVf1wXaqRIGnIBYEJssQ,Peaceful Night Baby Sleep,1.57,Wael's Entertainment,2026-01-18,2026,night
0fMNCOEqIioOXB3JgmtO0Z,Dance All Night Baby,3.77,neo56,2026-03-28,2026,night
0ViyIFtfaTpwb0MQE8xn3q,Quiet Night Baby Sleep,2.8,Wael's Entertainment,2026-01-25,2026,night
0ZBigO58gvhppZnrxcFEB6,LATE NIGHT BABYLON,2.63,"Daphne Malone, Alyssa Jean",2026-04-03,2026,night
55Z6VFakKXkQeDtv4jMWTO,One Night In Bangkok,2.26,Buddah Baby,2026-02-13,2026,night
0hqpHBLkVb2Mm2XiqjStrT,All Night Baby,3.05,DJ TYNA,2026-01-17,2026,night
1rc6YHSfOHo1cpnN45wMmn,Baby Night Comfort,2.25,Blazer Music,2026-01-19,2026,night
6KA9IcKPbWT3f6QQJUKTXq,Baby Calm and Cozy Night,2.13,Wael's Entertainment,2026-01-25,2026,night
0wY3P9UQY2ADlQ8gMdYwGB,Baby Soft Night – Gentle Sleep Lullaby,4.03,Wael's Entertainment,2026-01-01,2026,night
6nv3u7SP4K7O5RyjPiUenm,Baby Lone (prod. by sladerr),2.19,"Umbra, Night404",2026-04-10,2026,night
4v0q638MgzhifPFtvWaU0Y,Baby Sleep Healing – Calm Night Tune,3.07,Wael's Entertainment,2026-01-11,2026,night
6sExsKtY6A2vecawn7Tf8a,Baby It's Cold Outside,4.01,"Willie Nelson, Norah Jones",2026-01-21,2026,night
1erjoSJd4TrSSCXJg62L2M,Nights,3.05,Telescreens,2026-03-17,2026,night
79sGrNaT7FS6Y0Awj33sGG,New Day Knockin - Extended Mix,3.44,Benetti House Bar,2026-03-31,2026,night
3HIweWbm5KvK72J3BaJRRl,The Night Mail (Simon Vuarambon Remix),7.81,"New Jackson, Simon Vuarambon",2026-03-05,2026,night
5gaEdLXqwMxDSpuTXudUOS,New Kind Of Lonely,3.92,Vince Gill,2026-04-10,2026,night
1YFL6GBROJU4uFXRBN8jvs,new beginnings,2.53,Late Night Tones,2026-03-27,2026,night
7uuisfl3OQhIIL7uT9jr65,Light Night Mountains All That,5.97,Ratboys,2026-02-06,2026,night
3Ddse3w7FqG6R1pLxIJ3AR,Nightfall Chanting,1.6,Shaman Voices,2026-01-09,2026,night
3itSoz0GZwH6oyWR7LE6bO,Night Extraction,2.35,The Newton Brothers,2026-04-07,2026,night
4qrp84SxBQ9vKZHd28ojXJ,Night Streets,1.86,Storm 999,2026-03-09,2026,night
4lfqA16ivQUIDvte9xRzbQ,All Night,2.43,NewEra,2026-01-30,2026,night
4uxVUdxRBxRPv3T3qi062C,New Nightmare,4.08,Pulse Engine,2026-03-13,2026,night
7lCrbHI0sq1YpKpew8BJ2h,New York Night,2.13,Rina wangsu,2026-01-02,2026,night
6cADPDBt1OrbqoyrPoF7fw,"Summer Nights (Live at New Haven Veterans Memorial Coliseum, New Haven, CT, 8/27/1986) - 2026 Remaster",6.17,Van Halen,2026-02-03,2026,night
4bwYltxJydKefekbg1vJWe,New york nightlife,3.0,Ridge McKenna,2026-04-10,2026,night
10OJOr0ZUQSck6w9cgspR7,All Night Long,2.59,Gary Dillon,2026-03-06,2026,night
03FQzDsDGZqTSx9RYWM2gj,Mercy in the Night,4.89,New Old Blues,2026-04-10,2026,night
1LpeeHxUuusizynAr1O4CE,"New Vienna, Part VII - Live",8.24,Keith Jarrett,2026-03-20,2026,night
1ODo2YmvDNCw6vmffiP6Sc,THE BLOCK // 0:00AM,3.77,Mokado,2026-01-16,2026,night
6t4fxTroRG77umRMgEo6KL,"New Vienna, Part II - Live",6.12,Keith Jarrett,2026-03-20,2026,night
0MaFqInLmvkkRi84iH0rwF,Older (But it hits hard),3.2,"Eiden XII, Seraphina Rossi",2026-01-09,2026,night
5luotwOEVcB7Demvk1qXjJ,Nightmares van Mogadishu,2.33,De Nachtwacht,2026-01-08,2026,night
1hBQyL0SvTPfYgePhERqIa,Night Finds Warmth,4.79,"Jason Darryl, Helios Relaxing Space",2026-04-10,2026,night
3HeWXksjTdHMkrua5QI6hR,Feest Voorbij - Titelsong van de film Champagne,3.01,"Leo Alkemade, JW Roy",2026-01-28,2026,night
6Qpb9EH1lEOOkmJ2wsngys,Don't Wait Too Long,5.24,Paul Carrack,2026-03-27,2026,night
4FXWbReW5MxxiD8mPdgy2P,Eyes of Blue,3.81,Paul Carrack,2026-03-27,2026,night
7eSonZVLMYzVIuultD3lUr,Satisfy My Soul,3.99,Paul Carrack,2026-03-27,2026,night
6P9vT6ftTzQ57mZoDKfmxY,Over My Shoulder - With SWR Big Band & Strings,4.25,Paul Carrack,2026-03-27,2026,night
7FaEt9ymyA21VQuBdcmiA0,Nightflight,2.08,Atmoman,2026-03-20,2026,night
0nTsbNDmFiyDSi5TYsmmMw,Old MidNight,5.0,neo56,2026-03-24,2026,night
1NQYxJSgMvzG3jp6g55b6t,Warm on a Cold Night (10 Years),5.3,HONNE,2026-02-06,2026,night
1Xs9EKJphBQVqZIA3UYbU4,Lonely Night in London Town,4.04,Reuben Larkin,2026-02-18,2026,night
1gwBV363nBh1yzIHlXZFqj,The Night We Fell Apart,2.0,Lucian Saint James,2026-01-15,2026,night
5IH3uaikvQ2AQ6rffu0ifb,The Night We Met,2.97,Alex Rv Phillips,2026-02-20,2026,night
1AHS2beh39bwth803YTiRh,Warm on a Cold Night (10 Years),5.3,HONNE,2026-04-03,2026,night
318762O3mLPan1ECjzbxpI,One Night In Monte Carlo,3.09,Tommy Dorsey,2026-04-06,2026,night
7sw3fdt2kQEOYiNuSzG935,The Night That Goldman Spoke at Union Square,2.7,"Ben Levi Ross, Shaina Taub, 'Ragtime' 2025 Broadway Cast",2026-01-09,2026,night
6WdTre82vn8sJHW1ilpNyC,The Night We Never Said Goodbye,4.42,Sound Of Moc,2026-02-27,2026,night
3YBKTsK7SOxBqkLKHoSORh,Lost on You,4.08,LOVEIN,2026-03-27,2026,night
1CrWxWAYtGqF0SsiDADE8l,Lost In Dancing,3.43,Neascape,2026-01-16,2026,night
4W3FGlQkuYEkSu9euDtEJI,lost my grace @ the office.,3.75,Ashen Nightlife,2026-03-24,2026,night
7srEoVp243Doz8rTkLmjVn,Lost Myself,3.25,Crimson Vale,2026-03-27,2026,night
3Ff6aB2m7gflrsuzTtKYs7,Lost Light,3.55,"Afterift, Nightflyer",2026-03-05,2026,night
5oTY8mmJ3ecJvxxsS3nqyN,Long Lost Brothers,2.42,H:dn,2026-04-03,2026,night
0lZBzRJuYMzxUQWgfAXfH7,Lost In The Night,2.99,Bouras,2026-04-03,2026,night
24m0yrNXeKnxSlGDGkejqu,Every Night,3.1,Florida Georgia Line,2026-04-03,2026,night
1VU91ajNEkMIoIjMJrtWdi,"All Night, Alright",3.53,"Cory Wong, Taylor Hanson",2026-02-03,2026,night
7Gv5R8i99u6fwM5Q4RVNs2,Nightshine,3.14,Flatland Cavalry,2026-03-27,2026,night
74nsBsa1IcSwtMsUgzCU37,Lost in the night,3.44,"Miami Nights, Brent LeVasseur, Will Hetho",2026-01-30,2026,night
3X144LXVaBMf6iuymImF81,Nightlife,2.21,Josh Soft,2026-03-20,2026,night
5kXl3zSfTMIv1ohWapUxGK,Lost Project,6.43,"Qrion, Spencer Brown",2026-02-27,2026,night
1Jh9Vcp4Eomd9QR0dT7kCL,Night Rider,2.64,"browse Tito, lost tapes",2026-03-06,2026,night
3RJ3godONza6qOWTJWy917,Night Rush,3.34,XIXI,2026-03-27,2026,night
124ZOIKW9PccggDzxSpqYF,Lost in Nights,5.45,HamaSaari,2026-01-23,2026,night
3aiTT5NgADf5wKaqka1NUc,Nightfall Secrets,3.78,BVROS,2026-04-01,2026,night
7AzeL0kXNysWyGTT5yc19R,Lost Dreams,1.83,Safe Mode,2026-01-07,2026,night
3XHa59kee7IoenMET0rCFr,"A Nightmare to Remember - Live in Tokyo, 2010",15.77,Dream Theater,2026-03-13,2026,night
2celyBQXUUlkh1PaDMXJVx,Gentle Nightfall,2.72,Lost Lumina,2026-01-02,2026,night
1eGJxyyyQn4s8NVLLtkNkm,Free,3.94,"SLANDER, NGHTMRE, ZOHARA",2026-01-30,2026,night
3jTz6oCFr8z24gMmry2Gue,Night Glacier,2.48,4Lyf,2026-03-26,2026,night
4ZBvx5iYQ8ZmQ4uKjH8yta,FREE,3.47,AVOYYD,2026-01-09,2026,night
0FXhHgH9PInxZLGS05jbyR,Nightline,3.46,"Saults, The Free Label",2026-03-06,2026,night
6OxGjvkdJiWOceBcvKyGzb,Late Night Freestyle,2.62,LEGGO,2026-01-04,2026,night
7ITeo2r9IGAE6D1OPwIhGu,Nightwatch,10.85,"Dekel, Freedom Fighters",2026-01-22,2026,night
3EM5k86t77rq9AlTRVwlqc,Freedom Of The Night,3.21,Sophie Ellis-Bextor,2026-01-30,2026,night
3cOr8KcFqoLehMCL0f1FOv,freedom of the soul,2.05,linanthem,2026-04-03,2026,night
0XS4YqW3DASceAeOCE07a4,Night Shift (Based on True Events),3.83,"Ferris Blusa, Swab",2026-03-27,2026,night
4cBSS7eGM1SOif5gLC2sAQ,Fold,2.51,"Freeza Chin, MoreNight, Manga Saint Hilare",2026-03-27,2026,night
2CHZ0FcivKxDfW0TBfw6ng,For The Night,4.36,Mitch Freeman,2026-01-23,2026,night
3NSSChnqQ0Y0QNVHoj8bMg,Night Freedom,3.33,ishoom,2026-03-13,2026,night
7noQNoiAkwOTOb181xTjeL,Break Free,5.78,Gentle Nights,2026-02-27,2026,night
24oALwsn6pmwoOUfOGYTui,Freezing Waltz of the Night,16.64,JohnMcLane,2026-01-17,2026,night
3ZXRkXbLHNh0WxH4Pebesm,One More Night,3.05,"Kazan, Dirty Workz",2026-01-21,2026,night
7uaBPSGW8Xn9DCzEVAJUES,In The Dance,2.84,"Manga Saint Hilare, MoreNight, Freeza Chin",2026-03-05,2026,night
6bvjEBpJaKJMNCbCXXub4d,Saturday Night Special,5.19,Lynyrd Skynyrd,2026-02-27,2026,night
0PhcjaZKt3bNtel9JjS1dQ,Playboy Bunny Freestyle,2.24,goth girl,2026-01-28,2026,night
5D6T7njy2hDx4vpL6uGPyW,Free as Late Night Air,3.1,Trailhead Quartet,2026-02-18,2026,night
4wmZT1b8slav0u3aUGjeih,Don't Leave Me Now - Nightcore,3.24,"Sinnon Nightcore, Nightcore High, Rebeating Sounds",2026-02-13,2026,night
6qtCwphNztNkucJ5AnFAGC,Now You're Gone,2.4,"Juvi Sky, Nightcore",2026-02-13,2026,night
1pjOlb87J1BTF6C7i7voUG,Eternal Now,2.83,Night Caravan,2026-02-26,2026,night
7HHt1ScdGkgRx3dUWv6eDS,night residue,1.72,Chill Queen,2026-01-09,2026,night
0vMfZ6UnSDdIGErxU27w87,LATE NIGHTS,2.71,ANDRW FLAMEZ,2026-03-27,2026,night
7bgkU29YzBNhokG9ezUYEd,Now You Know,2.67,Angel Salazar,2026-03-27,2026,night
20L8bGV0NAEx0w1tBgW6ZQ,Long Gone Now - Alt Version,3.74,David Gray,2026-03-27,2026,night
6Iko4vzXdwmBwSmUA7vrFL,Where Will My Heart Go Now,3.54,Vince Gill,2026-04-10,2026,night
40jSeUbQDaRIawnW8kFiTN,Night Now,3.38,Hu3ligan,2026-04-09,2026,night
1oCmU95FvNrVPCvwL8QOR5,Now or Never,4.18,Widows of the Night,2026-03-15,2026,night
1VSZJb6wCf6DkbWLZ908eL,these nights,2.18,nowt,2026-03-06,2026,night
1xPD1IuQVHhfllt91UUqRU,night feeling,2.76,nowt,2026-03-07,2026,night
3VlEoVNZeWo5DEwmLc2k72,Slow Night,1.89,Tomasz Bednarczyk,2026-01-30,2026,night
0WywqYO698OvDounWt8sT8,Night Owl’s Wisdom,1.01,Nowpeace,2026-04-01,2026,night
2pGAmyjPwhUHMNKDYmZIh9,Right Now Sax,1.38,Café Rio,2026-04-07,2026,night
4TZHyIHIssjOWmVn5w3Yco,"All Day, All Night (ASOT 1266)",3.25,RIVER,2026-03-04,2026,night
4aDf23EsaPYQQup8zpEWws,We Own The Night Now,4.91,Saint Reyne,2026-01-14,2026,night
02ASHyALNK1tPH4m4QEy7s,Cleveland Nightfall,6.32,Soul Trance Music,2026-04-08,2026,night
4TM8Iw6FQcLcLHRoxiWOzt,Gone - Original,3.43,"Night Stims, Giovanni Stradivari",2026-02-06,2026,night
50qCGs8tH1NYnqsc7XnpW2,Gone Is Yesterday,5.93,The Nightswimmers,2026-01-16,2026,night
4pzyjGGbJcRc3xhV8OxduV,Days Gone By,2.51,Farlight,2026-01-02,2026,night
4bk3XB5IJsNgPJNcz7x9Kn,Slo-Mo (Heart Is Gone),2.7,Why U So,2026-03-13,2026,night
5boV7Djf2kyIUZ4Po3xPLx,When I'm Gone,2.72,so.tired,2026-01-30,2026,night
6eon8iMselEupWzsSyylYY,The Night I Knew You Were Gone,1.69,LRN Slime,2026-03-27,2026,night
6uVMSPz8xBmX7lCh5IlcC8,The night has gone away,2.52,AFRO HOUSE VIBES,2026-02-16,2026,night
4BZvvJvI8sQQok2Buu5o7B,The night has gone away PART 2,2.27,AFRO HOUSE VIBES,2026-02-16,2026,night
6z50oXAbljtQMPi3hmPuVY,The Night Kept Your EC,4.54,Velvet Smoke,2026-04-03,2026,night
1XppchnNJ5SlWoV3uhzNg7,Platinum Nights,2.83,LOX V,2026-03-31,2026,night
2CDUCHr1ilkCG6CvhptJzt,until it's gone,2.24,"ambifi., herenow",2026-01-19,2026,night
06v5GlryGg8t4ouZR5TDaC,Back To Me (Nightcore),2.67,"Nightcore To The Moon, Nightcore, Cover Me Maybe, OUTSHADES, JB RICKY, Destiny Hooks, RITIX",2026-03-23,2026,night
396xc2XLsN4WvMd0Iw2rJs,Coming Back Home,3.49,Late Night Thoughts,2026-04-10,2026,night
48sanB8lL1ljbxnXnBaJm5,Nightmare,2.96,"The Dispatcher, Increazer",2026-03-12,2026,night
2gmAdoe9YrVqzUh6EPTSda,Take Me Back,3.09,Tad Forl,2026-03-20,2026,night
1YLbzleE7EpUCbcI2HxAY7,Back to Those Nights,3.87,"Chris Wink, Gangjaah, Kelly Ingleway",2026-02-22,2026,night
2QE3MjPMP5uKo1FP16ATgm,Back To Pangea Pt. II (Jazzapella Version) - mixed,4.68,Freddy da Stupid,2026-03-06,2026,night
5AbjzpcRfANrX6fwuQMIpW,Nights of Al Qamar,2.15,Zahra al Sahara,2026-02-27,2026,night
1qSxRlA987lDPLLdwixNeZ,Night Stillness,2.06,Anura Bansuri,2026-03-29,2026,night
7eh3MBtcmR9Nxn85apoZPs,BACKSEAT,2.02,Night Trip,2026-02-25,2026,night
4pjeboDxD82YGRK8CX9bFb,The Long Night of the North,2.38,Skaldream,2026-01-30,2026,night
39mIwDZIkVDuLYXK2GsCJz,Back To Friends,1.83,What If This Song,2026-01-26,2026,night
43IDDblwF5gsfUhQJgeurH,Night Ride Money,2.63,chamoafricastyle,2026-01-22,2026,night
17R52KsXeUMvKLyXQ1zIUN,Back To Pangea Pt. II - Jazzapella Version,6.79,Freddy da Stupid,2026-03-06,2026,night
01XV9RtSmLIoERz6TCbuXd,Hold Back the Night,6.72,The Protomen,2026-01-09,2026,night
5nMugeQVtAZX9U9APyLniA,Back To Back We Stand,5.16,Wicked Smile,2026-02-06,2026,night
6nhQSj44QW8hGjDT5YbPYV,Backseat Therapy,3.41,Solae,2026-04-01,2026,night
7HmN4s7WWlTVugP7qnxSTB,Night Falls,3.12,Daniel Deluxe,2026-04-08,2026,night
1aOOMsWo9MNNpeGz5YD6cy,Nightfall,3.82,Chris and Thomas,2026-01-30,2026,night
4Qvjh8vjDNid7tkyIX4bgr,The Night Feels Gentle Again,2.18,Vincent Howard,2026-02-10,2026,night
0I5kavrL6aUxqMVYdtrReQ,Late at Night,3.43,"Mind Against, HUMAN404, Anakim",2026-03-12,2026,night
1Zfi7SbPPQIjbmllT98cGG,To Feel You Again (Nightcore),2.45,"Nightcore, JYOTIN, Tcat, Becky Harris",2026-03-27,2026,night
19BP0IBEG3MWjtb4p6Vzmx,nightdrives (searching for peace),2.57,Down South Again,2026-03-20,2026,night
24uMu5yQg2n9anFTH9ngbB,Nightmare - Burr Oak Remix,4.23,"TR Tactics, Burr Oak",2026-01-23,2026,night
4NKY6mvFObHSbgvdf38Sug,Hold the Night Again,3.29,RetroCop 1980,2026-01-28,2026,night
29i9BNc6ai5HPtzHtHnYfJ,Again into the Night,6.36,Marianas Rest,2026-01-16,2026,night
1WV6U2j7wErc7c1H4INFwM,Say It Again,2.98,Ali Bakgor,2026-02-13,2026,night
6p5pBv2w7eVKBSlo6jQNz9,Never Again,2.42,Nightcore High,2026-03-13,2026,night
6GexLmoblhLyKf3ytnXQ2I,Night Again,2.33,Jetsweep30,2026-04-08,2026,night
1YHrLt6GlqlpzMJZPGuCbL,Against the Centuries,4.3,Widows of the Night,2026-03-15,2026,night
7Ev7GvLBh8WTTFBIBn6IYg,Do It Again,3.28,"Ramundo, Lonely Night",2026-01-16,2026,night
4fWWuryixCB7ZCUZUB1Yh7,Another Rainy Night in Georgia,6.82,Mark Hudson,2026-01-09,2026,night
6unK09r7Pqw8qVipozmLXs,over and over again,1.37,Hinoku,2026-04-03,2026,night
68EX6cJBPm3icBtue4YvpR,Driving through a dark night again,4.57,Sjaak van Burken,2026-02-19,2026,night
22C3nibVEVGZPmaPjkNX5n,I'd Do It All over Again,3.42,Henry Clarke,2026-01-09,2026,night
4qsM7b9K3jyUdaRSEqBtyM,Against The Grain - Audio Remix,4.26,"TR Tactics, Audio",2026-01-23,2026,night
4EzDlxjysw9nKDIypvLV95,Never Back Again,2.57,"Lonely Night, Nody, Ellou",2026-04-03,2026,night
042dXC8BTudy3ZBAwNpI73,Nights Are Forever Without You,3.5,"Dan Seals, Sara Evans, England Dan & John Ford Coley",2026-04-10,2026,night
5MWWCOKcuyBivFTnyY8gYa,Nights Are Forever Without You,3.5,"Dan Seals, Sara Evans, England Dan & John Ford Coley",2026-01-16,2026,night
1bWmbyhXvOqwFjgkDiEAm2,forever factory,1.8,oftentimes,2026-03-13,2026,night
53troetHlHrpyjD6jw9eCG,NIGHT HOLDS US,3.57,ANONFX,2026-02-09,2026,night
6cNNpveli3fJAKvIMCb4aw,Forever Young,1.85,Ludo Legato,2026-02-09,2026,night
4ktymXdjW9WS94ipD4mydL,Those Nights,2.83,"jxsn, amies",2026-01-12,2026,night
6ZM2GAGVvDUPezdRnr6wpZ,Forever Elsewhere,3.55,Weird Nightmare,2026-04-02,2026,night
29xeQCd5ifvYUg8rais5iQ,Forever Yours,2.41,Tommy Twinkle,2026-01-16,2026,night
1XkJ4wtsT1xqbY6zErROJy,Nightmare Customer,2.24,Ryan Seeley,2026-01-21,2026,night
73dv6GOTMbQlzDMJxyX1rE,Forever Yours,4.41,Cassette Nights,2026-03-11,2026,night
1zRtB3ujTLa2S2SLW0f9Lh,Holy Forever,2.67,"The Lofi Christian, fire by night",2026-02-27,2026,night
4XiTcamhoByO8BmJBZ3D30,Nights Are Forever Without You,3.5,"Dan Seals, Sara Evans, England Dan & John Ford Coley",2026-02-13,2026,night
0wVnxciUKwOfOZtTusDNfb,Forever Elsewhere,3.55,Weird Nightmare,2026-02-03,2026,night
15PKMTdJsNoj6F8T52gfct,can we kiss forever?,1.49,Hinoku,2026-04-03,2026,night
3wPtFuZhgVxQbaavWpEsT6,can we kiss forever? (slowed+reverb),1.69,Hinoku,2026-04-03,2026,night
02vyFws8BpAVmPb9UicMUs,can we kiss forever? (super slowed),1.9,Hinoku,2026-04-03,2026,night
2CbIR5Nsj3sD7UygZbzHbX,can we kiss forever? (sped up),1.23,Hinoku,2026-04-03,2026,night
3lx2aUcc86TtWiqAN0I89p,Forever My Dear,2.0,Tommy Twinkle,2026-01-16,2026,night
0ruMUnOaW0vLJCxzwnJXoD,Forevermore,6.13,"Lazer Club, Sleepless-Nights",2026-02-04,2026,night
4ZGDpeZo1NmE5ADQdWe1VT,Date Night Tonight,4.74,50mething,2026-03-19,2026,night
3jFYhJLG1LlZr8DnBHIMJC,Stay Tonight,2.72,"Sola Okoro, Sanyu Beats, Afro King",2026-01-09,2026,night
3Y9f7Jfu8okWSAm9aYgQJG,Rise Up Tonight,2.23,Chris Ocean,2026-01-16,2026,night
1PVwjOMLPWI732iQnlm8WD,In the Air Tonight,3.44,"Banda Do Sul, Sarah Menescal",2026-01-02,2026,night
5STmOuudMIMNva5HczRHOg,Brightest One Tonight,3.8,Let Babylon Burn,2026-01-15,2026,night
5QuuG0yjTcYfW3AcLOpa3y,Tonight's The Night,7.71,Jack Wostear,2026-02-16,2026,night
046lnIR7pBCnfWnxsab9Qa,Jukebox Plays Tonight,2.39,Johnny Vale & The Nightliners,2026-01-15,2026,night
0OKEy0mtu8CZrifX4T161Z,Maybe Tonight's the Night,3.02,"Steve Rice Combo, Perry Danos",2026-03-01,2026,night
03suQXC0cwMfEJAMBUkWoE,TONIGHT-restart from this night- (Full Spec Edition),4.67,"桐生一馬(黒田崇矢), SEGA GAME MUSIC, SEGA SOUND TEAM",2026-02-12,2026,night
6Tko9q09UZpiZtTwQfBFR8,Run Away Tonight,2.12,Café Rio,2026-04-07,2026,night
27MuDDLMvApd85ggY7Wz2C,PULL UP TONIGHT - Sped Up,1.82,Josh Santos,2026-01-13,2026,night
1cdeqgfTFsD1VYGgJuooD1,Tonight We Dance,3.37,Auxterix,2026-04-07,2026,night
5D4uAQUmO0kvtr9w81Zn81,PULL UP TONIGHT,2.04,Josh Santos,2026-01-13,2026,night
09qGRyPu4gaGM07JbA9YrO,Margarita Tonight,4.49,Benetti House Bar,2026-03-24,2026,night
5nL2D2TdC7vFlnJLs3suDp,Letting It Go Tonight,3.15,"Navi Fox, Jaki",2026-01-09,2026,night
6mMKX8GoRdEY20wXKh2f0T,Tonight's the Night,5.31,Smoma,2026-02-06,2026,night
60L5KSLonQm2LmZQW9j5bb,Tonight's Soft Draft,2.46,Blue Window Trio,2026-03-31,2026,night
6FGjqGGo985W1NYNqTPrfV,Need You Tonight,2.93,GoldCry,2026-01-09,2026,night
4BPLKorK1w8yXR7AS4Do2l,Dream Dream Dream,2.2,NightRec,2026-03-20,2026,night
2EU5PmkX9pyLygHBDQyYDx,Fever Dream,3.5,"Nightcraft, Strixter, ÆLINN",2026-02-27,2026,night
4rS4MqX4WuSLUvNerUUtOq,Dreaming,2.37,"TRFN, Natassa Tsonis",2026-02-20,2026,night
3dv89aSYxSv69RI7MXDaNm,Nebula Night,3.17,Calmly,2026-03-06,2026,night
6Wxi48e49mMbL4HK0QlAlT,Dreamweaver,2.73,"Beach Mode, bayme",2026-02-27,2026,night
33B858AjPz1xYRVnpqQ0sK,Soft Night Dreams Baby,3.05,Wael's Entertainment,2026-01-11,2026,night
6euGEzdVPIxa3TbmJvSgy8,Insomnia,2.88,Ancestral Spirit Guide,2026-02-27,2026,night
5foOR7yG8p1fYgZ3Z53wTw,Dream Horizon,1.06,Sleep With Me,2026-02-26,2026,night
5NNIR7FQvvPgo6WC1mRNtT,Nighttime Soothing for Dogs,1.06,Snoozing Dog Collective,2026-03-06,2026,night
3m9Ou51KTymhMbv8a1k0NH,Night Dream,1.44,VOLTAGE DRIFT,2026-02-02,2026,night
6a55j1mMZtzeoR1p4PhZk4,Soft Night Dreams Baby Sleep,2.66,Wael's Melody Sleep,2026-01-07,2026,night
3KF4bxg89ejUjbgMgcqgl7,Frozen Night Dreams - Lullaby Song,3.3,Lumen 00,2026-02-01,2026,night
4J2Y2wxY4H9d7aZmNWZWFI,Gentle Night Dreams Baby,3.96,Wael's Melody Kids,2026-01-19,2026,night
0CCNANHqotN2L7nQ7Eq2w7,Rainbow Night Dreams - Lullaby Song,1.39,Nexo Official,2026-01-13,2026,night
5NRVsMGHkiWAxTTnlhAeTH,Lucky Night Dreams - Lullaby Song,2.17,Shadow Official,2026-01-13,2026,night
30sRDFealdWa48NTJ9ZH4K,Soft Night Dreams of Calm,2.23,Wael's Melody Sleep,2026-01-18,2026,night
6JFOfzE8PUOrC5lB6q8RuR,Blooming Night Dreams - Lullaby Song,2.37,Nexo Official,2026-01-13,2026,night
7rxFJlabHHxUViEZ3S9lP5,Fluttering Night Dreams - Lullaby Song,2.49,Shadow Official,2026-02-01,2026,night
2xlJg0NslB4c1xwAzR3z7S,Eternal Night Dreams - Lullaby Song,2.13,Nexo Official,2026-02-01,2026,night
78o2oKBwgsgowHQl4uF7y4,heart,1.93,Roman Müller,2026-04-10,2026,night
0lpPtFZzEnOizngyNRXuZn,Nightingale (From The Bardic Hearth Audio Drama),3.05,"Chase Noseworthy, Karenna Foley",2026-03-31,2026,night
2bFn2KpjuNdTDkHgiwMXhk,No Heart,2.56,Kromow,2026-02-26,2026,night
7ySrytPF6Z7m7yl119CU1h,Heartcheck & Relaxing Whispers,5.62,The White Rabbit ASMR,2026-01-09,2026,night
634OJpNMtCKKQzx7ZctHpf,Heart Beats,2.18,DJ. Jackpot,2026-01-26,2026,night
5DKpuzefaZK8XuEeilTwza,Tender Nights for Anxious Dogs,1.04,Relaxing Dog Club,2026-03-27,2026,night
1KnBcws65ojuFGqc500do6,Move Your Heart - Acoustic,10.0,"UPPERROOM, Joel Figueroa, Elyssa Figueroa",2026-02-06,2026,night
3tbGxK3Yv0k0y98UFiHarR,Heavy Hearts,3.11,"Nightfreaks, Phil C",2026-01-19,2026,night
5lU566H6jLqHFGyVzXGdZX,The Heart Of The Night,3.47,Seguedas,2026-03-17,2026,night
3reImopbWF4ZipVGQuHda7,Heartbeats in the Night Sky,2.18,Valentina Cabrera,2026-03-27,2026,night
71XYDq8hlXq0k7iotIBTSY,Heartbeat,1.88,Federico Jusid,2026-02-06,2026,night
6ScJY7H3BzifpRED31I02B,Nightmare,2.41,Stillwarm,2026-02-04,2026,night
6vsLT39VFH6hvvBylOP8lz,"Steady Steps, Steady Heart",3.75,Benetti House Bar,2026-03-31,2026,night
1mr2iHyJ1DPgrzVVCBgVWU,Open Hands Open Heart,4.36,Benetti House Bar,2026-03-31,2026,night
3pJrDQFaygvaYrh0scdGM7,Hold My Heart - Extended Mix,3.42,"Nofsky, Chloe, Sydni Alexander",2026-03-27,2026,night
